order_id,user_id,date,region,city,platform,traffic_source,category,product_name,price,quantity,discount,payment_method,delivery_days,is_returned,rating,revenue
50001,1518,2024-01-01,Saratov Oblast,Saratov,App,Email,electronics,Wireless Headphones,97.63,3,0,Card,3,0,4.7,292.89
50002,1782,2024-01-02,Primorsky Krai,Vladivostok,App,Paid Search,home,Bed Linen Set,56.51,2,0,SBP,4,0,4.6,113.02
50003,1850,2024-01-03,Krasnodar Krai,Krasnodar,App,Social,electronics,Laptop Lenovo IdeaPad,772.97,2,10,SBP,4,0,4.5,1545.94
50004,1167,2024-01-04,Khabarovsk Krai,Khabarovsk,App,Email,home,Coffee Machine,180.98,2,18,SBP,4,0,4.7,361.96
50005,1656,2024-01-05,Bashkortostan,Ufa,Web,Marketplace,home,Desk Lamp,43.58,1,12,Cash,3,0,4.8,43.58
50006,1512,2024-01-06,Volgograd Oblast,Volgograd,App,Direct,sports,Bicycle Helmet,55.4,1,20,Credit,2,0,4.5,55.4
50007,1142,2024-01-07,Altai Krai,Barnaul,App,Email,auto,Motor Oil,33.32,1,10,Credit,4,0,4.4,33.32
50008,1012,2024-01-08,Tatarstan,Kazan,App,Email,kids,Lego Set,103.46,1,5,Card,4,0,4.5,103.46
50009,1183,2024-01-09,Volgograd Oblast,Volgograd,Web,Social,auto,Dash Camera,75.76,1,20,Card,4,0,4.4,75.76
50010,1827,2024-01-10,Kemerovo Oblast,Kemerovo,App,Email,clothes,Zara Jacket,121.08,1,0,SBP,4,0,4.6,121.08
50011,1541,2024-01-11,Novosibirsk Oblast,Novosibirsk,App,Organic Search,electronics,Laptop Lenovo IdeaPad,837.17,1,0,Credit,2,0,4.2,837.17
50012,1603,2024-01-12,Sverdlovsk Oblast,Yekaterinburg,Web,Organic Search,auto,Phone Holder,28.05,1,10,Cash,3,0,4.8,28.05
50013,1136,2024-01-13,Khabarovsk Krai,Khabarovsk,Web,Direct,home,Coffee Machine,144.84,2,0,Credit,5,0,4.7,289.68
50014,1063,2024-01-14,Novosibirsk Oblast,Novosibirsk,App,Direct,kids,Toy Car,26.32,1,18,Credit,4,0,4.6,26.32
50015,1564,2024-01-15,Yaroslavl Oblast,Yaroslavl,App,Email,sports,Bicycle Helmet,51.63,1,7,Card,3,0,4.6,51.63
50016,1272,2024-01-16,Saint Petersburg,Saint Petersburg,Mobile,Email,clothes,Basic T-Shirt,25.45,1,7,Credit,3,0,4.7,25.45
50017,1544,2024-01-17,Nizhny Novgorod Oblast,Nizhny Novgorod,App,Social,sports,Dumbbells Set,124.34,1,5,Cash,3,0,4.7,124.34
50018,1635,2024-01-18,Saint Petersburg,Saint Petersburg,Web,Direct,auto,Car Vacuum,64.73,1,0,Card,2,0,4.5,64.73
50019,1075,2024-01-19,Voronezh Oblast,Voronezh,Mobile,Email,clothes,Adidas Sneakers,120.86,1,0,Card,2,0,4.5,120.86
50020,1557,2024-01-20,Omsk Oblast,Omsk,App,Email,clothes,Basic T-Shirt,24.16,1,0,SBP,3,0,4.8,24.16
50021,1279,2024-01-21,Krasnoyarsk Krai,Krasnoyarsk,Web,Paid Search,auto,Car Vacuum,50.98,3,0,SBP,4,0,4.6,152.94
50022,1046,2024-01-22,Krasnoyarsk Krai,Krasnoyarsk,App,Marketplace,home,Desk Lamp,48.5,1,20,Card,5,0,4.5,48.5
50023,1379,2024-01-23,Perm Krai,Perm,App,Organic Search,kids,Board Game,30.65,1,0,Cash,5,0,4.1,30.65
50024,1636,2024-01-24,Voronezh Oblast,Voronezh,App,Direct,electronics,Wireless Headphones,105.8,1,0,Cash,3,0,4.2,105.8
50025,1274,2024-01-25,Stavropol Krai,Stavropol,Mobile,Email,auto,Phone Holder,39.87,1,20,Cash,4,0,4.1,39.87
50026,1198,2024-01-26,Orenburg Oblast,Orenburg,Mobile,Organic Search,clothes,Winter Hoodie,53.2,1,5,Credit,4,1,3.6,53.2
50027,1268,2024-01-27,Perm Krai,Perm,Mobile,Social,home,Coffee Machine,140.96,2,15,Cash,3,0,4.7,281.92
50028,1261,2024-01-28,Khabarovsk Krai,Khabarovsk,App,Paid Search,auto,Dash Camera,97.14,1,10,Card,4,0,4.5,97.14
50029,1683,2024-01-29,Kaliningrad Oblast,Kaliningrad,App,Direct,sports,Yoga Mat,43.92,1,12,Credit,5,0,4.7,43.92
50030,1001,2024-01-30,Perm Krai,Perm,Web,Email,sports,Running Shoes,110.54,2,20,SBP,3,0,4.5,221.08
50031,1680,2024-01-31,Nizhny Novgorod Oblast,Nizhny Novgorod,App,Organic Search,home,Desk Lamp,44.97,2,20,SBP,2,0,4.3,89.94
50032,1645,2024-02-01,Tatarstan,Kazan,Web,Email,books,Business Book,34.28,1,25,Cash,1,0,4.4,34.28
50033,1531,2024-02-02,Kaliningrad Oblast,Kaliningrad,App,Email,clothes,Winter Hoodie,123.6,2,0,Credit,3,0,4.7,247.2
50034,1517,2024-02-03,Saint Petersburg,Saint Petersburg,App,Organic Search,beauty,Face Serum,46.0,1,20,Credit,3,0,4.5,46.0
50035,1245,2024-02-04,Tomsk Oblast,Tomsk,Mobile,Marketplace,auto,Motor Oil,45.55,2,15,SBP,3,0,5.0,91.1
50036,1418,2024-02-05,Omsk Oblast,Omsk,App,Social,electronics,Wireless Headphones,81.59,1,3,SBP,3,1,3.6,81.59
50037,1361,2024-02-06,Primorsky Krai,Vladivostok,App,Organic Search,beauty,Face Serum,38.87,3,0,SBP,5,0,4.2,116.61
50038,1696,2024-02-07,Udmurtia,Izhevsk,Web,Marketplace,sports,Dumbbells Set,80.28,1,3,Credit,3,0,4.7,80.28
50039,1187,2024-02-08,Yaroslavl Oblast,Yaroslavl,Mobile,Paid Search,electronics,Smart Watch,158.74,1,12,Card,3,0,4.8,158.74
50040,1553,2024-02-09,Samara Oblast,Samara,App,Social,sports,Yoga Mat,37.98,2,15,Card,3,1,4.0,75.96
50041,1224,2024-02-10,Bashkortostan,Ufa,Web,Marketplace,home,Coffee Machine,170.8,2,10,Credit,3,1,4.1,341.6
50042,1590,2024-02-11,Kaliningrad Oblast,Kaliningrad,App,Paid Search,home,Desk Lamp,54.53,2,0,Credit,3,0,4.9,109.06
50043,1580,2024-02-12,Tyumen Oblast,Tyumen,App,Marketplace,auto,Phone Holder,27.0,2,5,Card,2,0,4.3,54.0
50044,1725,2024-02-13,Bashkortostan,Ufa,App,Marketplace,beauty,Hair Dryer,65.89,2,0,Cash,4,0,4.4,131.78
50045,1286,2024-02-14,Voronezh Oblast,Voronezh,Web,Paid Search,home,Desk Lamp,44.74,2,10,Credit,2,0,4.8,89.48
50046,1283,2024-02-15,Novosibirsk Oblast,Novosibirsk,App,Organic Search,kids,Toy Car,28.26,1,15,Card,2,0,5.0,28.26
50047,1227,2024-02-16,Irkutsk Oblast,Irkutsk,App,Organic Search,auto,Car Vacuum,54.13,2,10,Credit,2,1,3.9,108.26
50048,1739,2024-02-17,Kaliningrad Oblast,Kaliningrad,App,Paid Search,home,Desk Lamp,42.93,1,5,Cash,3,0,4.7,42.93
50049,1233,2024-02-18,Perm Krai,Perm,App,Marketplace,electronics,Smartphone Samsung,413.64,1,10,SBP,3,0,4.7,413.64
50050,1481,2024-02-19,Rostov Oblast,Rostov-on-Don,App,Direct,home,Vacuum Cleaner,212.17,1,18,Credit,1,0,4.7,212.17
50051,1312,2024-02-20,Omsk Oblast,Omsk,App,Organic Search,sports,Bicycle Helmet,40.62,1,10,Card,3,0,4.5,40.62
50052,1636,2024-02-21,Novosibirsk Oblast,Novosibirsk,Web,Paid Search,electronics,Smart Watch,146.37,1,7,Card,5,0,3.9,146.37
50053,1706,2024-02-22,Krasnoyarsk Krai,Krasnoyarsk,Mobile,Email,auto,Car Vacuum,58.36,1,3,Credit,3,0,4.6,58.36
50054,1203,2024-02-23,Nizhny Novgorod Oblast,Nizhny Novgorod,Web,Marketplace,electronics,Wireless Headphones,108.83,1,5,Credit,3,0,4.4,108.83
50055,1706,2024-02-24,Krasnodar Krai,Krasnodar,Mobile,Email,beauty,Perfume,89.25,1,15,SBP,2,0,4.6,89.25
50056,1691,2024-02-25,Kaliningrad Oblast,Kaliningrad,App,Organic Search,sports,Running Shoes,125.56,3,15,Card,3,0,4.6,376.68
50057,1094,2024-02-26,Udmurtia,Izhevsk,Web,Email,clothes,Adidas Sneakers,108.07,3,3,Credit,2,0,4.5,324.21
50058,1323,2024-02-27,Bashkortostan,Ufa,Web,Email,sports,Running Shoes,107.45,1,20,SBP,3,0,4.4,107.45
50059,1779,2024-02-28,Perm Krai,Perm,Mobile,Direct,electronics,Smart Watch,164.87,1,3,Card,2,0,4.9,164.87
50060,1015,2024-02-29,Sverdlovsk Oblast,Yekaterinburg,Mobile,Organic Search,home,Vacuum Cleaner,257.39,1,10,Credit,3,0,4.3,257.39
50061,1484,2024-03-01,Tatarstan,Kazan,App,Direct,home,Coffee Machine,172.65,3,5,Cash,2,0,4.4,517.95
50062,1520,2024-03-02,Omsk Oblast,Omsk,App,Paid Search,beauty,Makeup Palette,41.86,2,5,SBP,4,0,4.3,83.72
50063,1467,2024-03-03,Tomsk Oblast,Tomsk,Web,Paid Search,electronics,Wireless Headphones,110.69,1,10,SBP,3,0,4.9,110.69
50064,1812,2024-03-04,Kemerovo Oblast,Kemerovo,Web,Email,home,Vacuum Cleaner,220.45,1,7,Cash,4,0,4.4,220.45
50065,1671,2024-03-05,Chelyabinsk Oblast,Chelyabinsk,App,Paid Search,auto,Phone Holder,19.42,2,0,Cash,3,0,4.6,38.84
50066,1778,2024-03-06,Tatarstan,Kazan,App,Marketplace,beauty,Hair Dryer,72.48,1,12,Credit,1,0,4.5,72.48
50067,1455,2024-03-07,Kemerovo Oblast,Kemerovo,App,Marketplace,beauty,Face Serum,40.81,2,7,Cash,5,0,4.6,81.62
50068,1081,2024-03-08,Kaliningrad Oblast,Kaliningrad,App,Direct,home,Coffee Machine,154.97,1,10,Credit,2,0,4.5,154.97
50069,1560,2024-03-09,Krasnoyarsk Krai,Krasnoyarsk,Mobile,Email,clothes,Winter Hoodie,57.55,1,12,Cash,5,0,4.2,57.55
50070,1243,2024-03-10,Tatarstan,Kazan,Mobile,Social,sports,Running Shoes,130.99,1,15,Credit,3,0,4.9,130.99
50071,1621,2024-03-11,Khabarovsk Krai,Khabarovsk,Mobile,Social,sports,Running Shoes,99.8,1,0,Credit,5,0,4.1,99.8
50072,1141,2024-03-12,Tomsk Oblast,Tomsk,Web,Email,auto,Dash Camera,95.99,1,10,Card,3,0,4.3,95.99
50073,1806,2024-03-13,Altai Krai,Barnaul,App,Organic Search,clothes,Basic T-Shirt,19.08,1,20,SBP,3,0,4.9,19.08
50074,1078,2024-03-14,Irkutsk Oblast,Irkutsk,Web,Social,beauty,Hair Dryer,83.21,3,5,Cash,5,0,4.1,249.63
50075,1599,2024-03-15,Udmurtia,Izhevsk,Mobile,Paid Search,auto,Motor Oil,35.93,1,10,Credit,2,0,4.7,35.93
50076,1476,2024-03-16,Tomsk Oblast,Tomsk,App,Email,clothes,Adidas Sneakers,112.92,3,5,SBP,3,0,4.4,338.76
50077,1761,2024-03-17,Saratov Oblast,Saratov,App,Direct,sports,Yoga Mat,29.33,1,18,Credit,4,0,4.7,29.33
50078,1242,2024-03-18,Khabarovsk Krai,Khabarovsk,Mobile,Marketplace,kids,Kids Backpack,31.64,1,20,SBP,5,0,4.4,31.64
50079,1658,2024-03-19,Krasnodar Krai,Krasnodar,Web,Marketplace,auto,Dash Camera,92.21,1,0,Card,3,0,4.5,92.21
50080,1808,2024-03-20,Saint Petersburg,Saint Petersburg,Mobile,Paid Search,kids,Kids Backpack,35.88,1,10,Card,2,0,4.5,35.88
50081,1332,2024-03-21,Samara Oblast,Samara,Mobile,Paid Search,books,Business Book,26.3,2,0,Card,4,0,4.6,52.6
50082,1630,2024-03-22,Rostov Oblast,Rostov-on-Don,Web,Paid Search,home,Vacuum Cleaner,174.93,1,5,Card,2,0,4.5,174.93
50083,1083,2024-03-23,Yaroslavl Oblast,Yaroslavl,App,Direct,kids,Board Game,24.9,1,12,SBP,1,1,3.9,24.9
50084,1813,2024-03-24,Krasnoyarsk Krai,Krasnoyarsk,App,Marketplace,electronics,Smartphone Samsung,449.15,1,10,Card,4,0,4.8,449.15
50085,1157,2024-03-25,Kemerovo Oblast,Kemerovo,App,Email,clothes,Zara Jacket,114.98,1,12,Credit,3,0,4.8,114.98
50086,1421,2024-03-26,Tatarstan,Kazan,App,Direct,electronics,Laptop Lenovo IdeaPad,831.87,1,0,SBP,4,0,4.4,831.87
50087,1111,2024-03-27,Kemerovo Oblast,Kemerovo,Mobile,Marketplace,clothes,Winter Hoodie,47.94,1,0,SBP,3,0,4.6,47.94
50088,1624,2024-03-28,Kemerovo Oblast,Kemerovo,Web,Paid Search,beauty,Face Serum,30.94,1,15,SBP,3,0,4.4,30.94
50089,1765,2024-03-29,Moscow,Moscow,Mobile,Social,home,Desk Lamp,40.77,1,7,Cash,2,1,4.1,40.77
50090,1691,2024-03-30,Tyumen Oblast,Tyumen,App,Social,sports,Running Shoes,139.15,1,0,Card,3,0,4.7,139.15
50091,1540,2024-03-31,Samara Oblast,Samara,App,Organic Search,sports,Dumbbells Set,82.8,1,5,SBP,4,0,4.7,82.8
50092,1133,2024-04-01,Saint Petersburg,Saint Petersburg,App,Social,home,Coffee Machine,207.5,2,5,Credit,3,0,4.8,415.0
50093,1118,2024-04-02,Primorsky Krai,Vladivostok,App,Marketplace,clothes,Adidas Sneakers,180.6,2,10,Credit,3,0,4.5,361.2
50094,1081,2024-04-03,Moscow,Moscow,Web,Paid Search,auto,Phone Holder,26.3,1,7,Credit,2,0,4.8,26.3
50095,1661,2024-04-04,Kemerovo Oblast,Kemerovo,App,Email,home,Desk Lamp,31.85,1,3,Cash,4,0,4.3,31.85
50096,1594,2024-04-05,Novosibirsk Oblast,Novosibirsk,App,Paid Search,electronics,Wireless Headphones,84.0,1,20,Credit,2,0,4.5,84.0
50097,1076,2024-04-06,Volgograd Oblast,Volgograd,Mobile,Marketplace,auto,Dash Camera,83.27,1,10,SBP,3,0,4.4,83.27
50098,1811,2024-04-07,Omsk Oblast,Omsk,App,Social,beauty,Face Serum,29.15,2,10,Card,2,0,4.6,58.3
50099,1662,2024-04-08,Omsk Oblast,Omsk,App,Organic Search,auto,Phone Holder,20.41,1,15,Cash,5,1,3.1,20.41
50100,1809,2024-04-09,Saint Petersburg,Saint Petersburg,Mobile,Paid Search,home,Bed Linen Set,66.32,1,5,SBP,1,0,4.8,66.32
50101,1318,2024-04-10,Tatarstan,Kazan,App,Marketplace,sports,Dumbbells Set,102.1,1,0,Credit,4,0,4.7,102.1
50102,1096,2024-04-11,Krasnodar Krai,Sochi,App,Organic Search,clothes,Basic T-Shirt,30.61,1,12,Credit,6,0,4.0,30.61
50103,1520,2024-04-12,Irkutsk Oblast,Irkutsk,App,Email,sports,Running Shoes,109.15,1,25,Card,4,0,4.7,109.15
50104,1693,2024-04-13,Volgograd Oblast,Volgograd,Web,Email,sports,Yoga Mat,27.78,2,15,Cash,4,0,4.7,55.56
50105,1473,2024-04-14,Omsk Oblast,Omsk,App,Email,clothes,Winter Hoodie,54.72,1,15,SBP,2,0,5.0,54.72
50106,1529,2024-04-15,Udmurtia,Izhevsk,Mobile,Email,sports,Dumbbells Set,88.47,1,10,Card,4,1,3.6,88.47
50107,1055,2024-04-16,Nizhny Novgorod Oblast,Nizhny Novgorod,App,Paid Search,electronics,Smartphone Samsung,367.83,1,3,Credit,2,1,4.0,367.83
50108,1850,2024-04-17,Irkutsk Oblast,Irkutsk,Mobile,Social,sports,Dumbbells Set,74.61,1,12,Credit,4,1,3.9,74.61
50109,1244,2024-04-18,Kaliningrad Oblast,Kaliningrad,App,Direct,books,Notebook Set,31.35,1,20,SBP,3,0,4.5,31.35
50110,1148,2024-04-19,Krasnodar Krai,Krasnodar,Web,Paid Search,electronics,Smart Watch,161.92,3,10,SBP,4,0,4.5,485.76
50111,1520,2024-04-20,Voronezh Oblast,Voronezh,App,Organic Search,electronics,Wireless Headphones,79.4,1,5,Card,4,0,4.4,79.4
50112,1341,2024-04-21,Tyumen Oblast,Tyumen,Web,Social,books,Python Book,63.88,1,15,Cash,2,0,4.4,63.88
50113,1469,2024-04-22,Saint Petersburg,Saint Petersburg,Web,Email,sports,Running Shoes,151.71,4,7,Card,2,0,4.8,606.84
50114,1366,2024-04-23,Nizhny Novgorod Oblast,Nizhny Novgorod,Mobile,Social,home,Vacuum Cleaner,246.89,4,10,Card,2,0,5.0,987.56
50115,1377,2024-04-24,Kemerovo Oblast,Kemerovo,App,Social,clothes,Adidas Sneakers,105.39,1,20,SBP,3,0,4.8,105.39
50116,1735,2024-04-25,Orenburg Oblast,Orenburg,App,Paid Search,electronics,Smart Watch,180.24,1,0,Credit,3,0,4.8,180.24
50117,1653,2024-04-26,Rostov Oblast,Rostov-on-Don,App,Marketplace,clothes,Adidas Sneakers,134.28,4,5,Credit,5,1,3.6,537.12
50118,1581,2024-04-27,Bashkortostan,Ufa,Mobile,Email,beauty,Perfume,117.35,1,0,Card,3,0,5.0,117.35
50119,1027,2024-04-28,Krasnoyarsk Krai,Krasnoyarsk,Mobile,Social,electronics,Smart Watch,157.81,1,5,Cash,4,0,4.7,157.81
50120,1076,2024-04-29,Chelyabinsk Oblast,Chelyabinsk,App,Social,beauty,Face Serum,39.0,1,12,Credit,4,1,3.8,39.0
50121,1162,2024-04-30,Rostov Oblast,Rostov-on-Don,Mobile,Marketplace,auto,Motor Oil,48.27,2,12,Cash,2,0,4.6,96.54
50122,1133,2024-05-01,Orenburg Oblast,Orenburg,App,Email,sports,Yoga Mat,35.66,1,5,Card,2,0,4.5,35.66
50123,1849,2024-05-02,Tatarstan,Kazan,Web,Organic Search,home,Bed Linen Set,68.97,4,10,Cash,1,0,4.8,275.88
50124,1532,2024-05-03,Udmurtia,Izhevsk,App,Direct,auto,Motor Oil,43.14,1,0,SBP,4,0,4.5,43.14
50125,1176,2024-05-04,Kemerovo Oblast,Kemerovo,Web,Paid Search,electronics,Smartphone Samsung,357.93,1,0,SBP,3,0,4.4,357.93
50126,1032,2024-05-05,Tomsk Oblast,Tomsk,Web,Direct,auto,Car Vacuum,44.16,2,5,Credit,4,0,4.8,88.32
50127,1496,2024-05-06,Altai Krai,Barnaul,Web,Social,clothes,Adidas Sneakers,106.21,2,5,Credit,4,0,4.6,212.42
50128,1248,2024-05-07,Sverdlovsk Oblast,Yekaterinburg,App,Marketplace,sports,Yoga Mat,33.41,1,7,Credit,3,1,3.6,33.41
50129,1592,2024-05-08,Krasnodar Krai,Krasnodar,App,Direct,home,Vacuum Cleaner,197.8,1,3,SBP,3,0,4.6,197.8
50130,1362,2024-05-09,Sverdlovsk Oblast,Yekaterinburg,Mobile,Organic Search,kids,Toy Car,25.45,1,20,Card,1,0,4.6,25.45
50131,1584,2024-05-10,Saint Petersburg,Saint Petersburg,App,Direct,home,Bed Linen Set,75.02,3,12,Cash,2,0,4.4,225.06
50132,1814,2024-05-11,Bashkortostan,Ufa,App,Organic Search,beauty,Face Serum,41.19,4,12,SBP,5,0,4.8,164.76
50133,1144,2024-05-12,Primorsky Krai,Vladivostok,App,Paid Search,auto,Phone Holder,28.76,2,15,SBP,4,0,4.5,57.52
50134,1836,2024-05-13,Stavropol Krai,Stavropol,App,Paid Search,clothes,Zara Jacket,135.21,1,15,Card,2,0,4.6,135.21
50135,1795,2024-05-14,Bashkortostan,Ufa,Mobile,Paid Search,sports,Bicycle Helmet,46.89,2,10,Cash,2,0,4.6,93.78
50136,1196,2024-05-15,Yaroslavl Oblast,Yaroslavl,App,Marketplace,electronics,Smart Watch,170.68,1,15,Card,3,0,4.9,170.68
50137,1213,2024-05-16,Omsk Oblast,Omsk,App,Email,home,Vacuum Cleaner,187.56,3,18,SBP,3,0,4.6,562.68
50138,1271,2024-05-17,Volgograd Oblast,Volgograd,App,Email,beauty,Makeup Palette,41.94,1,12,Credit,4,0,4.3,41.94
50139,1574,2024-05-18,Sverdlovsk Oblast,Yekaterinburg,Web,Email,auto,Dash Camera,118.93,2,12,SBP,2,0,4.4,237.86
50140,1453,2024-05-19,Nizhny Novgorod Oblast,Nizhny Novgorod,Mobile,Organic Search,electronics,Smart Watch,180.61,2,5,SBP,2,0,5.0,361.22
50141,1544,2024-05-20,Yaroslavl Oblast,Yaroslavl,Web,Social,beauty,Perfume,120.88,1,10,Cash,2,0,4.6,120.88
50142,1488,2024-05-21,Saratov Oblast,Saratov,App,Marketplace,home,Coffee Machine,143.65,1,20,Credit,4,0,4.5,143.65
50143,1180,2024-05-22,Saratov Oblast,Saratov,App,Marketplace,home,Desk Lamp,32.29,2,3,Credit,3,1,3.5,64.58
50144,1618,2024-05-23,Altai Krai,Barnaul,Mobile,Organic Search,books,Python Book,39.5,2,18,Card,3,0,4.7,79.0
50145,1167,2024-05-24,Stavropol Krai,Stavropol,App,Marketplace,auto,Dash Camera,91.61,3,18,Credit,2,0,4.7,274.83
50146,1528,2024-05-25,Saratov Oblast,Saratov,App,Social,home,Vacuum Cleaner,220.17,2,3,SBP,4,0,4.2,440.34
50147,1597,2024-05-26,Tatarstan,Kazan,App,Email,sports,Bicycle Helmet,54.13,1,5,Card,2,0,4.7,54.13
50148,1655,2024-05-27,Samara Oblast,Samara,App,Direct,clothes,Zara Jacket,129.37,2,20,SBP,4,0,4.3,258.74
50149,1681,2024-05-28,Bashkortostan,Ufa,Mobile,Organic Search,clothes,Zara Jacket,109.22,1,7,Cash,2,0,4.6,109.22
50150,1154,2024-05-29,Udmurtia,Izhevsk,Web,Paid Search,home,Coffee Machine,155.62,1,0,Cash,2,0,4.6,155.62
50151,1578,2024-05-30,Perm Krai,Perm,App,Email,books,Notebook Set,18.97,3,7,Card,4,0,4.6,56.91
50152,1071,2024-05-31,Primorsky Krai,Vladivostok,Web,Organic Search,beauty,Hair Dryer,95.07,1,7,Credit,4,1,3.5,95.07
50153,1385,2024-06-01,Saint Petersburg,Saint Petersburg,Web,Marketplace,home,Vacuum Cleaner,284.34,1,25,Card,1,0,4.9,284.34
50154,1306,2024-06-02,Volgograd Oblast,Volgograd,Web,Social,auto,Phone Holder,17.61,1,0,Credit,5,0,4.3,17.61
50155,1430,2024-06-03,Volgograd Oblast,Volgograd,Web,Email,clothes,Winter Hoodie,54.4,1,20,Card,3,0,4.5,54.4
50156,1795,2024-06-04,Novosibirsk Oblast,Novosibirsk,Web,Organic Search,home,Coffee Machine,166.02,1,15,Card,3,0,4.7,166.02
50157,1534,2024-06-05,Krasnodar Krai,Sochi,App,Marketplace,beauty,Hair Dryer,82.58,2,15,Cash,3,0,5.0,165.16
50158,1688,2024-06-06,Voronezh Oblast,Voronezh,Web,Paid Search,home,Coffee Machine,171.46,1,7,Credit,1,0,4.7,171.46
50159,1060,2024-06-07,Orenburg Oblast,Orenburg,App,Social,beauty,Makeup Palette,40.05,1,15,Credit,3,0,5.0,40.05
50160,1275,2024-06-08,Voronezh Oblast,Voronezh,App,Social,beauty,Perfume,88.41,3,15,Credit,4,0,4.7,265.23
50161,1016,2024-06-09,Volgograd Oblast,Volgograd,Mobile,Email,clothes,Basic T-Shirt,27.7,2,3,Cash,4,0,5.0,55.4
50162,1478,2024-06-10,Stavropol Krai,Stavropol,Web,Organic Search,home,Coffee Machine,171.7,2,7,SBP,3,0,4.8,343.4
50163,1150,2024-06-11,Nizhny Novgorod Oblast,Nizhny Novgorod,App,Marketplace,home,Bed Linen Set,57.23,3,5,Card,2,0,4.8,171.69
50164,1842,2024-06-12,Samara Oblast,Samara,App,Email,beauty,Makeup Palette,42.27,2,10,Credit,2,0,4.4,84.54
50165,1061,2024-06-13,Yaroslavl Oblast,Yaroslavl,App,Marketplace,clothes,Winter Hoodie,70.16,2,7,Card,3,0,4.5,140.32
50166,1654,2024-06-14,Tomsk Oblast,Tomsk,Web,Organic Search,books,Python Book,32.18,1,0,Credit,4,1,4.0,32.18
50167,1826,2024-06-15,Volgograd Oblast,Volgograd,Web,Organic Search,beauty,Face Serum,28.84,1,25,Cash,5,0,4.4,28.84
50168,1714,2024-06-16,Krasnodar Krai,Krasnodar,App,Paid Search,auto,Phone Holder,22.9,1,7,Cash,2,0,4.8,22.9
50169,1512,2024-06-17,Nizhny Novgorod Oblast,Nizhny Novgorod,Web,Marketplace,clothes,Basic T-Shirt,28.73,1,10,Credit,3,0,4.7,28.73
50170,1288,2024-06-18,Saratov Oblast,Saratov,Mobile,Direct,kids,Lego Set,73.39,2,10,Card,3,0,5.0,146.78
50171,1399,2024-06-19,Rostov Oblast,Rostov-on-Don,App,Email,auto,Dash Camera,97.27,2,7,SBP,3,0,4.7,194.54
50172,1788,2024-06-20,Tyumen Oblast,Tyumen,Web,Marketplace,kids,Kids Backpack,42.49,4,0,Credit,1,0,4.8,169.96
50173,1634,2024-06-21,Udmurtia,Izhevsk,Web,Organic Search,sports,Running Shoes,108.97,3,7,SBP,3,1,3.6,326.91
50174,1456,2024-06-22,Orenburg Oblast,Orenburg,App,Email,home,Coffee Machine,138.17,1,5,SBP,3,0,4.7,138.17
50175,1333,2024-06-23,Udmurtia,Izhevsk,App,Organic Search,home,Vacuum Cleaner,190.61,1,0,Credit,3,0,4.7,190.61
50176,1309,2024-06-24,Moscow,Moscow,Web,Marketplace,home,Bed Linen Set,82.02,4,10,SBP,2,0,4.8,328.08
50177,1469,2024-06-25,Chelyabinsk Oblast,Chelyabinsk,App,Organic Search,electronics,Smartphone Samsung,374.2,1,20,Card,3,0,4.4,374.2
50178,1308,2024-06-26,Krasnodar Krai,Sochi,App,Paid Search,home,Bed Linen Set,61.36,1,7,SBP,4,0,4.2,61.36
50179,1386,2024-06-27,Krasnoyarsk Krai,Krasnoyarsk,App,Email,auto,Phone Holder,26.41,1,12,SBP,3,0,4.7,26.41
50180,1215,2024-06-28,Tomsk Oblast,Tomsk,App,Paid Search,kids,Board Game,26.34,1,15,Credit,5,0,4.4,26.34
50181,1460,2024-06-29,Orenburg Oblast,Orenburg,Web,Organic Search,home,Coffee Machine,155.53,1,3,Credit,4,0,4.7,155.53
50182,1171,2024-06-30,Khabarovsk Krai,Khabarovsk,Web,Social,sports,Dumbbells Set,96.64,1,20,Card,5,0,4.5,96.64
50183,1590,2024-07-01,Khabarovsk Krai,Khabarovsk,Mobile,Social,auto,Motor Oil,51.25,1,3,Cash,3,0,4.6,51.25
50184,1748,2024-07-02,Omsk Oblast,Omsk,Web,Paid Search,sports,Dumbbells Set,84.91,4,7,Cash,3,1,4.4,339.64
50185,1118,2024-07-03,Bashkortostan,Ufa,Web,Paid Search,home,Bed Linen Set,56.36,1,12,Card,3,0,4.8,56.36
50186,1817,2024-07-04,Kemerovo Oblast,Kemerovo,Web,Email,sports,Bicycle Helmet,56.03,1,10,Credit,3,0,4.9,56.03
50187,1829,2024-07-05,Saratov Oblast,Saratov,App,Marketplace,home,Bed Linen Set,56.89,1,5,Card,3,0,4.5,56.89
50188,1602,2024-07-06,Khabarovsk Krai,Khabarovsk,App,Email,electronics,Smartphone Samsung,443.94,2,10,Card,4,0,4.3,887.88
50189,1188,2024-07-07,Bashkortostan,Ufa,Web,Marketplace,sports,Dumbbells Set,90.16,1,0,SBP,3,0,4.7,90.16
50190,1171,2024-07-08,Kaliningrad Oblast,Kaliningrad,App,Email,electronics,Smart Watch,180.02,1,10,Credit,5,1,3.4,180.02
50191,1507,2024-07-09,Nizhny Novgorod Oblast,Nizhny Novgorod,Web,Paid Search,electronics,Wireless Headphones,77.64,1,0,Credit,3,0,4.1,77.64
50192,1580,2024-07-10,Volgograd Oblast,Volgograd,App,Direct,beauty,Makeup Palette,43.78,1,0,Credit,3,0,4.8,43.78
50193,1105,2024-07-11,Primorsky Krai,Vladivostok,App,Paid Search,beauty,Face Serum,46.07,2,0,Cash,4,0,4.2,92.14
50194,1706,2024-07-12,Nizhny Novgorod Oblast,Nizhny Novgorod,App,Social,books,Python Book,44.72,2,0,SBP,3,0,4.5,89.44
50195,1721,2024-07-13,Kemerovo Oblast,Kemerovo,App,Email,clothes,Winter Hoodie,65.48,2,10,SBP,3,0,4.6,130.96
50196,1849,2024-07-14,Nizhny Novgorod Oblast,Nizhny Novgorod,App,Organic Search,clothes,Basic T-Shirt,30.41,2,0,Cash,3,0,4.5,60.82
50197,1768,2024-07-15,Udmurtia,Izhevsk,App,Paid Search,books,Notebook Set,17.59,1,0,SBP,4,0,4.2,17.59
50198,1065,2024-07-16,Kaliningrad Oblast,Kaliningrad,App,Organic Search,auto,Dash Camera,161.57,2,15,Credit,2,0,4.7,323.14
50199,1050,2024-07-17,Sverdlovsk Oblast,Yekaterinburg,App,Social,auto,Phone Holder,26.46,1,10,Card,2,0,4.7,26.46
50200,1281,2024-07-18,Krasnodar Krai,Krasnodar,App,Email,clothes,Winter Hoodie,114.33,1,12,Card,4,1,4.0,114.33
50201,1002,2024-07-19,Saratov Oblast,Saratov,App,Marketplace,sports,Bicycle Helmet,42.09,1,12,Cash,3,0,5.0,42.09
50202,1393,2024-07-20,Chelyabinsk Oblast,Chelyabinsk,App,Organic Search,electronics,Smartphone Samsung,325.94,2,25,Card,3,1,4.0,651.88
50203,1009,2024-07-21,Yaroslavl Oblast,Yaroslavl,App,Social,books,Python Book,32.51,2,0,Cash,3,0,4.6,65.02
50204,1748,2024-07-22,Omsk Oblast,Omsk,Web,Email,sports,Yoga Mat,36.91,1,3,Credit,4,1,3.7,36.91
50205,1675,2024-07-23,Bashkortostan,Ufa,Web,Email,auto,Dash Camera,84.5,1,10,SBP,2,0,4.4,84.5
50206,1073,2024-07-24,Sverdlovsk Oblast,Yekaterinburg,Web,Social,beauty,Perfume,118.03,2,3,Card,2,0,4.8,236.06
50207,1015,2024-07-25,Bashkortostan,Ufa,App,Paid Search,auto,Phone Holder,20.83,1,7,SBP,3,0,4.6,20.83
50208,1631,2024-07-26,Sverdlovsk Oblast,Yekaterinburg,Mobile,Organic Search,electronics,Laptop Lenovo IdeaPad,765.91,1,7,Cash,2,0,4.6,765.91
50209,1318,2024-07-27,Samara Oblast,Samara,App,Email,electronics,Laptop Lenovo IdeaPad,867.33,1,10,Credit,3,0,4.3,867.33
50210,1013,2024-07-28,Yaroslavl Oblast,Yaroslavl,App,Direct,auto,Phone Holder,25.25,1,0,Cash,2,0,4.4,25.25
50211,1121,2024-01-01,Kaliningrad Oblast,Kaliningrad,Mobile,Paid Search,electronics,Smart Watch,175.91,1,5,Card,3,0,4.2,175.91
50212,1377,2024-01-02,Perm Krai,Perm,Web,Social,books,Cookbook,25.25,1,7,Cash,3,0,4.8,25.25
50213,1037,2024-01-03,Samara Oblast,Samara,App,Paid Search,kids,Lego Set,70.81,1,0,Credit,1,0,5.0,70.81
50214,1048,2024-01-04,Novosibirsk Oblast,Novosibirsk,Mobile,Social,sports,Dumbbells Set,79.38,1,10,Credit,4,0,4.4,79.38
50215,1476,2024-01-05,Tatarstan,Kazan,Web,Social,books,Cookbook,23.44,1,3,SBP,2,0,4.6,23.44
50216,1010,2024-01-06,Khabarovsk Krai,Khabarovsk,Web,Paid Search,auto,Phone Holder,25.57,1,7,SBP,4,0,4.7,25.57
50217,1287,2024-01-07,Moscow,Moscow,Web,Marketplace,kids,Toy Car,26.88,4,7,Card,4,0,4.4,107.52
50218,1064,2024-01-08,Saint Petersburg,Saint Petersburg,Web,Social,auto,Motor Oil,45.67,1,10,Credit,1,0,4.5,45.67
50219,1140,2024-01-09,Volgograd Oblast,Volgograd,App,Social,auto,Phone Holder,24.47,2,5,Card,2,0,4.7,48.94
50220,1827,2024-01-10,Krasnodar Krai,Sochi,App,Organic Search,electronics,Smart Watch,150.46,2,7,SBP,1,1,4.0,300.92
50221,1179,2024-01-11,Tomsk Oblast,Tomsk,App,Social,clothes,Basic T-Shirt,21.56,3,7,Card,4,0,4.6,64.68
50222,1382,2024-01-12,Tyumen Oblast,Tyumen,App,Direct,books,Business Book,35.25,1,15,Card,3,0,4.6,35.25
50223,1473,2024-01-13,Khabarovsk Krai,Khabarovsk,App,Direct,clothes,Basic T-Shirt,23.95,2,0,Card,5,1,3.3,47.9
50224,1153,2024-01-14,Rostov Oblast,Rostov-on-Don,Web,Organic Search,auto,Motor Oil,40.48,1,5,Card,4,0,4.4,40.48
50225,1539,2024-01-15,Krasnoyarsk Krai,Krasnoyarsk,Web,Organic Search,clothes,Zara Jacket,126.51,1,5,Cash,4,0,4.6,126.51
50226,1327,2024-01-16,Saratov Oblast,Saratov,Mobile,Marketplace,auto,Car Vacuum,48.59,1,20,Cash,2,0,4.6,48.59
50227,1836,2024-01-17,Moscow,Moscow,App,Organic Search,auto,Dash Camera,116.85,4,25,Card,3,0,4.8,467.4
50228,1606,2024-01-18,Udmurtia,Izhevsk,Web,Organic Search,auto,Phone Holder,19.19,2,3,Card,2,0,4.4,38.38
50229,1617,2024-01-19,Kaliningrad Oblast,Kaliningrad,Web,Email,clothes,Zara Jacket,161.42,4,10,Cash,4,1,3.8,645.68
50230,1601,2024-01-20,Moscow,Moscow,App,Paid Search,beauty,Face Serum,40.56,2,20,Cash,2,1,3.7,81.12
50231,1448,2024-01-21,Udmurtia,Izhevsk,Mobile,Social,electronics,Wireless Headphones,95.41,1,5,Credit,2,0,5.0,95.41
50232,1587,2024-01-22,Saratov Oblast,Saratov,App,Paid Search,home,Desk Lamp,44.41,2,5,Credit,3,0,4.7,88.82
50233,1244,2024-01-23,Kemerovo Oblast,Kemerovo,App,Social,auto,Car Vacuum,59.07,1,10,SBP,4,0,4.5,59.07
50234,1111,2024-01-24,Perm Krai,Perm,Web,Marketplace,electronics,Laptop Lenovo IdeaPad,736.64,1,5,Card,3,0,4.7,736.64
50235,1704,2024-01-25,Saint Petersburg,Saint Petersburg,Mobile,Organic Search,sports,Dumbbells Set,96.03,1,0,Cash,1,0,4.7,96.03
50236,1096,2024-01-26,Rostov Oblast,Rostov-on-Don,App,Social,beauty,Face Serum,33.91,1,18,SBP,3,0,4.7,33.91
50237,1714,2024-01-27,Krasnoyarsk Krai,Krasnoyarsk,Web,Organic Search,auto,Motor Oil,48.85,3,0,SBP,4,0,4.6,146.55
50238,1615,2024-01-28,Volgograd Oblast,Volgograd,App,Organic Search,home,Vacuum Cleaner,204.82,1,5,Credit,2,0,4.7,204.82
50239,1658,2024-01-29,Sverdlovsk Oblast,Yekaterinburg,App,Social,electronics,Smartphone Samsung,544.93,1,15,Credit,1,0,4.7,544.93
50240,1100,2024-01-30,Rostov Oblast,Rostov-on-Don,App,Organic Search,sports,Dumbbells Set,68.44,1,15,Card,3,0,4.6,68.44
50241,1587,2024-01-31,Volgograd Oblast,Volgograd,Mobile,Paid Search,sports,Dumbbells Set,71.6,1,10,Cash,4,0,4.4,71.6
50242,1460,2024-02-01,Chelyabinsk Oblast,Chelyabinsk,Mobile,Marketplace,home,Bed Linen Set,44.53,1,10,Cash,4,0,4.5,44.53
50243,1745,2024-02-02,Rostov Oblast,Rostov-on-Don,App,Organic Search,auto,Phone Holder,18.01,1,15,Card,4,0,4.8,18.01
50244,1154,2024-02-03,Tatarstan,Kazan,Web,Social,sports,Dumbbells Set,90.02,1,12,Cash,1,0,4.4,90.02
50245,1586,2024-02-04,Khabarovsk Krai,Khabarovsk,Mobile,Paid Search,clothes,Basic T-Shirt,30.43,2,18,Credit,5,0,4.3,60.86
50246,1276,2024-02-05,Saint Petersburg,Saint Petersburg,App,Paid Search,home,Bed Linen Set,70.56,1,18,SBP,2,0,4.6,70.56
50247,1329,2024-02-06,Moscow,Moscow,App,Organic Search,sports,Running Shoes,164.37,4,3,SBP,1,0,5.0,657.48
50248,1068,2024-02-07,Yaroslavl Oblast,Yaroslavl,App,Email,sports,Bicycle Helmet,59.46,1,10,SBP,2,0,4.7,59.46
50249,1722,2024-02-08,Kaliningrad Oblast,Kaliningrad,Web,Paid Search,beauty,Perfume,179.5,2,15,Cash,4,0,4.8,359.0
50250,1565,2024-02-09,Samara Oblast,Samara,App,Marketplace,sports,Dumbbells Set,100.6,1,7,SBP,1,0,4.8,100.6
50251,1212,2024-02-10,Bashkortostan,Ufa,Web,Marketplace,electronics,Wireless Headphones,98.9,2,15,SBP,3,0,4.8,197.8
50252,1313,2024-02-11,Saratov Oblast,Saratov,Mobile,Marketplace,sports,Bicycle Helmet,38.98,2,10,SBP,4,0,4.5,77.96
50253,1384,2024-02-12,Voronezh Oblast,Voronezh,App,Email,auto,Dash Camera,89.76,2,7,SBP,3,0,4.8,179.52
50254,1784,2024-02-13,Nizhny Novgorod Oblast,Nizhny Novgorod,App,Social,clothes,Winter Hoodie,67.61,1,12,Cash,3,1,3.8,67.61
50255,1586,2024-02-14,Altai Krai,Barnaul,Web,Marketplace,electronics,Smart Watch,188.51,1,20,Cash,2,0,4.9,188.51
50256,1186,2024-02-15,Perm Krai,Perm,Web,Marketplace,kids,Kids Backpack,38.9,2,10,SBP,4,0,4.2,77.8
50257,1315,2024-02-16,Krasnodar Krai,Krasnodar,Web,Paid Search,beauty,Hair Dryer,82.11,2,5,Credit,4,0,4.6,164.22
50258,1200,2024-02-17,Orenburg Oblast,Orenburg,App,Social,auto,Dash Camera,87.73,1,10,Card,2,0,4.5,87.73
50259,1733,2024-02-18,Kemerovo Oblast,Kemerovo,App,Email,clothes,Adidas Sneakers,92.18,1,10,Cash,5,0,4.3,92.18
50260,1799,2024-02-19,Udmurtia,Izhevsk,Web,Email,electronics,Wireless Headphones,121.94,1,15,Card,3,0,4.6,121.94
50261,1693,2024-02-20,Krasnodar Krai,Sochi,App,Organic Search,clothes,Winter Hoodie,92.19,1,0,Card,2,0,5.0,92.19
50262,1467,2024-02-21,Saratov Oblast,Saratov,Web,Social,kids,Kids Backpack,31.16,1,5,SBP,3,0,4.7,31.16
50263,1135,2024-02-22,Voronezh Oblast,Voronezh,App,Organic Search,auto,Phone Holder,19.86,3,20,Cash,2,0,4.7,59.58
50264,1670,2024-02-23,Yaroslavl Oblast,Yaroslavl,App,Marketplace,electronics,Smartphone Samsung,773.53,1,10,Card,5,0,4.6,773.53
50265,1679,2024-02-24,Saint Petersburg,Saint Petersburg,App,Direct,clothes,Winter Hoodie,73.91,1,12,SBP,1,0,4.5,73.91
50266,1536,2024-02-25,Krasnoyarsk Krai,Krasnoyarsk,App,Direct,clothes,Zara Jacket,131.84,1,15,Cash,3,0,4.7,131.84
50267,1588,2024-02-26,Bashkortostan,Ufa,App,Paid Search,clothes,Adidas Sneakers,115.29,3,5,Credit,4,0,4.5,345.87
50268,1041,2024-02-27,Krasnodar Krai,Sochi,Web,Direct,auto,Car Vacuum,71.28,1,25,SBP,3,0,4.7,71.28
50269,1449,2024-02-28,Bashkortostan,Ufa,App,Direct,books,Cookbook,19.61,1,18,SBP,3,0,4.5,19.61
50270,1817,2024-02-29,Altai Krai,Barnaul,Web,Email,kids,Board Game,23.67,1,15,Cash,3,0,4.4,23.67
50271,1627,2024-03-01,Krasnodar Krai,Krasnodar,Mobile,Email,electronics,Laptop Lenovo IdeaPad,621.76,1,10,Card,2,0,4.8,621.76
50272,1786,2024-03-02,Kemerovo Oblast,Kemerovo,App,Organic Search,clothes,Zara Jacket,100.36,1,5,Cash,3,0,5.0,100.36
50273,1056,2024-03-03,Volgograd Oblast,Volgograd,App,Marketplace,books,Python Book,33.17,2,5,Card,4,0,4.3,66.34
50274,1413,2024-03-04,Saratov Oblast,Saratov,Web,Email,auto,Motor Oil,31.77,1,25,Cash,4,0,4.6,31.77
50275,1001,2024-03-05,Tatarstan,Kazan,App,Organic Search,beauty,Makeup Palette,46.26,1,12,Card,3,0,4.8,46.26
50276,1574,2024-03-06,Orenburg Oblast,Orenburg,Mobile,Paid Search,clothes,Adidas Sneakers,97.38,3,5,Credit,4,0,4.6,292.14
50277,1047,2024-03-07,Kaliningrad Oblast,Kaliningrad,App,Marketplace,clothes,Winter Hoodie,61.95,2,20,Cash,3,0,4.9,123.9
50278,1776,2024-03-08,Chelyabinsk Oblast,Chelyabinsk,App,Paid Search,electronics,Smart Watch,132.82,2,3,Credit,3,0,4.5,265.64
50279,1444,2024-03-09,Saint Petersburg,Saint Petersburg,Web,Organic Search,auto,Car Vacuum,61.23,1,20,Credit,3,0,4.7,61.23
50280,1624,2024-03-10,Stavropol Krai,Stavropol,Web,Email,beauty,Perfume,108.85,1,10,Cash,4,0,4.3,108.85
50281,1322,2024-03-11,Samara Oblast,Samara,Mobile,Organic Search,sports,Running Shoes,133.91,1,18,Cash,1,0,4.6,133.91
50282,1780,2024-03-12,Sverdlovsk Oblast,Yekaterinburg,Web,Marketplace,home,Desk Lamp,37.88,4,3,SBP,1,0,4.6,151.52
50283,1205,2024-03-13,Primorsky Krai,Vladivostok,Web,Paid Search,beauty,Makeup Palette,44.0,2,10,SBP,5,0,4.4,88.0
50284,1692,2024-03-14,Udmurtia,Izhevsk,Web,Email,kids,Board Game,32.71,1,15,Cash,5,1,3.7,32.71
50285,1566,2024-03-15,Yaroslavl Oblast,Yaroslavl,App,Marketplace,clothes,Winter Hoodie,57.2,3,5,Card,5,0,4.2,171.6
50286,1795,2024-03-16,Moscow,Moscow,Web,Organic Search,kids,Kids Backpack,49.64,2,10,Cash,2,0,4.4,99.28
50287,1006,2024-03-17,Nizhny Novgorod Oblast,Nizhny Novgorod,App,Email,sports,Bicycle Helmet,56.93,1,5,SBP,2,0,4.8,56.93
50288,1075,2024-03-18,Omsk Oblast,Omsk,App,Social,clothes,Zara Jacket,125.27,1,15,SBP,3,0,5.0,125.27
50289,1301,2024-03-19,Irkutsk Oblast,Irkutsk,Web,Paid Search,home,Vacuum Cleaner,178.81,1,5,Cash,5,0,4.2,178.81
50290,1699,2024-03-20,Udmurtia,Izhevsk,Mobile,Marketplace,clothes,Winter Hoodie,47.44,1,20,SBP,2,0,4.4,47.44
50291,1668,2024-03-21,Tyumen Oblast,Tyumen,App,Paid Search,auto,Car Vacuum,99.6,2,10,Cash,2,0,4.6,199.2
50292,1211,2024-03-22,Perm Krai,Perm,App,Paid Search,beauty,Face Serum,37.29,1,10,Credit,4,0,4.8,37.29
50293,1842,2024-03-23,Saratov Oblast,Saratov,Web,Email,books,Python Book,29.46,1,0,Cash,3,1,4.1,29.46
50294,1718,2024-03-24,Stavropol Krai,Stavropol,App,Organic Search,home,Bed Linen Set,86.62,1,10,Card,2,0,4.4,86.62
50295,1547,2024-03-25,Bashkortostan,Ufa,App,Marketplace,auto,Car Vacuum,49.46,2,7,Cash,2,0,4.8,98.92
50296,1569,2024-03-26,Krasnodar Krai,Sochi,Mobile,Email,kids,Board Game,31.64,3,18,Cash,2,1,3.5,94.92
50297,1165,2024-03-27,Krasnodar Krai,Krasnodar,Web,Direct,electronics,Smart Watch,151.68,3,5,Cash,2,0,4.8,455.04
50298,1075,2024-03-28,Novosibirsk Oblast,Novosibirsk,App,Email,clothes,Adidas Sneakers,130.01,1,15,SBP,4,0,4.5,130.01
50299,1326,2024-03-29,Volgograd Oblast,Volgograd,App,Paid Search,electronics,Laptop Lenovo IdeaPad,678.71,1,12,Credit,4,0,4.7,678.71
50300,1758,2024-03-30,Omsk Oblast,Omsk,Web,Email,sports,Running Shoes,112.31,1,7,Credit,4,0,4.5,112.31
50301,1288,2024-03-31,Samara Oblast,Samara,Web,Social,books,Business Book,33.78,1,5,Cash,2,0,4.6,33.78
50302,1605,2024-04-01,Altai Krai,Barnaul,Web,Marketplace,beauty,Hair Dryer,53.99,1,10,Cash,5,0,4.4,53.99
50303,1476,2024-04-02,Stavropol Krai,Stavropol,Web,Paid Search,electronics,Wireless Headphones,89.0,1,3,Card,3,0,4.3,89.0
50304,1150,2024-04-03,Tyumen Oblast,Tyumen,Web,Paid Search,sports,Bicycle Helmet,60.46,1,0,Credit,2,0,4.5,60.46
50305,1665,2024-04-04,Bashkortostan,Ufa,App,Social,electronics,Smart Watch,202.14,3,5,SBP,2,1,3.9,606.42
50306,1258,2024-04-05,Krasnodar Krai,Krasnodar,Web,Social,clothes,Adidas Sneakers,125.44,1,5,Credit,1,1,3.7,125.44
50307,1659,2024-04-06,Stavropol Krai,Stavropol,App,Social,home,Bed Linen Set,54.67,1,10,SBP,3,1,4.0,54.67
50308,1605,2024-04-07,Sverdlovsk Oblast,Yekaterinburg,App,Marketplace,electronics,Smartphone Samsung,515.15,1,5,Cash,4,0,4.7,515.15
50309,1185,2024-04-08,Saratov Oblast,Saratov,App,Email,books,Python Book,37.65,1,0,Credit,3,0,4.6,37.65
50310,1421,2024-04-09,Krasnoyarsk Krai,Krasnoyarsk,Mobile,Marketplace,auto,Car Vacuum,59.18,1,7,Cash,6,0,4.2,59.18
50311,1112,2024-04-10,Orenburg Oblast,Orenburg,Web,Paid Search,clothes,Zara Jacket,110.15,1,7,Card,3,0,4.6,110.15
50312,1494,2024-04-11,Sverdlovsk Oblast,Yekaterinburg,Web,Paid Search,beauty,Makeup Palette,39.88,1,0,Cash,3,0,4.4,39.88
50313,1809,2024-04-12,Altai Krai,Barnaul,Mobile,Marketplace,clothes,Basic T-Shirt,25.0,1,0,Credit,3,0,4.6,25.0
50314,1727,2024-04-13,Bashkortostan,Ufa,App,Social,clothes,Basic T-Shirt,25.2,2,5,Card,4,0,4.4,50.4
50315,1434,2024-04-14,Khabarovsk Krai,Khabarovsk,App,Email,beauty,Face Serum,42.98,1,0,SBP,4,0,4.4,42.98
50316,1793,2024-04-15,Krasnoyarsk Krai,Krasnoyarsk,Web,Organic Search,home,Bed Linen Set,59.79,1,10,Credit,1,0,4.7,59.79
50317,1701,2024-04-16,Yaroslavl Oblast,Yaroslavl,Web,Organic Search,electronics,Laptop Lenovo IdeaPad,785.85,1,10,Card,3,0,4.3,785.85
50318,1411,2024-04-17,Rostov Oblast,Rostov-on-Don,Web,Email,sports,Bicycle Helmet,50.82,1,5,SBP,2,0,4.9,50.82
50319,1614,2024-04-18,Kaliningrad Oblast,Kaliningrad,Mobile,Email,auto,Car Vacuum,63.48,1,12,Cash,4,1,3.6,63.48
50320,1531,2024-04-19,Krasnoyarsk Krai,Krasnoyarsk,App,Marketplace,electronics,Laptop Lenovo IdeaPad,578.68,1,15,Card,3,0,4.8,578.68
50321,1414,2024-04-20,Yaroslavl Oblast,Yaroslavl,Web,Marketplace,clothes,Basic T-Shirt,28.86,1,20,Card,2,0,4.9,28.86
50322,1711,2024-04-21,Samara Oblast,Samara,Web,Paid Search,home,Coffee Machine,143.33,2,20,Credit,4,0,4.2,286.66
50323,1226,2024-04-22,Tyumen Oblast,Tyumen,Web,Organic Search,beauty,Perfume,121.97,2,7,Cash,3,0,4.9,243.94
50324,1183,2024-04-23,Orenburg Oblast,Orenburg,App,Direct,home,Desk Lamp,42.59,1,7,Credit,3,0,4.4,42.59
50325,1208,2024-04-24,Perm Krai,Perm,App,Marketplace,sports,Running Shoes,122.78,1,3,Cash,3,0,4.2,122.78
50326,1494,2024-04-25,Tomsk Oblast,Tomsk,Web,Direct,clothes,Zara Jacket,147.43,2,10,SBP,4,1,3.5,294.86
50327,1515,2024-04-26,Krasnoyarsk Krai,Krasnoyarsk,App,Paid Search,home,Desk Lamp,38.6,1,0,SBP,4,0,4.3,38.6
50328,1628,2024-04-27,Tyumen Oblast,Tyumen,App,Direct,books,Business Book,33.9,2,0,SBP,3,0,4.9,67.8
50329,1462,2024-04-28,Rostov Oblast,Rostov-on-Don,App,Paid Search,beauty,Perfume,97.18,1,7,Cash,3,0,4.4,97.18
50330,1826,2024-04-29,Khabarovsk Krai,Khabarovsk,Web,Marketplace,electronics,Smartphone Samsung,409.38,1,5,Card,6,1,4.0,409.38
50331,1708,2024-04-30,Rostov Oblast,Rostov-on-Don,Mobile,Marketplace,sports,Yoga Mat,33.85,2,5,Cash,2,0,4.5,67.7
50332,1422,2024-05-01,Saint Petersburg,Saint Petersburg,App,Marketplace,home,Desk Lamp,39.75,1,5,Card,1,0,4.5,39.75
50333,1081,2024-05-02,Bashkortostan,Ufa,Web,Marketplace,books,Business Book,30.1,2,5,Credit,3,0,4.4,60.2
50334,1234,2024-05-03,Krasnoyarsk Krai,Krasnoyarsk,Mobile,Marketplace,home,Vacuum Cleaner,238.57,1,10,SBP,4,0,4.5,238.57
50335,1189,2024-05-04,Perm Krai,Perm,Web,Organic Search,clothes,Adidas Sneakers,103.59,2,5,Card,1,0,4.4,207.18
50336,1790,2024-05-05,Krasnodar Krai,Sochi,Mobile,Marketplace,kids,Board Game,38.0,1,0,Credit,4,1,3.7,38.0
50337,1135,2024-05-06,Irkutsk Oblast,Irkutsk,App,Paid Search,kids,Lego Set,74.78,3,5,Cash,4,0,4.7,224.34
50338,1553,2024-05-07,Moscow,Moscow,Mobile,Social,electronics,Wireless Headphones,132.61,2,20,Cash,1,0,4.6,265.22
50339,1160,2024-05-08,Khabarovsk Krai,Khabarovsk,Web,Marketplace,clothes,Winter Hoodie,68.16,1,3,SBP,5,0,4.5,68.16
50340,1612,2024-05-09,Moscow,Moscow,App,Organic Search,electronics,Smartphone Samsung,530.1,1,15,Cash,1,0,5.0,530.1
50341,1641,2024-05-10,Orenburg Oblast,Orenburg,App,Paid Search,electronics,Wireless Headphones,86.76,2,10,Cash,4,1,3.6,173.52
50342,1464,2024-05-11,Irkutsk Oblast,Irkutsk,App,Marketplace,kids,Board Game,31.05,1,0,SBP,4,0,4.6,31.05
50343,1239,2024-05-12,Kaliningrad Oblast,Kaliningrad,App,Email,clothes,Zara Jacket,115.87,1,0,Card,3,0,5.0,115.87
50344,1150,2024-05-13,Krasnodar Krai,Sochi,App,Social,electronics,Smartphone Samsung,534.06,1,12,Card,4,0,4.5,534.06
50345,1790,2024-05-14,Samara Oblast,Samara,Web,Email,kids,Lego Set,77.68,2,15,Credit,4,0,4.8,155.36
50346,1645,2024-05-15,Novosibirsk Oblast,Novosibirsk,App,Marketplace,kids,Lego Set,100.66,4,7,Card,3,0,4.5,402.64
50347,1016,2024-05-16,Yaroslavl Oblast,Yaroslavl,App,Marketplace,auto,Car Vacuum,49.4,1,12,Cash,3,0,4.6,49.4
50348,1094,2024-05-17,Orenburg Oblast,Orenburg,App,Email,home,Coffee Machine,195.31,1,10,SBP,3,0,4.7,195.31
50349,1356,2024-05-18,Stavropol Krai,Stavropol,App,Marketplace,auto,Car Vacuum,44.76,1,7,Credit,3,0,4.9,44.76
50350,1332,2024-05-19,Yaroslavl Oblast,Yaroslavl,App,Email,home,Bed Linen Set,83.54,1,10,Credit,1,0,4.7,83.54
50351,1020,2024-05-20,Samara Oblast,Samara,App,Email,books,Business Book,28.67,1,7,SBP,3,0,4.4,28.67
50352,1420,2024-05-21,Udmurtia,Izhevsk,Web,Marketplace,clothes,Adidas Sneakers,130.22,1,12,SBP,3,0,4.5,130.22
50353,1639,2024-05-22,Krasnodar Krai,Krasnodar,App,Email,electronics,Laptop Lenovo IdeaPad,843.47,1,0,SBP,2,0,4.5,843.47
50354,1426,2024-05-23,Saint Petersburg,Saint Petersburg,App,Email,sports,Bicycle Helmet,62.66,2,7,SBP,1,0,4.5,125.32
50355,1195,2024-05-24,Orenburg Oblast,Orenburg,Web,Marketplace,clothes,Adidas Sneakers,91.23,3,20,Cash,5,0,4.6,273.69
50356,1171,2024-05-25,Irkutsk Oblast,Irkutsk,Web,Paid Search,clothes,Zara Jacket,124.1,1,5,Cash,3,0,4.7,124.1
50357,1783,2024-05-26,Primorsky Krai,Vladivostok,Web,Paid Search,sports,Running Shoes,152.09,1,5,Credit,5,0,4.4,152.09
50358,1036,2024-05-27,Tomsk Oblast,Tomsk,Web,Email,kids,Kids Backpack,33.08,2,5,SBP,1,1,4.1,66.16
50359,1567,2024-05-28,Krasnoyarsk Krai,Krasnoyarsk,Mobile,Social,electronics,Smartphone Samsung,346.71,1,5,Cash,4,0,4.0,346.71
50360,1752,2024-05-29,Krasnodar Krai,Krasnodar,App,Social,electronics,Wireless Headphones,92.55,1,15,Card,4,0,4.6,92.55
50361,1799,2024-05-30,Yaroslavl Oblast,Yaroslavl,App,Marketplace,sports,Dumbbells Set,90.05,1,10,Card,4,0,4.6,90.05
50362,1797,2024-05-31,Stavropol Krai,Stavropol,Mobile,Organic Search,kids,Board Game,28.38,2,3,Credit,2,1,3.7,56.76
50363,1610,2024-06-01,Saint Petersburg,Saint Petersburg,App,Paid Search,home,Coffee Machine,150.52,1,0,Card,2,0,4.4,150.52
50364,1134,2024-06-02,Novosibirsk Oblast,Novosibirsk,App,Social,sports,Dumbbells Set,72.65,1,7,Cash,4,0,4.7,72.65
50365,1590,2024-06-03,Chelyabinsk Oblast,Chelyabinsk,App,Paid Search,beauty,Makeup Palette,37.36,2,3,Card,5,0,4.6,74.72
50366,1453,2024-06-04,Krasnodar Krai,Krasnodar,App,Email,clothes,Winter Hoodie,61.1,1,5,Cash,4,0,4.5,61.1
50367,1840,2024-06-05,Omsk Oblast,Omsk,App,Social,electronics,Smartphone Samsung,342.69,1,15,SBP,3,1,4.2,342.69
50368,1748,2024-06-06,Moscow,Moscow,App,Organic Search,sports,Bicycle Helmet,50.9,1,3,Cash,1,0,4.6,50.9
50369,1009,2024-06-07,Kaliningrad Oblast,Kaliningrad,App,Marketplace,clothes,Basic T-Shirt,28.7,1,3,Card,3,0,4.5,28.7
50370,1497,2024-06-08,Tyumen Oblast,Tyumen,Mobile,Direct,clothes,Adidas Sneakers,116.82,1,25,Card,1,0,4.6,116.82
50371,1361,2024-06-09,Rostov Oblast,Rostov-on-Don,Web,Marketplace,home,Bed Linen Set,46.16,1,5,SBP,3,0,4.7,46.16
50372,1350,2024-06-10,Saratov Oblast,Saratov,Web,Marketplace,home,Desk Lamp,35.48,4,25,Credit,5,0,4.2,141.92
50373,1338,2024-06-11,Volgograd Oblast,Volgograd,Web,Marketplace,electronics,Smart Watch,158.57,1,3,Credit,4,0,5.0,158.57
50374,1789,2024-06-12,Primorsky Krai,Vladivostok,Web,Marketplace,electronics,Smartphone Samsung,516.98,1,12,Cash,4,0,4.5,516.98
50375,1424,2024-06-13,Saratov Oblast,Saratov,App,Paid Search,auto,Phone Holder,20.9,1,15,Credit,3,0,4.7,20.9
50376,1238,2024-06-14,Nizhny Novgorod Oblast,Nizhny Novgorod,App,Email,sports,Running Shoes,98.99,2,10,Cash,2,0,4.9,197.98
50377,1168,2024-06-15,Volgograd Oblast,Volgograd,Web,Organic Search,electronics,Laptop Lenovo IdeaPad,580.47,1,10,Cash,3,0,4.8,580.47
50378,1632,2024-06-16,Novosibirsk Oblast,Novosibirsk,Mobile,Organic Search,electronics,Laptop Lenovo IdeaPad,657.7,1,3,Credit,4,0,5.0,657.7
50379,1538,2024-06-17,Kaliningrad Oblast,Kaliningrad,Mobile,Organic Search,sports,Dumbbells Set,147.58,1,5,Card,2,0,4.4,147.58
50380,1051,2024-06-18,Irkutsk Oblast,Irkutsk,Web,Direct,electronics,Smart Watch,182.58,1,25,Cash,5,0,4.4,182.58
50381,1463,2024-06-19,Nizhny Novgorod Oblast,Nizhny Novgorod,Web,Social,sports,Running Shoes,116.04,1,0,Card,2,0,4.6,116.04
50382,1466,2024-06-20,Yaroslavl Oblast,Yaroslavl,Web,Marketplace,beauty,Perfume,104.69,1,0,Card,1,0,4.8,104.69
50383,1627,2024-06-21,Samara Oblast,Samara,Web,Direct,sports,Yoga Mat,28.6,1,0,Cash,2,0,4.3,28.6
50384,1317,2024-06-22,Tyumen Oblast,Tyumen,Web,Social,beauty,Face Serum,42.19,1,18,Credit,3,0,5.0,42.19
50385,1506,2024-06-23,Nizhny Novgorod Oblast,Nizhny Novgorod,Mobile,Email,clothes,Basic T-Shirt,20.72,1,10,Cash,1,0,4.7,20.72
50386,1051,2024-06-24,Sverdlovsk Oblast,Yekaterinburg,App,Organic Search,clothes,Winter Hoodie,56.25,1,10,Cash,2,0,4.5,56.25
50387,1689,2024-06-25,Krasnodar Krai,Sochi,App,Direct,electronics,Wireless Headphones,112.87,1,20,SBP,4,1,3.8,112.87
50388,1438,2024-06-26,Krasnoyarsk Krai,Krasnoyarsk,Mobile,Marketplace,clothes,Zara Jacket,135.45,1,5,Card,3,1,4.1,135.45
50389,1542,2024-06-27,Nizhny Novgorod Oblast,Nizhny Novgorod,Web,Social,beauty,Face Serum,35.32,1,3,Card,4,0,4.6,35.32
50390,1510,2024-06-28,Chelyabinsk Oblast,Chelyabinsk,App,Social,kids,Board Game,26.5,1,20,Credit,2,0,4.5,26.5
50391,1342,2024-06-29,Orenburg Oblast,Orenburg,Web,Email,home,Vacuum Cleaner,249.99,1,15,SBP,4,0,3.7,249.99
50392,1342,2024-06-30,Primorsky Krai,Vladivostok,App,Email,books,Business Book,33.47,1,5,SBP,3,0,4.5,33.47
50393,1643,2024-07-01,Tyumen Oblast,Tyumen,Web,Email,kids,Lego Set,88.59,2,20,Credit,3,0,4.3,177.18
50394,1340,2024-07-02,Altai Krai,Barnaul,App,Organic Search,books,Cookbook,39.26,1,12,SBP,3,0,4.6,39.26
50395,1770,2024-07-03,Tatarstan,Kazan,Web,Social,auto,Dash Camera,119.49,2,10,SBP,1,0,4.8,238.98
50396,1804,2024-07-04,Kaliningrad Oblast,Kaliningrad,App,Direct,books,Python Book,42.53,1,20,Card,4,1,4.0,42.53
50397,1336,2024-07-05,Udmurtia,Izhevsk,App,Direct,home,Coffee Machine,161.2,1,5,Cash,1,0,4.7,161.2
50398,1090,2024-07-06,Udmurtia,Izhevsk,App,Direct,books,Business Book,26.44,1,0,SBP,5,0,4.3,26.44
50399,1792,2024-07-07,Omsk Oblast,Omsk,Web,Marketplace,auto,Car Vacuum,93.51,1,3,Credit,4,0,4.7,93.51
50400,1722,2024-07-08,Volgograd Oblast,Volgograd,App,Direct,electronics,Smartphone Samsung,326.93,1,3,SBP,3,0,4.8,326.93
50401,1722,2024-07-09,Khabarovsk Krai,Khabarovsk,App,Social,home,Coffee Machine,209.56,3,0,Credit,4,0,4.6,628.68
50402,1822,2024-07-10,Krasnoyarsk Krai,Krasnoyarsk,Web,Marketplace,sports,Running Shoes,131.66,1,20,Credit,4,1,3.5,131.66
50403,1333,2024-07-11,Krasnodar Krai,Krasnodar,App,Email,beauty,Makeup Palette,39.62,1,5,Credit,4,0,5.0,39.62
50404,1816,2024-07-12,Chelyabinsk Oblast,Chelyabinsk,App,Organic Search,electronics,Smart Watch,149.22,2,10,Card,3,0,4.7,298.44
50405,1214,2024-07-13,Perm Krai,Perm,Web,Paid Search,beauty,Face Serum,36.21,1,3,Credit,4,1,4.0,36.21
50406,1334,2024-07-14,Orenburg Oblast,Orenburg,Web,Email,auto,Dash Camera,77.17,2,12,Card,4,0,4.4,154.34
50407,1223,2024-07-15,Tomsk Oblast,Tomsk,Mobile,Direct,sports,Running Shoes,118.83,1,15,Cash,3,1,4.2,118.83
50408,1584,2024-07-16,Altai Krai,Barnaul,Web,Marketplace,clothes,Basic T-Shirt,20.2,1,10,SBP,4,0,4.8,20.2
50409,1563,2024-07-17,Stavropol Krai,Stavropol,Web,Social,auto,Motor Oil,46.62,1,10,Card,4,1,3.4,46.62
50410,1559,2024-07-18,Moscow,Moscow,App,Social,clothes,Adidas Sneakers,164.8,2,7,Cash,1,0,4.8,329.6
50411,1664,2024-07-19,Volgograd Oblast,Volgograd,App,Organic Search,home,Vacuum Cleaner,226.85,1,5,Card,3,1,3.8,226.85
50412,1185,2024-07-20,Krasnodar Krai,Sochi,Web,Email,kids,Toy Car,22.18,1,7,Credit,3,0,4.4,22.18
50413,1560,2024-07-21,Irkutsk Oblast,Irkutsk,App,Email,sports,Dumbbells Set,73.28,1,15,SBP,4,0,4.8,73.28
50414,1287,2024-07-22,Saint Petersburg,Saint Petersburg,Web,Direct,auto,Motor Oil,47.97,1,15,Credit,1,0,4.6,47.97
50415,1352,2024-07-23,Irkutsk Oblast,Irkutsk,App,Marketplace,electronics,Laptop Lenovo IdeaPad,782.1,1,10,Card,4,1,3.6,782.1
50416,1745,2024-07-24,Chelyabinsk Oblast,Chelyabinsk,Web,Social,beauty,Makeup Palette,41.27,2,5,SBP,5,0,4.5,82.54
50417,1285,2024-07-25,Saint Petersburg,Saint Petersburg,Web,Marketplace,clothes,Zara Jacket,176.74,1,5,SBP,3,0,4.8,176.74
50418,1802,2024-07-26,Krasnodar Krai,Sochi,Web,Direct,clothes,Adidas Sneakers,144.19,3,15,Cash,3,0,4.5,432.57
50419,1677,2024-07-27,Chelyabinsk Oblast,Chelyabinsk,App,Direct,home,Coffee Machine,174.87,2,15,Credit,3,0,4.4,349.74
50420,1771,2024-07-28,Yaroslavl Oblast,Yaroslavl,Web,Social,clothes,Zara Jacket,104.09,2,0,Cash,2,0,4.7,208.18
50421,1043,2024-01-01,Tyumen Oblast,Tyumen,App,Email,clothes,Winter Hoodie,70.08,1,15,Card,2,0,4.8,70.08
50422,1473,2024-01-02,Stavropol Krai,Stavropol,Mobile,Organic Search,beauty,Hair Dryer,71.3,1,5,Cash,3,0,4.5,71.3
50423,1107,2024-01-03,Yaroslavl Oblast,Yaroslavl,App,Marketplace,clothes,Zara Jacket,137.07,1,12,Credit,3,1,3.9,137.07
50424,1726,2024-01-04,Bashkortostan,Ufa,App,Direct,home,Desk Lamp,33.12,3,12,Card,4,0,4.1,99.36
50425,1655,2024-01-05,Tatarstan,Kazan,App,Marketplace,books,Business Book,31.29,3,12,Credit,2,0,4.9,93.87
50426,1062,2024-01-06,Stavropol Krai,Stavropol,Web,Marketplace,auto,Motor Oil,43.13,1,0,SBP,3,0,4.4,43.13
50427,1453,2024-01-07,Tomsk Oblast,Tomsk,App,Email,home,Bed Linen Set,58.68,1,0,SBP,4,0,4.4,58.68
50428,1338,2024-01-08,Krasnodar Krai,Krasnodar,Web,Social,electronics,Laptop Lenovo IdeaPad,1257.75,2,0,Credit,4,1,3.8,2515.5
50429,1494,2024-01-09,Khabarovsk Krai,Khabarovsk,App,Organic Search,electronics,Smart Watch,191.68,2,10,Card,7,0,4.1,383.36
50430,1471,2024-01-10,Khabarovsk Krai,Khabarovsk,App,Social,beauty,Hair Dryer,72.58,3,0,SBP,2,0,4.5,217.74
50431,1753,2024-01-11,Saratov Oblast,Saratov,Mobile,Marketplace,home,Coffee Machine,126.98,3,10,Cash,3,0,4.7,380.94
50432,1017,2024-01-12,Krasnodar Krai,Sochi,Web,Paid Search,electronics,Laptop Lenovo IdeaPad,715.52,2,10,Card,1,0,4.7,1431.04
50433,1074,2024-01-13,Perm Krai,Perm,App,Email,electronics,Laptop Lenovo IdeaPad,784.4,1,12,Card,4,0,4.4,784.4
50434,1468,2024-01-14,Yaroslavl Oblast,Yaroslavl,App,Paid Search,electronics,Laptop Lenovo IdeaPad,574.04,1,3,Cash,3,0,4.7,574.04
50435,1333,2024-01-15,Tomsk Oblast,Tomsk,App,Paid Search,clothes,Basic T-Shirt,28.24,2,7,Card,5,0,3.8,56.48
50436,1567,2024-01-16,Volgograd Oblast,Volgograd,App,Email,clothes,Zara Jacket,136.46,1,0,Cash,4,0,4.7,136.46
50437,1668,2024-01-17,Omsk Oblast,Omsk,App,Marketplace,home,Coffee Machine,150.27,1,7,SBP,4,1,3.8,150.27
50438,1735,2024-01-18,Voronezh Oblast,Voronezh,Web,Email,clothes,Winter Hoodie,52.38,1,3,Credit,3,0,5.0,52.38
50439,1520,2024-01-19,Krasnoyarsk Krai,Krasnoyarsk,App,Direct,auto,Dash Camera,98.15,4,25,Cash,2,0,4.4,392.6
50440,1056,2024-01-20,Omsk Oblast,Omsk,App,Email,kids,Kids Backpack,28.1,2,20,SBP,3,0,4.7,56.2
50441,1241,2024-01-21,Nizhny Novgorod Oblast,Nizhny Novgorod,App,Organic Search,home,Desk Lamp,34.15,3,3,Credit,3,0,4.4,102.45
50442,1226,2024-01-22,Khabarovsk Krai,Khabarovsk,App,Marketplace,clothes,Winter Hoodie,78.16,1,3,Card,4,0,4.7,78.16
50443,1277,2024-01-23,Chelyabinsk Oblast,Chelyabinsk,Mobile,Email,clothes,Basic T-Shirt,21.79,1,5,Cash,3,0,4.7,21.79
50444,1654,2024-01-24,Perm Krai,Perm,App,Direct,electronics,Laptop Lenovo IdeaPad,797.06,1,5,Cash,4,0,4.3,797.06
50445,1253,2024-01-25,Khabarovsk Krai,Khabarovsk,App,Paid Search,auto,Phone Holder,23.01,1,15,Cash,4,0,4.9,23.01
50446,1517,2024-01-26,Perm Krai,Perm,Mobile,Paid Search,sports,Yoga Mat,38.91,3,7,Card,6,0,4.4,116.73
50447,1136,2024-01-27,Voronezh Oblast,Voronezh,Web,Marketplace,beauty,Makeup Palette,48.75,1,10,SBP,4,0,4.5,48.75
50448,1721,2024-01-28,Nizhny Novgorod Oblast,Nizhny Novgorod,App,Marketplace,home,Coffee Machine,142.54,2,15,Credit,3,0,4.7,285.08
50449,1277,2024-01-29,Rostov Oblast,Rostov-on-Don,Web,Marketplace,kids,Board Game,32.32,1,18,Cash,3,0,4.7,32.32
50450,1376,2024-01-30,Orenburg Oblast,Orenburg,Web,Direct,clothes,Adidas Sneakers,111.27,1,0,Cash,3,1,4.1,111.27
50451,1720,2024-01-31,Saratov Oblast,Saratov,Web,Email,beauty,Face Serum,30.37,1,10,Cash,3,0,4.3,30.37
50452,1482,2024-02-01,Udmurtia,Izhevsk,App,Social,kids,Kids Backpack,33.42,1,5,SBP,2,0,4.7,33.42
50453,1152,2024-02-02,Omsk Oblast,Omsk,App,Organic Search,clothes,Basic T-Shirt,20.05,1,20,Credit,4,1,3.8,20.05
50454,1822,2024-02-03,Krasnodar Krai,Sochi,App,Marketplace,books,Python Book,44.12,1,7,Cash,3,1,3.8,44.12
50455,1581,2024-02-04,Tomsk Oblast,Tomsk,App,Social,auto,Dash Camera,97.82,1,12,Cash,2,0,4.6,97.82
50456,1165,2024-02-05,Altai Krai,Barnaul,Web,Email,kids,Kids Backpack,32.42,2,0,SBP,3,0,4.8,64.84
50457,1325,2024-02-06,Rostov Oblast,Rostov-on-Don,App,Direct,auto,Phone Holder,17.68,1,5,SBP,3,1,4.2,17.68
50458,1757,2024-02-07,Krasnodar Krai,Sochi,Web,Direct,sports,Yoga Mat,44.31,1,0,SBP,2,1,4.0,44.31
50459,1042,2024-02-08,Saratov Oblast,Saratov,Mobile,Paid Search,clothes,Winter Hoodie,64.07,2,20,Cash,3,0,4.7,128.14
50460,1786,2024-02-09,Volgograd Oblast,Volgograd,App,Paid Search,beauty,Hair Dryer,77.71,1,0,SBP,2,0,4.4,77.71
50461,1408,2024-02-10,Sverdlovsk Oblast,Yekaterinburg,Web,Direct,electronics,Smart Watch,202.68,1,10,Cash,2,0,4.6,202.68
50462,1426,2024-02-11,Kaliningrad Oblast,Kaliningrad,App,Direct,books,Cookbook,23.9,4,18,Credit,5,0,4.6,95.6
50463,1068,2024-02-12,Nizhny Novgorod Oblast,Nizhny Novgorod,Web,Organic Search,electronics,Smart Watch,136.36,1,3,Credit,1,0,4.7,136.36
50464,1843,2024-02-13,Tatarstan,Kazan,App,Paid Search,electronics,Wireless Headphones,98.27,3,3,SBP,3,0,4.5,294.81
50465,1682,2024-02-14,Tomsk Oblast,Tomsk,Web,Organic Search,clothes,Winter Hoodie,55.0,1,5,SBP,3,1,3.7,55.0
50466,1703,2024-02-15,Voronezh Oblast,Voronezh,App,Social,home,Vacuum Cleaner,200.59,1,5,Credit,2,0,4.7,200.59
50467,1055,2024-02-16,Kaliningrad Oblast,Kaliningrad,App,Paid Search,books,Cookbook,21.05,1,0,SBP,2,0,4.7,21.05
50468,1557,2024-02-17,Bashkortostan,Ufa,App,Social,sports,Running Shoes,116.86,1,15,SBP,3,0,4.7,116.86
50469,1497,2024-02-18,Kemerovo Oblast,Kemerovo,App,Marketplace,home,Desk Lamp,41.46,1,15,Credit,5,0,4.4,41.46
50470,1730,2024-02-19,Perm Krai,Perm,App,Email,auto,Phone Holder,21.33,2,10,Card,2,0,4.1,42.66
50471,1782,2024-02-20,Voronezh Oblast,Voronezh,App,Email,beauty,Face Serum,42.68,1,5,SBP,3,0,4.2,42.68
50472,1708,2024-02-21,Rostov Oblast,Rostov-on-Don,Web,Direct,clothes,Basic T-Shirt,22.8,1,3,Card,3,1,4.0,22.8
50473,1011,2024-02-22,Tatarstan,Kazan,Web,Direct,electronics,Smart Watch,237.55,1,7,Card,3,0,4.6,237.55
50474,1165,2024-02-23,Orenburg Oblast,Orenburg,Web,Email,electronics,Smartphone Samsung,351.23,1,15,Cash,5,0,4.2,351.23
50475,1220,2024-02-24,Irkutsk Oblast,Irkutsk,Web,Direct,clothes,Basic T-Shirt,26.01,3,3,Credit,4,0,4.5,78.03
50476,1127,2024-02-25,Bashkortostan,Ufa,App,Direct,clothes,Zara Jacket,110.65,1,3,Credit,3,0,4.8,110.65
50477,1704,2024-02-26,Krasnodar Krai,Krasnodar,Web,Marketplace,beauty,Makeup Palette,42.35,1,10,Credit,2,0,4.8,42.35
50478,1504,2024-02-27,Novosibirsk Oblast,Novosibirsk,Mobile,Organic Search,beauty,Hair Dryer,64.75,2,7,Card,3,0,4.5,129.5
50479,1347,2024-02-28,Tyumen Oblast,Tyumen,App,Organic Search,sports,Bicycle Helmet,53.96,1,20,Cash,3,0,4.6,53.96
50480,1410,2024-02-29,Krasnoyarsk Krai,Krasnoyarsk,App,Organic Search,books,Notebook Set,19.84,2,10,SBP,4,0,4.9,39.68
50481,1102,2024-03-01,Chelyabinsk Oblast,Chelyabinsk,Mobile,Paid Search,clothes,Winter Hoodie,55.18,1,3,Card,2,0,4.7,55.18
50482,1505,2024-03-02,Tomsk Oblast,Tomsk,Mobile,Organic Search,electronics,Laptop Lenovo IdeaPad,726.83,1,10,Credit,4,0,4.2,726.83
50483,1122,2024-03-03,Sverdlovsk Oblast,Yekaterinburg,App,Social,home,Bed Linen Set,62.6,1,0,Credit,3,0,4.0,62.6
50484,1733,2024-03-04,Omsk Oblast,Omsk,App,Direct,home,Bed Linen Set,43.52,2,5,Credit,3,0,4.4,87.04
50485,1387,2024-03-05,Chelyabinsk Oblast,Chelyabinsk,Web,Marketplace,kids,Toy Car,23.11,1,0,SBP,4,0,4.6,23.11
50486,1100,2024-03-06,Udmurtia,Izhevsk,App,Paid Search,auto,Dash Camera,71.73,1,15,Credit,5,0,4.5,71.73
50487,1174,2024-03-07,Bashkortostan,Ufa,App,Marketplace,auto,Motor Oil,35.93,1,0,Card,2,0,4.2,35.93
50488,1400,2024-03-08,Primorsky Krai,Vladivostok,Web,Organic Search,sports,Dumbbells Set,93.58,1,12,SBP,2,0,4.3,93.58
50489,1207,2024-03-09,Khabarovsk Krai,Khabarovsk,App,Marketplace,electronics,Smart Watch,147.94,2,12,Credit,5,0,4.6,295.88
50490,1735,2024-03-10,Saratov Oblast,Saratov,Web,Paid Search,books,Python Book,32.29,1,10,Card,3,0,4.4,32.29
50491,1553,2024-03-11,Khabarovsk Krai,Khabarovsk,Web,Paid Search,sports,Bicycle Helmet,54.08,2,12,SBP,4,0,4.9,108.16
50492,1677,2024-03-12,Sverdlovsk Oblast,Yekaterinburg,Web,Organic Search,sports,Running Shoes,133.94,3,10,Credit,2,0,4.6,401.82
50493,1446,2024-03-13,Samara Oblast,Samara,Mobile,Marketplace,auto,Motor Oil,43.52,1,0,Credit,4,0,4.8,43.52
50494,1029,2024-03-14,Perm Krai,Perm,Web,Organic Search,books,Python Book,34.17,1,12,Cash,3,0,4.8,34.17
50495,1564,2024-03-15,Orenburg Oblast,Orenburg,App,Organic Search,books,Notebook Set,16.33,1,5,Cash,5,0,4.5,16.33
50496,1674,2024-03-16,Saratov Oblast,Saratov,Web,Direct,books,Notebook Set,19.35,1,18,Card,4,0,4.4,19.35
50497,1093,2024-03-17,Tyumen Oblast,Tyumen,App,Paid Search,auto,Phone Holder,26.07,1,15,Cash,5,0,4.2,26.07
50498,1282,2024-03-18,Krasnoyarsk Krai,Krasnoyarsk,App,Paid Search,electronics,Wireless Headphones,105.17,2,20,Credit,4,0,4.6,210.34
50499,1149,2024-03-19,Voronezh Oblast,Voronezh,App,Social,home,Coffee Machine,160.56,1,7,SBP,3,0,4.8,160.56
50500,1394,2024-03-20,Chelyabinsk Oblast,Chelyabinsk,App,Paid Search,clothes,Adidas Sneakers,90.61,2,0,SBP,4,0,4.4,181.22
50501,1262,2024-03-21,Saratov Oblast,Saratov,Mobile,Marketplace,auto,Dash Camera,75.32,2,5,SBP,4,0,4.4,150.64
50502,1843,2024-03-22,Tatarstan,Kazan,App,Email,auto,Phone Holder,27.03,2,15,Credit,2,0,4.7,54.06
50503,1465,2024-03-23,Chelyabinsk Oblast,Chelyabinsk,Web,Direct,kids,Board Game,33.26,1,5,Card,2,0,4.4,33.26
50504,1787,2024-03-24,Udmurtia,Izhevsk,Web,Marketplace,electronics,Smartphone Samsung,339.46,1,5,Cash,4,0,4.6,339.46
50505,1087,2024-03-25,Kemerovo Oblast,Kemerovo,Web,Social,clothes,Winter Hoodie,57.51,1,3,Credit,3,0,4.5,57.51
50506,1204,2024-03-26,Bashkortostan,Ufa,Mobile,Paid Search,home,Bed Linen Set,50.38,3,10,SBP,2,0,4.3,151.14
50507,1792,2024-03-27,Kaliningrad Oblast,Kaliningrad,App,Organic Search,books,Python Book,44.32,3,3,Credit,3,0,4.6,132.96
50508,1615,2024-03-28,Tomsk Oblast,Tomsk,App,Email,clothes,Basic T-Shirt,22.0,2,5,Cash,3,0,4.7,44.0
50509,1088,2024-03-29,Tomsk Oblast,Tomsk,App,Organic Search,home,Vacuum Cleaner,406.64,1,7,Card,4,0,4.8,406.64
50510,1341,2024-03-30,Chelyabinsk Oblast,Chelyabinsk,Mobile,Organic Search,electronics,Wireless Headphones,96.88,2,15,Cash,3,1,4.0,193.76
50511,1267,2024-03-31,Chelyabinsk Oblast,Chelyabinsk,App,Paid Search,auto,Car Vacuum,54.66,1,5,Cash,4,0,4.5,54.66
50512,1288,2024-04-01,Irkutsk Oblast,Irkutsk,Mobile,Email,beauty,Hair Dryer,59.28,1,5,SBP,3,0,5.0,59.28
50513,1674,2024-04-02,Stavropol Krai,Stavropol,Web,Social,sports,Running Shoes,112.59,1,15,Credit,1,0,4.7,112.59
50514,1727,2024-04-03,Saint Petersburg,Saint Petersburg,App,Direct,home,Coffee Machine,173.48,1,0,Credit,3,0,4.5,173.48
50515,1218,2024-04-04,Omsk Oblast,Omsk,App,Direct,beauty,Perfume,85.58,2,15,Card,4,0,4.3,171.16
50516,1383,2024-04-05,Irkutsk Oblast,Irkutsk,App,Direct,kids,Kids Backpack,31.91,1,5,Card,3,0,5.0,31.91
50517,1464,2024-04-06,Tomsk Oblast,Tomsk,App,Marketplace,sports,Bicycle Helmet,53.62,3,10,SBP,6,0,4.3,160.86
50518,1262,2024-04-07,Yaroslavl Oblast,Yaroslavl,App,Direct,auto,Phone Holder,24.17,2,15,Cash,1,0,4.6,48.34
50519,1443,2024-04-08,Novosibirsk Oblast,Novosibirsk,App,Email,auto,Motor Oil,36.43,1,15,SBP,3,0,4.6,36.43
50520,1775,2024-04-09,Altai Krai,Barnaul,App,Direct,clothes,Zara Jacket,133.79,1,18,Credit,2,0,4.7,133.79
50521,1540,2024-04-10,Orenburg Oblast,Orenburg,App,Organic Search,sports,Yoga Mat,26.58,4,12,Card,3,0,4.4,106.32
50522,1565,2024-04-11,Nizhny Novgorod Oblast,Nizhny Novgorod,Mobile,Organic Search,beauty,Face Serum,34.88,2,5,Card,3,0,4.9,69.76
50523,1117,2024-04-12,Stavropol Krai,Stavropol,App,Organic Search,electronics,Laptop Lenovo IdeaPad,569.45,1,3,Credit,3,0,4.7,569.45
50524,1830,2024-04-13,Rostov Oblast,Rostov-on-Don,App,Organic Search,kids,Toy Car,27.38,1,7,Cash,2,0,4.4,27.38
50525,1763,2024-04-14,Sverdlovsk Oblast,Yekaterinburg,Mobile,Direct,home,Desk Lamp,63.61,1,12,Credit,2,0,4.7,63.61
50526,1193,2024-04-15,Nizhny Novgorod Oblast,Nizhny Novgorod,Web,Marketplace,clothes,Adidas Sneakers,126.31,1,0,Card,3,0,5.0,126.31
50527,1120,2024-04-16,Sverdlovsk Oblast,Yekaterinburg,Web,Organic Search,beauty,Perfume,126.93,1,0,Cash,3,0,4.5,126.93
50528,1106,2024-04-17,Altai Krai,Barnaul,Mobile,Organic Search,electronics,Smart Watch,116.62,1,5,Credit,4,0,4.3,116.62
50529,1541,2024-04-18,Voronezh Oblast,Voronezh,App,Organic Search,books,Cookbook,22.86,1,12,Card,3,0,4.4,22.86
50530,1295,2024-04-19,Voronezh Oblast,Voronezh,App,Marketplace,clothes,Basic T-Shirt,24.06,1,20,Cash,2,1,4.2,24.06
50531,1729,2024-04-20,Chelyabinsk Oblast,Chelyabinsk,App,Paid Search,sports,Yoga Mat,37.59,1,15,Credit,3,0,4.6,37.59
50532,1104,2024-04-21,Voronezh Oblast,Voronezh,Web,Email,books,Cookbook,24.13,2,12,Credit,3,0,4.8,48.26
50533,1346,2024-04-22,Chelyabinsk Oblast,Chelyabinsk,Web,Direct,home,Vacuum Cleaner,187.54,2,3,Credit,4,0,4.3,375.08
50534,1707,2024-04-23,Krasnodar Krai,Krasnodar,Web,Organic Search,clothes,Basic T-Shirt,24.14,1,0,Card,3,0,4.5,24.14
50535,1172,2024-04-24,Kaliningrad Oblast,Kaliningrad,Web,Direct,electronics,Smart Watch,208.5,1,18,Card,4,0,4.7,208.5
50536,1126,2024-04-25,Kemerovo Oblast,Kemerovo,App,Social,home,Desk Lamp,41.77,1,18,Cash,4,0,4.7,41.77
50537,1156,2024-04-26,Omsk Oblast,Omsk,App,Organic Search,auto,Car Vacuum,47.69,1,5,Credit,3,0,4.4,47.69
50538,1735,2024-04-27,Orenburg Oblast,Orenburg,App,Organic Search,home,Bed Linen Set,63.19,1,12,Card,4,0,4.4,63.19
50539,1731,2024-04-28,Tatarstan,Kazan,Mobile,Email,sports,Dumbbells Set,86.9,1,20,SBP,3,0,4.9,86.9
50540,1558,2024-04-29,Voronezh Oblast,Voronezh,Web,Social,sports,Running Shoes,185.16,1,20,Credit,2,0,4.4,185.16
50541,1219,2024-04-30,Kaliningrad Oblast,Kaliningrad,Web,Social,sports,Dumbbells Set,77.07,1,12,Card,4,0,4.3,77.07
50542,1518,2024-05-01,Irkutsk Oblast,Irkutsk,Web,Email,beauty,Hair Dryer,57.36,1,3,Card,4,0,4.4,57.36
50543,1825,2024-05-02,Yaroslavl Oblast,Yaroslavl,App,Paid Search,electronics,Wireless Headphones,140.61,1,5,Cash,2,0,4.4,140.61
50544,1436,2024-05-03,Bashkortostan,Ufa,Web,Paid Search,home,Vacuum Cleaner,225.39,1,3,Credit,3,0,4.4,225.39
50545,1599,2024-05-04,Tatarstan,Kazan,Mobile,Organic Search,electronics,Smart Watch,148.55,2,7,Credit,1,0,4.5,297.1
50546,1526,2024-05-05,Saratov Oblast,Saratov,Web,Organic Search,sports,Dumbbells Set,87.2,1,10,Card,2,0,4.7,87.2
50547,1042,2024-05-06,Kaliningrad Oblast,Kaliningrad,App,Email,home,Bed Linen Set,74.79,3,10,Cash,3,0,4.7,224.37
50548,1188,2024-05-07,Krasnodar Krai,Krasnodar,App,Organic Search,sports,Running Shoes,98.15,2,7,Credit,4,0,4.4,196.3
50549,1621,2024-05-08,Moscow,Moscow,App,Direct,electronics,Wireless Headphones,111.58,1,20,Cash,2,0,4.4,111.58
50550,1405,2024-05-09,Udmurtia,Izhevsk,Web,Marketplace,electronics,Smart Watch,145.24,1,15,SBP,3,0,4.5,145.24
50551,1660,2024-05-10,Primorsky Krai,Vladivostok,Web,Marketplace,electronics,Smart Watch,142.64,1,10,Card,5,0,4.2,142.64
50552,1806,2024-05-11,Sverdlovsk Oblast,Yekaterinburg,Mobile,Paid Search,auto,Car Vacuum,50.96,3,0,Cash,3,1,3.8,152.88
50553,1541,2024-05-12,Novosibirsk Oblast,Novosibirsk,App,Paid Search,books,Notebook Set,19.35,1,18,SBP,4,0,4.6,19.35
50554,1630,2024-05-13,Tyumen Oblast,Tyumen,Mobile,Paid Search,home,Coffee Machine,144.95,1,0,SBP,2,0,4.9,144.95
50555,1771,2024-05-14,Rostov Oblast,Rostov-on-Don,App,Direct,electronics,Laptop Lenovo IdeaPad,659.69,1,5,Cash,3,0,4.6,659.69
50556,1276,2024-05-15,Chelyabinsk Oblast,Chelyabinsk,Mobile,Social,beauty,Makeup Palette,35.0,1,7,Card,3,0,4.7,35.0
50557,1252,2024-05-16,Novosibirsk Oblast,Novosibirsk,App,Organic Search,kids,Kids Backpack,36.26,1,15,Credit,4,0,4.7,36.26
50558,1257,2024-05-17,Stavropol Krai,Stavropol,App,Organic Search,beauty,Face Serum,42.78,2,0,Credit,5,0,4.6,85.56
50559,1743,2024-05-18,Bashkortostan,Ufa,Web,Paid Search,books,Business Book,25.85,1,0,SBP,4,0,4.7,25.85
50560,1614,2024-05-19,Altai Krai,Barnaul,Mobile,Social,sports,Running Shoes,112.85,2,5,SBP,3,0,4.5,225.7
50561,1084,2024-05-20,Moscow,Moscow,Web,Direct,auto,Phone Holder,35.05,1,10,Card,1,0,4.4,35.05
50562,1128,2024-05-21,Primorsky Krai,Vladivostok,Web,Social,electronics,Smart Watch,204.38,1,5,Credit,5,0,4.0,204.38
50563,1736,2024-05-22,Bashkortostan,Ufa,App,Marketplace,auto,Motor Oil,32.26,3,5,Cash,4,0,4.7,96.78
50564,1583,2024-05-23,Novosibirsk Oblast,Novosibirsk,App,Organic Search,auto,Dash Camera,113.99,1,3,Credit,3,0,4.5,113.99
50565,1695,2024-05-24,Rostov Oblast,Rostov-on-Don,App,Email,beauty,Perfume,114.24,3,18,Card,4,0,4.3,342.72
50566,1417,2024-05-25,Kaliningrad Oblast,Kaliningrad,Web,Organic Search,clothes,Adidas Sneakers,102.67,2,12,SBP,4,0,4.4,205.34
50567,1200,2024-05-26,Krasnodar Krai,Krasnodar,App,Paid Search,clothes,Winter Hoodie,72.88,1,5,SBP,2,1,4.0,72.88
50568,1100,2024-05-27,Tatarstan,Kazan,Mobile,Email,auto,Car Vacuum,69.05,1,3,Card,3,0,4.8,69.05
50569,1533,2024-05-28,Chelyabinsk Oblast,Chelyabinsk,Web,Marketplace,sports,Bicycle Helmet,58.02,1,7,Cash,5,0,4.3,58.02
50570,1802,2024-05-29,Tatarstan,Kazan,Web,Marketplace,kids,Toy Car,24.66,4,20,Cash,1,0,5.0,98.64
50571,1771,2024-05-30,Saint Petersburg,Saint Petersburg,App,Paid Search,auto,Motor Oil,48.84,2,10,Credit,2,1,4.1,97.68
50572,1337,2024-05-31,Novosibirsk Oblast,Novosibirsk,App,Organic Search,books,Python Book,45.0,1,5,Cash,5,0,4.2,45.0
50573,1141,2024-06-01,Krasnodar Krai,Krasnodar,Web,Email,electronics,Laptop Lenovo IdeaPad,863.88,1,5,Card,2,0,4.7,863.88
50574,1378,2024-06-02,Saint Petersburg,Saint Petersburg,App,Marketplace,electronics,Smart Watch,200.08,3,15,Card,2,0,4.8,600.24
50575,1071,2024-06-03,Irkutsk Oblast,Irkutsk,App,Paid Search,clothes,Zara Jacket,145.27,1,5,SBP,5,0,4.3,145.27
50576,1044,2024-06-04,Sverdlovsk Oblast,Yekaterinburg,Web,Social,clothes,Winter Hoodie,77.64,1,5,Credit,2,0,4.7,77.64
50577,1189,2024-06-05,Novosibirsk Oblast,Novosibirsk,Web,Organic Search,auto,Phone Holder,23.81,2,20,Card,2,0,5.0,47.62
50578,1291,2024-06-06,Bashkortostan,Ufa,App,Direct,electronics,Wireless Headphones,79.4,1,20,Cash,1,0,5.0,79.4
50579,1671,2024-06-07,Novosibirsk Oblast,Novosibirsk,App,Paid Search,auto,Phone Holder,20.31,1,5,Card,4,0,4.8,20.31
50580,1067,2024-06-08,Perm Krai,Perm,App,Social,auto,Dash Camera,103.59,3,25,Card,5,0,4.4,310.77
50581,1602,2024-06-09,Krasnodar Krai,Sochi,Web,Email,auto,Phone Holder,24.8,1,7,Cash,2,0,4.3,24.8
50582,1804,2024-06-10,Kemerovo Oblast,Kemerovo,App,Direct,beauty,Perfume,101.33,1,10,Credit,3,0,4.5,101.33
50583,1712,2024-06-11,Orenburg Oblast,Orenburg,App,Organic Search,clothes,Basic T-Shirt,26.87,1,10,Credit,3,0,4.7,26.87
50584,1224,2024-06-12,Kaliningrad Oblast,Kaliningrad,App,Organic Search,auto,Motor Oil,47.28,2,3,SBP,4,0,4.4,94.56
50585,1525,2024-06-13,Voronezh Oblast,Voronezh,Mobile,Social,auto,Phone Holder,18.96,2,5,SBP,2,1,3.9,37.92
50586,1514,2024-06-14,Voronezh Oblast,Voronezh,App,Organic Search,beauty,Makeup Palette,39.89,1,3,Card,2,0,4.5,39.89
50587,1282,2024-06-15,Orenburg Oblast,Orenburg,App,Direct,home,Vacuum Cleaner,185.62,1,12,Cash,3,0,5.0,185.62
50588,1416,2024-06-16,Kaliningrad Oblast,Kaliningrad,Mobile,Marketplace,clothes,Zara Jacket,155.81,1,5,Card,4,0,4.2,155.81
50589,1473,2024-06-17,Chelyabinsk Oblast,Chelyabinsk,Mobile,Email,clothes,Zara Jacket,109.47,1,10,SBP,4,0,4.2,109.47
50590,1756,2024-06-18,Orenburg Oblast,Orenburg,App,Marketplace,electronics,Smartphone Samsung,389.51,2,0,Card,5,0,4.7,779.02
50591,1033,2024-06-19,Chelyabinsk Oblast,Chelyabinsk,App,Organic Search,books,Cookbook,22.05,2,12,Cash,3,0,4.9,44.1
50592,1487,2024-06-20,Krasnodar Krai,Sochi,Web,Paid Search,auto,Dash Camera,123.51,1,5,Card,4,0,4.5,123.51
50593,1072,2024-06-21,Perm Krai,Perm,Web,Social,beauty,Makeup Palette,36.34,1,0,Credit,3,0,4.4,36.34
50594,1133,2024-06-22,Nizhny Novgorod Oblast,Nizhny Novgorod,Web,Direct,home,Desk Lamp,41.19,1,5,Credit,3,0,4.5,41.19
50595,1602,2024-06-23,Chelyabinsk Oblast,Chelyabinsk,Mobile,Email,kids,Toy Car,19.31,1,12,Cash,2,0,4.7,19.31
50596,1503,2024-06-24,Irkutsk Oblast,Irkutsk,App,Direct,clothes,Winter Hoodie,75.96,2,10,Credit,4,0,4.7,151.92
50597,1184,2024-06-25,Omsk Oblast,Omsk,App,Organic Search,clothes,Basic T-Shirt,22.6,2,7,Credit,4,0,4.1,45.2
50598,1069,2024-06-26,Omsk Oblast,Omsk,Web,Direct,sports,Yoga Mat,30.15,1,18,Cash,3,0,5.0,30.15
50599,1028,2024-06-27,Stavropol Krai,Stavropol,Mobile,Direct,beauty,Face Serum,39.76,2,7,Card,3,1,4.0,79.52
50600,1476,2024-06-28,Saratov Oblast,Saratov,App,Marketplace,clothes,Winter Hoodie,57.53,1,3,Credit,3,0,4.5,57.53
50601,1548,2024-06-29,Omsk Oblast,Omsk,Web,Organic Search,electronics,Smartphone Samsung,340.14,2,3,Credit,4,0,4.5,680.28
50602,1651,2024-06-30,Rostov Oblast,Rostov-on-Don,Web,Email,electronics,Laptop Lenovo IdeaPad,694.71,2,18,Card,2,1,3.9,1389.42
50603,1029,2024-07-01,Tyumen Oblast,Tyumen,App,Direct,clothes,Winter Hoodie,56.48,1,3,Card,3,1,3.8,56.48
50604,1576,2024-07-02,Perm Krai,Perm,App,Direct,books,Python Book,42.33,1,0,Cash,3,0,4.7,42.33
50605,1226,2024-07-03,Krasnoyarsk Krai,Krasnoyarsk,Mobile,Direct,home,Bed Linen Set,52.16,1,0,Card,4,0,4.5,52.16
50606,1583,2024-07-04,Volgograd Oblast,Volgograd,App,Email,books,Cookbook,21.92,1,25,Cash,3,0,4.3,21.92
50607,1683,2024-07-05,Samara Oblast,Samara,Mobile,Marketplace,auto,Dash Camera,91.54,2,0,Credit,3,0,5.0,183.08
50608,1243,2024-07-06,Tatarstan,Kazan,App,Marketplace,sports,Dumbbells Set,98.11,2,0,Credit,4,0,4.6,196.22
50609,1455,2024-07-07,Udmurtia,Izhevsk,App,Social,home,Coffee Machine,143.61,1,10,SBP,3,0,5.0,143.61
50610,1681,2024-07-08,Krasnodar Krai,Sochi,Web,Organic Search,home,Coffee Machine,182.83,1,15,Cash,3,0,4.8,182.83
50611,1145,2024-07-09,Orenburg Oblast,Orenburg,Web,Organic Search,clothes,Zara Jacket,122.92,1,0,Cash,1,1,3.9,122.92
50612,1591,2024-07-10,Krasnodar Krai,Sochi,App,Direct,electronics,Smartphone Samsung,463.95,1,3,Credit,2,0,4.8,463.95
50613,1813,2024-07-11,Saratov Oblast,Saratov,App,Social,home,Bed Linen Set,52.11,1,10,Credit,3,0,4.3,52.11
50614,1621,2024-07-12,Moscow,Moscow,Web,Social,kids,Toy Car,30.3,2,3,Credit,1,0,4.7,60.6
50615,1761,2024-07-13,Tatarstan,Kazan,App,Email,sports,Dumbbells Set,71.25,2,5,SBP,2,0,4.8,142.5
50616,1770,2024-07-14,Tyumen Oblast,Tyumen,App,Direct,beauty,Face Serum,49.35,3,0,SBP,3,0,4.1,148.05
50617,1029,2024-07-15,Irkutsk Oblast,Irkutsk,Web,Marketplace,clothes,Adidas Sneakers,111.22,1,7,Cash,5,0,4.3,111.22
50618,1724,2024-07-16,Samara Oblast,Samara,App,Paid Search,clothes,Zara Jacket,135.41,1,0,Card,4,0,4.7,135.41
50619,1746,2024-07-17,Irkutsk Oblast,Irkutsk,App,Organic Search,auto,Motor Oil,36.46,3,12,Card,3,0,4.8,109.38
50620,1072,2024-07-18,Krasnodar Krai,Krasnodar,Web,Social,clothes,Adidas Sneakers,133.87,1,5,Credit,4,1,3.7,133.87
50621,1218,2024-07-19,Irkutsk Oblast,Irkutsk,Web,Email,sports,Running Shoes,101.28,1,7,Cash,4,0,4.5,101.28
50622,1301,2024-07-20,Sverdlovsk Oblast,Yekaterinburg,Web,Email,electronics,Smartphone Samsung,411.42,1,10,Card,1,0,4.3,411.42
50623,1809,2024-07-21,Tyumen Oblast,Tyumen,App,Paid Search,electronics,Laptop Lenovo IdeaPad,694.47,2,0,Card,3,0,5.0,1388.94
50624,1352,2024-07-22,Krasnodar Krai,Krasnodar,App,Paid Search,home,Coffee Machine,191.35,3,7,SBP,2,0,4.8,574.05
50625,1143,2024-07-23,Tomsk Oblast,Tomsk,Web,Organic Search,home,Desk Lamp,42.5,2,15,Card,5,0,4.4,85.0
50626,1833,2024-07-24,Krasnoyarsk Krai,Krasnoyarsk,Mobile,Email,electronics,Wireless Headphones,90.75,2,7,SBP,3,0,4.7,181.5
50627,1488,2024-07-25,Moscow,Moscow,Mobile,Marketplace,clothes,Basic T-Shirt,29.35,1,7,Card,1,0,4.6,29.35
50628,1562,2024-07-26,Yaroslavl Oblast,Yaroslavl,Web,Paid Search,sports,Yoga Mat,38.37,2,0,Credit,2,0,4.7,76.74
50629,1165,2024-07-27,Rostov Oblast,Rostov-on-Don,App,Paid Search,auto,Car Vacuum,48.64,2,12,SBP,4,0,4.6,97.28
50630,1815,2024-07-28,Altai Krai,Barnaul,App,Social,sports,Running Shoes,114.19,2,12,SBP,5,0,4.2,228.38
50631,1239,2024-01-01,Kemerovo Oblast,Kemerovo,Web,Organic Search,home,Coffee Machine,165.85,2,12,Cash,4,0,4.0,331.7
50632,1591,2024-01-02,Samara Oblast,Samara,App,Social,electronics,Laptop Lenovo IdeaPad,798.06,2,0,Card,2,0,5.0,1596.12
50633,1405,2024-01-03,Nizhny Novgorod Oblast,Nizhny Novgorod,Web,Organic Search,electronics,Smartphone Samsung,398.02,2,15,Card,1,0,4.6,796.04
50634,1720,2024-01-04,Primorsky Krai,Vladivostok,App,Social,books,Cookbook,29.24,1,10,Card,5,0,4.6,29.24
50635,1157,2024-01-05,Krasnoyarsk Krai,Krasnoyarsk,App,Marketplace,sports,Bicycle Helmet,54.07,1,5,Cash,4,0,4.5,54.07
50636,1164,2024-01-06,Kemerovo Oblast,Kemerovo,Web,Direct,kids,Kids Backpack,38.7,2,12,Card,3,0,5.0,77.4
50637,1404,2024-01-07,Primorsky Krai,Vladivostok,Web,Social,sports,Dumbbells Set,100.62,1,5,Card,4,0,4.4,100.62
50638,1824,2024-01-08,Krasnodar Krai,Sochi,Web,Marketplace,sports,Bicycle Helmet,53.22,1,7,Cash,1,0,4.7,53.22
50639,1058,2024-01-09,Yaroslavl Oblast,Yaroslavl,Web,Paid Search,clothes,Adidas Sneakers,96.72,2,5,Card,4,1,3.7,193.44
50640,1247,2024-01-10,Bashkortostan,Ufa,Mobile,Direct,auto,Phone Holder,25.74,1,20,Credit,2,1,3.7,25.74
50641,1648,2024-01-11,Chelyabinsk Oblast,Chelyabinsk,Web,Organic Search,home,Vacuum Cleaner,221.38,2,0,Credit,2,0,4.7,442.76
50642,1097,2024-01-12,Bashkortostan,Ufa,App,Organic Search,electronics,Laptop Lenovo IdeaPad,745.14,1,10,Cash,4,0,4.5,745.14
50643,1570,2024-01-13,Tyumen Oblast,Tyumen,App,Email,beauty,Makeup Palette,40.72,3,15,Credit,3,1,4.3,122.16
50644,1126,2024-01-14,Tatarstan,Kazan,Web,Email,beauty,Face Serum,47.5,1,10,Card,3,0,4.9,47.5
50645,1001,2024-01-15,Krasnodar Krai,Sochi,App,Social,clothes,Zara Jacket,295.78,1,5,Cash,2,0,4.6,295.78
50646,1705,2024-01-16,Nizhny Novgorod Oblast,Nizhny Novgorod,Web,Organic Search,electronics,Wireless Headphones,80.98,1,20,Card,4,0,4.5,80.98
50647,1638,2024-01-17,Volgograd Oblast,Volgograd,App,Email,books,Business Book,25.24,3,10,Credit,3,0,4.9,75.72
50648,1751,2024-01-18,Tatarstan,Kazan,App,Email,beauty,Hair Dryer,72.56,1,7,SBP,2,1,3.6,72.56
50649,1027,2024-01-19,Saratov Oblast,Saratov,Web,Paid Search,clothes,Zara Jacket,129.67,1,7,Cash,5,0,5.0,129.67
50650,1011,2024-01-20,Tatarstan,Kazan,Web,Organic Search,home,Coffee Machine,134.02,1,5,Card,2,0,5.0,134.02
50651,1358,2024-01-21,Tyumen Oblast,Tyumen,App,Direct,auto,Phone Holder,26.54,1,18,SBP,1,0,4.4,26.54
50652,1413,2024-01-22,Primorsky Krai,Vladivostok,Mobile,Email,home,Coffee Machine,153.71,1,15,Credit,4,0,4.2,153.71
50653,1725,2024-01-23,Khabarovsk Krai,Khabarovsk,Web,Marketplace,electronics,Laptop Lenovo IdeaPad,650.17,1,15,Cash,6,0,4.4,650.17
50654,1313,2024-01-24,Volgograd Oblast,Volgograd,App,Social,clothes,Winter Hoodie,68.03,1,7,Card,5,0,4.2,68.03
50655,1505,2024-01-25,Nizhny Novgorod Oblast,Nizhny Novgorod,Web,Marketplace,sports,Running Shoes,97.68,3,0,Card,4,0,4.6,293.04
50656,1008,2024-01-26,Voronezh Oblast,Voronezh,App,Paid Search,clothes,Zara Jacket,133.93,1,0,Credit,3,0,4.7,133.93
50657,1173,2024-01-27,Kaliningrad Oblast,Kaliningrad,App,Marketplace,beauty,Hair Dryer,83.78,4,20,Cash,3,0,4.6,335.12
50658,1785,2024-01-28,Rostov Oblast,Rostov-on-Don,App,Direct,electronics,Smartphone Samsung,411.79,1,0,Card,4,0,4.4,411.79
50659,1037,2024-01-29,Nizhny Novgorod Oblast,Nizhny Novgorod,App,Direct,home,Desk Lamp,46.04,1,5,Credit,4,0,4.4,46.04
50660,1104,2024-01-30,Altai Krai,Barnaul,App,Direct,clothes,Winter Hoodie,60.74,1,0,Credit,4,0,4.4,60.74
50661,1550,2024-01-31,Chelyabinsk Oblast,Chelyabinsk,App,Organic Search,home,Vacuum Cleaner,158.98,1,7,SBP,3,0,4.8,158.98
50662,1340,2024-02-01,Krasnodar Krai,Krasnodar,App,Social,auto,Motor Oil,80.7,2,0,Card,3,0,4.8,161.4
50663,1410,2024-02-02,Rostov Oblast,Rostov-on-Don,Mobile,Social,clothes,Winter Hoodie,53.45,1,12,Credit,4,0,4.8,53.45
50664,1756,2024-02-03,Krasnodar Krai,Sochi,Web,Email,electronics,Laptop Lenovo IdeaPad,688.43,2,3,Card,3,0,4.5,1376.86
50665,1254,2024-02-04,Voronezh Oblast,Voronezh,App,Organic Search,beauty,Hair Dryer,61.87,1,3,Credit,3,0,4.2,61.87
50666,1281,2024-02-05,Sverdlovsk Oblast,Yekaterinburg,Web,Paid Search,beauty,Face Serum,42.14,2,10,Cash,3,0,4.7,84.28
50667,1063,2024-02-06,Stavropol Krai,Stavropol,Web,Direct,electronics,Laptop Lenovo IdeaPad,783.64,1,12,Credit,4,0,4.5,783.64
50668,1330,2024-02-07,Saratov Oblast,Saratov,App,Social,electronics,Laptop Lenovo IdeaPad,796.76,1,18,Cash,3,0,4.7,796.76
50669,1340,2024-02-08,Nizhny Novgorod Oblast,Nizhny Novgorod,App,Social,beauty,Face Serum,44.91,1,0,SBP,4,0,4.5,44.91
50670,1671,2024-02-09,Yaroslavl Oblast,Yaroslavl,App,Social,books,Cookbook,20.71,3,0,Cash,2,0,4.5,62.13
50671,1429,2024-02-10,Sverdlovsk Oblast,Yekaterinburg,App,Paid Search,clothes,Basic T-Shirt,28.92,1,15,SBP,2,1,3.9,28.92
50672,1171,2024-02-11,Altai Krai,Barnaul,Mobile,Organic Search,books,Cookbook,22.91,1,7,SBP,1,0,4.6,22.91
50673,1077,2024-02-12,Kaliningrad Oblast,Kaliningrad,App,Paid Search,auto,Dash Camera,85.15,1,15,Cash,2,0,4.7,85.15
50674,1810,2024-02-13,Omsk Oblast,Omsk,Web,Organic Search,kids,Toy Car,21.35,1,0,Credit,4,0,4.9,21.35
50675,1285,2024-02-14,Irkutsk Oblast,Irkutsk,App,Email,clothes,Adidas Sneakers,106.99,1,3,Cash,3,0,4.6,106.99
50676,1723,2024-02-15,Samara Oblast,Samara,Web,Email,books,Python Book,47.22,1,10,SBP,1,0,4.2,47.22
50677,1797,2024-02-16,Yaroslavl Oblast,Yaroslavl,App,Direct,electronics,Wireless Headphones,141.27,2,5,Card,2,0,4.7,282.54
50678,1828,2024-02-17,Yaroslavl Oblast,Yaroslavl,Mobile,Social,kids,Toy Car,27.03,1,15,Credit,3,0,4.8,27.03
50679,1664,2024-02-18,Krasnodar Krai,Sochi,App,Organic Search,sports,Dumbbells Set,78.89,1,18,SBP,4,0,4.8,78.89
50680,1540,2024-02-19,Moscow,Moscow,Web,Marketplace,home,Vacuum Cleaner,266.46,1,3,Cash,4,1,3.5,266.46
50681,1275,2024-02-20,Yaroslavl Oblast,Yaroslavl,Web,Organic Search,kids,Lego Set,82.03,1,15,Cash,3,0,4.6,82.03
50682,1836,2024-02-21,Saratov Oblast,Saratov,Mobile,Direct,clothes,Basic T-Shirt,24.79,2,0,Cash,4,0,4.8,49.58
50683,1426,2024-02-22,Nizhny Novgorod Oblast,Nizhny Novgorod,App,Paid Search,sports,Yoga Mat,36.63,1,15,Cash,3,0,4.8,36.63
50684,1116,2024-02-23,Moscow,Moscow,App,Organic Search,auto,Car Vacuum,57.24,1,18,Credit,1,0,5.0,57.24
50685,1183,2024-02-24,Rostov Oblast,Rostov-on-Don,App,Social,auto,Phone Holder,20.49,1,20,Credit,5,0,4.2,20.49
50686,1378,2024-02-25,Irkutsk Oblast,Irkutsk,Web,Email,sports,Yoga Mat,39.01,1,5,SBP,5,0,4.3,39.01
50687,1116,2024-02-26,Orenburg Oblast,Orenburg,Web,Email,auto,Car Vacuum,57.39,1,7,Credit,4,0,3.9,57.39
50688,1342,2024-02-27,Yaroslavl Oblast,Yaroslavl,App,Email,home,Coffee Machine,131.99,1,7,Cash,2,0,4.4,131.99
50689,1592,2024-02-28,Orenburg Oblast,Orenburg,App,Paid Search,auto,Phone Holder,20.6,1,15,Cash,3,0,4.8,20.6
50690,1798,2024-02-29,Kaliningrad Oblast,Kaliningrad,App,Direct,electronics,Wireless Headphones,97.9,1,0,Cash,4,0,4.4,97.9
50691,1381,2024-03-01,Nizhny Novgorod Oblast,Nizhny Novgorod,App,Email,beauty,Makeup Palette,36.82,3,12,Card,2,0,4.7,110.46
50692,1187,2024-03-02,Kaliningrad Oblast,Kaliningrad,App,Paid Search,electronics,Laptop Lenovo IdeaPad,1312.83,1,0,Credit,2,0,4.5,1312.83
50693,1770,2024-03-03,Yaroslavl Oblast,Yaroslavl,App,Marketplace,electronics,Wireless Headphones,86.79,2,5,Cash,4,1,4.1,173.58
50694,1161,2024-03-04,Irkutsk Oblast,Irkutsk,Web,Marketplace,electronics,Smart Watch,187.12,2,3,SBP,3,0,4.6,374.24
50695,1480,2024-03-05,Tatarstan,Kazan,Web,Organic Search,beauty,Perfume,115.67,1,15,Credit,1,0,4.5,115.67
50696,1344,2024-03-06,Perm Krai,Perm,Web,Email,clothes,Winter Hoodie,50.71,1,5,Card,4,0,4.6,50.71
50697,1584,2024-03-07,Novosibirsk Oblast,Novosibirsk,App,Paid Search,home,Coffee Machine,127.81,1,3,Card,4,1,3.7,127.81
50698,1401,2024-03-08,Khabarovsk Krai,Khabarovsk,App,Social,auto,Motor Oil,35.93,4,15,SBP,5,0,4.3,143.72
50699,1039,2024-03-09,Krasnodar Krai,Sochi,App,Marketplace,clothes,Basic T-Shirt,28.96,2,0,SBP,3,0,4.4,57.92
50700,1514,2024-03-10,Rostov Oblast,Rostov-on-Don,App,Marketplace,electronics,Smart Watch,131.97,3,15,SBP,2,0,4.3,395.91
50701,1077,2024-03-11,Omsk Oblast,Omsk,App,Paid Search,kids,Board Game,32.91,3,15,Cash,3,0,4.7,98.73
50702,1322,2024-03-12,Khabarovsk Krai,Khabarovsk,App,Direct,clothes,Winter Hoodie,57.44,1,20,Cash,4,1,3.7,57.44
50703,1453,2024-03-13,Stavropol Krai,Stavropol,App,Social,home,Coffee Machine,138.1,2,7,Cash,5,0,4.3,276.2
50704,1383,2024-03-14,Krasnodar Krai,Krasnodar,App,Social,auto,Motor Oil,40.52,3,0,Card,2,0,5.0,121.56
50705,1108,2024-03-15,Volgograd Oblast,Volgograd,App,Marketplace,sports,Dumbbells Set,65.53,1,15,SBP,3,0,4.4,65.53
50706,1088,2024-03-16,Tyumen Oblast,Tyumen,Web,Email,electronics,Smart Watch,165.15,1,7,Cash,2,0,4.3,165.15
50707,1466,2024-03-17,Yaroslavl Oblast,Yaroslavl,Web,Email,electronics,Smart Watch,150.27,1,10,Card,3,1,4.3,150.27
50708,1056,2024-03-18,Primorsky Krai,Vladivostok,App,Email,electronics,Smart Watch,251.04,1,20,Cash,4,0,4.7,251.04
50709,1220,2024-03-19,Kemerovo Oblast,Kemerovo,App,Marketplace,electronics,Smart Watch,127.3,1,0,SBP,4,0,4.3,127.3
50710,1165,2024-03-20,Rostov Oblast,Rostov-on-Don,Mobile,Organic Search,books,Python Book,36.08,1,5,Credit,2,0,4.8,36.08
50711,1752,2024-03-21,Bashkortostan,Ufa,Web,Paid Search,auto,Motor Oil,44.75,1,12,SBP,2,0,4.5,44.75
50712,1129,2024-03-22,Moscow,Moscow,Mobile,Organic Search,electronics,Smart Watch,223.35,3,7,Credit,2,0,4.6,670.05
50713,1696,2024-03-23,Saratov Oblast,Saratov,App,Marketplace,auto,Car Vacuum,61.62,1,0,Card,2,0,4.8,61.62
50714,1556,2024-03-24,Bashkortostan,Ufa,App,Social,books,Python Book,38.19,2,10,Credit,2,0,4.7,76.38
50715,1697,2024-03-25,Irkutsk Oblast,Irkutsk,App,Email,auto,Dash Camera,92.36,1,0,Credit,3,0,4.7,92.36
50716,1516,2024-03-26,Saratov Oblast,Saratov,Mobile,Direct,home,Coffee Machine,213.26,1,15,Card,2,0,4.5,213.26
50717,1841,2024-03-27,Volgograd Oblast,Volgograd,App,Organic Search,home,Bed Linen Set,56.12,2,20,Credit,2,0,5.0,112.24
50718,1425,2024-03-28,Moscow,Moscow,App,Social,auto,Phone Holder,30.88,2,15,Card,1,0,4.7,61.76
50719,1198,2024-03-29,Moscow,Moscow,Web,Paid Search,electronics,Wireless Headphones,130.53,1,20,Credit,2,0,4.6,130.53
50720,1130,2024-03-30,Tomsk Oblast,Tomsk,App,Marketplace,electronics,Smart Watch,147.99,1,5,Card,4,0,4.7,147.99
50721,1789,2024-03-31,Saratov Oblast,Saratov,Web,Marketplace,clothes,Winter Hoodie,70.18,1,5,Cash,3,1,3.9,70.18
50722,1305,2024-04-01,Moscow,Moscow,Web,Direct,clothes,Basic T-Shirt,34.72,1,10,Cash,1,0,4.8,34.72
50723,1611,2024-04-02,Primorsky Krai,Vladivostok,Web,Marketplace,books,Notebook Set,15.76,1,0,Card,6,1,3.5,15.76
50724,1499,2024-04-03,Krasnodar Krai,Krasnodar,Mobile,Direct,electronics,Wireless Headphones,80.99,3,3,Card,4,0,4.8,242.97
50725,1033,2024-04-04,Sverdlovsk Oblast,Yekaterinburg,Mobile,Marketplace,clothes,Winter Hoodie,79.2,1,0,Card,3,0,4.9,79.2
50726,1525,2024-04-05,Perm Krai,Perm,Mobile,Paid Search,auto,Motor Oil,40.45,2,20,Cash,3,1,4.0,80.9
50727,1357,2024-04-06,Sverdlovsk Oblast,Yekaterinburg,Mobile,Direct,books,Python Book,38.47,2,20,SBP,2,0,4.9,76.94
50728,1813,2024-04-07,Omsk Oblast,Omsk,App,Organic Search,kids,Toy Car,26.08,1,15,SBP,3,1,3.3,26.08
50729,1383,2024-04-08,Rostov Oblast,Rostov-on-Don,App,Organic Search,kids,Toy Car,22.99,2,10,Card,2,0,4.5,45.98
50730,1185,2024-04-09,Omsk Oblast,Omsk,Mobile,Social,electronics,Laptop Lenovo IdeaPad,691.08,2,10,SBP,4,1,3.7,1382.16
50731,1477,2024-04-10,Voronezh Oblast,Voronezh,App,Email,kids,Board Game,31.6,2,0,SBP,3,0,4.7,63.2
50732,1588,2024-04-11,Altai Krai,Barnaul,App,Paid Search,home,Coffee Machine,124.0,1,12,Credit,5,0,4.3,124.0
50733,1335,2024-04-12,Volgograd Oblast,Volgograd,Web,Email,kids,Board Game,25.75,1,25,Credit,3,0,4.7,25.75
50734,1041,2024-04-13,Novosibirsk Oblast,Novosibirsk,App,Paid Search,clothes,Adidas Sneakers,145.72,1,15,SBP,2,0,4.9,145.72
50735,1403,2024-04-14,Saratov Oblast,Saratov,App,Organic Search,electronics,Smart Watch,163.62,2,7,SBP,2,0,4.6,327.24
50736,1705,2024-04-15,Kaliningrad Oblast,Kaliningrad,Web,Direct,auto,Motor Oil,51.03,1,3,Credit,4,0,4.4,51.03
50737,1050,2024-04-16,Novosibirsk Oblast,Novosibirsk,Web,Social,home,Vacuum Cleaner,244.18,1,12,SBP,5,1,3.8,244.18
50738,1424,2024-04-17,Tatarstan,Kazan,App,Email,home,Bed Linen Set,71.49,1,5,Credit,3,0,4.9,71.49
50739,1362,2024-04-18,Volgograd Oblast,Volgograd,Web,Marketplace,electronics,Smartphone Samsung,405.82,2,7,Cash,4,0,4.7,811.64
50740,1214,2024-04-19,Volgograd Oblast,Volgograd,Web,Direct,clothes,Zara Jacket,146.89,1,3,SBP,3,1,3.8,146.89
50741,1410,2024-04-20,Udmurtia,Izhevsk,Web,Paid Search,auto,Motor Oil,31.9,3,5,Cash,2,0,4.7,95.7
50742,1030,2024-04-21,Tatarstan,Kazan,Web,Paid Search,home,Vacuum Cleaner,233.98,2,15,Credit,3,0,5.0,467.96
50743,1101,2024-04-22,Volgograd Oblast,Volgograd,App,Paid Search,beauty,Hair Dryer,56.66,1,10,Card,3,0,4.6,56.66
50744,1114,2024-04-23,Saratov Oblast,Saratov,App,Email,sports,Dumbbells Set,76.51,1,10,Cash,2,0,4.8,76.51
50745,1752,2024-04-24,Krasnodar Krai,Krasnodar,Web,Email,electronics,Laptop Lenovo IdeaPad,610.31,1,10,SBP,3,1,3.7,610.31
50746,1705,2024-04-25,Chelyabinsk Oblast,Chelyabinsk,App,Social,home,Vacuum Cleaner,215.7,1,3,Cash,4,0,4.4,215.7
50747,1079,2024-04-26,Rostov Oblast,Rostov-on-Don,App,Social,home,Coffee Machine,178.25,1,7,Cash,3,0,4.8,178.25
50748,1234,2024-04-27,Volgograd Oblast,Volgograd,Web,Organic Search,kids,Lego Set,86.22,1,0,Cash,4,0,4.3,86.22
50749,1848,2024-04-28,Udmurtia,Izhevsk,App,Marketplace,electronics,Laptop Lenovo IdeaPad,622.72,1,10,SBP,3,0,4.5,622.72
50750,1032,2024-04-29,Nizhny Novgorod Oblast,Nizhny Novgorod,App,Marketplace,clothes,Winter Hoodie,64.45,1,7,Cash,3,0,5.0,64.45
50751,1461,2024-04-30,Khabarovsk Krai,Khabarovsk,App,Marketplace,kids,Toy Car,20.99,1,0,Cash,4,0,4.8,20.99
50752,1126,2024-05-01,Samara Oblast,Samara,Mobile,Organic Search,auto,Dash Camera,99.38,1,3,Credit,1,0,4.5,99.38
50753,1311,2024-05-02,Orenburg Oblast,Orenburg,App,Direct,beauty,Hair Dryer,67.46,1,0,Credit,5,0,4.3,67.46
50754,1052,2024-05-03,Nizhny Novgorod Oblast,Nizhny Novgorod,App,Direct,electronics,Wireless Headphones,83.97,1,7,SBP,3,0,4.7,83.97
50755,1600,2024-05-04,Krasnodar Krai,Sochi,Web,Paid Search,sports,Running Shoes,140.11,1,0,Card,3,0,5.0,140.11
50756,1319,2024-05-05,Nizhny Novgorod Oblast,Nizhny Novgorod,Mobile,Email,home,Bed Linen Set,65.31,1,20,Cash,3,0,4.7,65.31
50757,1644,2024-05-06,Khabarovsk Krai,Khabarovsk,Web,Email,sports,Running Shoes,133.24,1,10,Credit,4,0,4.6,133.24
50758,1421,2024-05-07,Primorsky Krai,Vladivostok,App,Paid Search,home,Bed Linen Set,60.66,3,12,Credit,4,0,4.6,181.98
50759,1580,2024-05-08,Moscow,Moscow,Mobile,Organic Search,auto,Car Vacuum,55.63,3,15,SBP,1,0,4.5,166.89
50760,1666,2024-05-09,Saint Petersburg,Saint Petersburg,App,Marketplace,kids,Toy Car,21.71,2,7,Card,2,0,4.7,43.42
50761,1148,2024-05-10,Perm Krai,Perm,Web,Marketplace,clothes,Adidas Sneakers,106.39,2,12,Credit,3,0,4.6,212.78
50762,1124,2024-05-11,Krasnodar Krai,Sochi,App,Social,home,Vacuum Cleaner,254.48,2,10,Card,3,0,4.7,508.96
50763,1842,2024-05-12,Novosibirsk Oblast,Novosibirsk,App,Paid Search,home,Bed Linen Set,76.87,1,25,Credit,4,0,4.1,76.87
50764,1492,2024-05-13,Kemerovo Oblast,Kemerovo,App,Marketplace,clothes,Basic T-Shirt,19.19,2,3,SBP,2,0,4.6,38.38
50765,1578,2024-05-14,Nizhny Novgorod Oblast,Nizhny Novgorod,App,Social,clothes,Winter Hoodie,61.11,1,7,Credit,2,0,4.7,61.11
50766,1367,2024-05-15,Moscow,Moscow,Web,Marketplace,clothes,Basic T-Shirt,57.97,3,7,Cash,1,0,4.5,173.91
50767,1781,2024-05-16,Bashkortostan,Ufa,App,Email,auto,Motor Oil,42.67,2,5,SBP,3,0,4.3,85.34
50768,1603,2024-05-17,Stavropol Krai,Stavropol,App,Organic Search,sports,Dumbbells Set,84.02,2,10,SBP,3,0,4.5,168.04
50769,1791,2024-05-18,Khabarovsk Krai,Khabarovsk,App,Direct,clothes,Winter Hoodie,76.89,1,0,Cash,5,0,4.3,76.89
50770,1782,2024-05-19,Krasnodar Krai,Krasnodar,Web,Organic Search,auto,Phone Holder,25.02,1,10,SBP,4,1,4.1,25.02
50771,1696,2024-05-20,Krasnoyarsk Krai,Krasnoyarsk,Mobile,Social,clothes,Basic T-Shirt,22.05,1,10,SBP,3,0,4.6,22.05
50772,1006,2024-05-21,Novosibirsk Oblast,Novosibirsk,App,Paid Search,home,Vacuum Cleaner,243.52,1,10,SBP,3,0,4.5,243.52
50773,1361,2024-05-22,Udmurtia,Izhevsk,App,Marketplace,sports,Bicycle Helmet,52.72,2,10,SBP,4,0,4.3,105.44
50774,1237,2024-05-23,Krasnoyarsk Krai,Krasnoyarsk,Web,Organic Search,auto,Phone Holder,21.55,1,0,Card,4,1,3.6,21.55
50775,1590,2024-05-24,Krasnoyarsk Krai,Krasnoyarsk,App,Social,beauty,Face Serum,44.96,2,0,Cash,5,1,3.2,89.92
50776,1432,2024-05-25,Kemerovo Oblast,Kemerovo,App,Direct,beauty,Hair Dryer,67.24,1,20,SBP,5,1,3.6,67.24
50777,1578,2024-05-26,Sverdlovsk Oblast,Yekaterinburg,App,Paid Search,sports,Bicycle Helmet,62.29,2,20,Card,4,0,4.6,124.58
50778,1231,2024-05-27,Bashkortostan,Ufa,Web,Paid Search,auto,Motor Oil,47.14,1,0,SBP,3,0,4.5,47.14
50779,1494,2024-05-28,Voronezh Oblast,Voronezh,App,Direct,beauty,Perfume,81.15,1,10,Card,2,1,4.1,81.15
50780,1060,2024-05-29,Tyumen Oblast,Tyumen,App,Organic Search,kids,Kids Backpack,39.72,1,10,Cash,3,0,4.5,39.72
50781,1059,2024-05-30,Novosibirsk Oblast,Novosibirsk,App,Marketplace,electronics,Laptop Lenovo IdeaPad,817.98,1,0,Card,4,0,4.1,817.98
50782,1079,2024-05-31,Saint Petersburg,Saint Petersburg,App,Social,electronics,Smartphone Samsung,457.32,1,5,Card,1,0,4.5,457.32
50783,1670,2024-06-01,Samara Oblast,Samara,App,Marketplace,auto,Phone Holder,25.04,2,7,Cash,2,0,4.8,50.08
50784,1534,2024-06-02,Irkutsk Oblast,Irkutsk,Web,Paid Search,auto,Dash Camera,78.78,1,20,Cash,4,0,4.5,78.78
50785,1511,2024-06-03,Nizhny Novgorod Oblast,Nizhny Novgorod,App,Marketplace,kids,Kids Backpack,40.61,4,12,Card,2,0,4.5,162.44
50786,1389,2024-06-04,Samara Oblast,Samara,App,Direct,home,Bed Linen Set,48.03,1,0,Cash,2,0,4.8,48.03
50787,1830,2024-06-05,Volgograd Oblast,Volgograd,Web,Direct,sports,Bicycle Helmet,50.11,1,10,Cash,5,0,4.1,50.11
50788,1548,2024-06-06,Udmurtia,Izhevsk,Mobile,Marketplace,electronics,Smart Watch,174.24,2,10,Credit,5,0,4.2,348.48
50789,1256,2024-06-07,Voronezh Oblast,Voronezh,App,Organic Search,clothes,Adidas Sneakers,111.53,1,20,SBP,2,0,5.0,111.53
50790,1271,2024-06-08,Perm Krai,Perm,Web,Social,clothes,Basic T-Shirt,22.8,2,15,Cash,4,0,4.5,45.6
50791,1625,2024-06-09,Omsk Oblast,Omsk,App,Direct,beauty,Makeup Palette,49.64,2,3,SBP,5,0,4.6,99.28
50792,1671,2024-06-10,Tatarstan,Kazan,Web,Social,sports,Running Shoes,111.82,1,3,Card,3,0,4.4,111.82
50793,1362,2024-06-11,Rostov Oblast,Rostov-on-Don,Web,Direct,clothes,Winter Hoodie,64.66,3,25,Card,3,0,4.6,193.98
50794,1437,2024-06-12,Krasnoyarsk Krai,Krasnoyarsk,App,Organic Search,home,Coffee Machine,131.78,1,10,SBP,4,1,3.5,131.78
50795,1154,2024-06-13,Krasnodar Krai,Sochi,App,Organic Search,electronics,Wireless Headphones,122.8,3,5,Card,4,0,4.6,368.4
50796,1391,2024-06-14,Krasnodar Krai,Krasnodar,App,Marketplace,clothes,Adidas Sneakers,121.95,1,3,Card,3,0,4.6,121.95
50797,1676,2024-06-15,Tatarstan,Kazan,Web,Paid Search,auto,Phone Holder,24.34,1,0,Credit,4,0,4.2,24.34
50798,1751,2024-06-16,Perm Krai,Perm,Mobile,Social,home,Desk Lamp,36.4,1,7,Credit,3,0,4.5,36.4
50799,1251,2024-06-17,Bashkortostan,Ufa,Mobile,Marketplace,electronics,Laptop Lenovo IdeaPad,699.97,2,3,Credit,4,0,3.9,1399.94
50800,1203,2024-06-18,Volgograd Oblast,Volgograd,Web,Social,clothes,Zara Jacket,115.23,1,10,Cash,4,0,4.7,115.23
50801,1171,2024-06-19,Altai Krai,Barnaul,App,Social,beauty,Perfume,105.48,1,0,Card,5,1,3.3,105.48
50802,1624,2024-06-20,Krasnodar Krai,Sochi,Mobile,Social,beauty,Makeup Palette,42.45,1,5,Card,2,0,5.0,42.45
50803,1604,2024-06-21,Yaroslavl Oblast,Yaroslavl,Mobile,Organic Search,electronics,Wireless Headphones,97.92,1,15,Card,2,0,4.3,97.92
50804,1350,2024-06-22,Krasnodar Krai,Sochi,Web,Organic Search,auto,Dash Camera,100.48,1,10,Card,4,0,4.5,100.48
50805,1532,2024-06-23,Khabarovsk Krai,Khabarovsk,App,Organic Search,beauty,Makeup Palette,43.78,1,15,SBP,4,0,3.9,43.78
50806,1621,2024-06-24,Khabarovsk Krai,Khabarovsk,App,Social,books,Cookbook,21.78,1,3,Card,5,0,4.8,21.78
50807,1200,2024-06-25,Stavropol Krai,Stavropol,App,Email,home,Desk Lamp,40.65,1,10,Card,5,0,4.5,40.65
50808,1724,2024-06-26,Chelyabinsk Oblast,Chelyabinsk,App,Social,books,Python Book,43.61,2,10,Card,4,1,3.6,87.22
50809,1335,2024-06-27,Omsk Oblast,Omsk,App,Email,auto,Motor Oil,45.65,1,5,Cash,5,0,4.6,45.65
50810,1534,2024-06-28,Irkutsk Oblast,Irkutsk,Web,Paid Search,sports,Dumbbells Set,89.95,2,18,SBP,4,0,4.5,179.9
50811,1834,2024-06-29,Sverdlovsk Oblast,Yekaterinburg,Mobile,Marketplace,books,Python Book,33.07,1,20,Cash,2,0,4.5,33.07
50812,1183,2024-06-30,Yaroslavl Oblast,Yaroslavl,App,Direct,beauty,Perfume,121.63,2,0,Card,4,0,4.6,243.26
50813,1497,2024-07-01,Voronezh Oblast,Voronezh,Web,Email,clothes,Winter Hoodie,64.75,2,3,Credit,2,0,4.8,129.5
50814,1679,2024-07-02,Orenburg Oblast,Orenburg,Web,Social,clothes,Adidas Sneakers,92.41,3,15,Credit,3,0,5.0,277.23
50815,1241,2024-07-03,Krasnodar Krai,Krasnodar,Web,Social,home,Desk Lamp,46.73,2,7,Card,3,0,4.4,93.46
50816,1056,2024-07-04,Nizhny Novgorod Oblast,Nizhny Novgorod,Mobile,Organic Search,home,Vacuum Cleaner,172.24,1,5,SBP,2,0,4.8,172.24
50817,1629,2024-07-05,Chelyabinsk Oblast,Chelyabinsk,Web,Direct,kids,Board Game,27.08,1,0,SBP,4,0,4.8,27.08
50818,1532,2024-07-06,Krasnodar Krai,Sochi,Mobile,Direct,clothes,Basic T-Shirt,32.49,2,20,Cash,3,0,4.4,64.98
50819,1014,2024-07-07,Bashkortostan,Ufa,Web,Organic Search,beauty,Perfume,117.81,2,20,Card,3,0,4.8,235.62
50820,1833,2024-07-08,Kemerovo Oblast,Kemerovo,App,Organic Search,electronics,Laptop Lenovo IdeaPad,536.84,1,10,Credit,4,0,4.5,536.84
50821,1156,2024-07-09,Saratov Oblast,Saratov,Mobile,Direct,sports,Running Shoes,91.38,2,7,Card,5,0,4.4,182.76
50822,1672,2024-07-10,Yaroslavl Oblast,Yaroslavl,App,Paid Search,clothes,Winter Hoodie,71.8,1,15,Credit,2,1,4.1,71.8
50823,1404,2024-07-11,Tyumen Oblast,Tyumen,App,Organic Search,home,Coffee Machine,171.8,3,10,SBP,3,0,4.7,515.4
50824,1830,2024-07-12,Udmurtia,Izhevsk,App,Paid Search,beauty,Face Serum,42.05,1,5,Card,2,0,4.5,42.05
50825,1061,2024-07-13,Krasnodar Krai,Krasnodar,Mobile,Organic Search,beauty,Perfume,112.27,1,15,Credit,1,0,4.6,112.27
50826,1559,2024-07-14,Samara Oblast,Samara,Web,Direct,sports,Running Shoes,110.44,1,0,Credit,2,0,4.3,110.44
50827,1131,2024-07-15,Perm Krai,Perm,App,Marketplace,auto,Phone Holder,21.15,2,15,Card,4,1,3.7,42.3
50828,1561,2024-07-16,Rostov Oblast,Rostov-on-Don,App,Organic Search,beauty,Face Serum,43.24,3,10,Credit,2,0,4.5,129.72
50829,1298,2024-07-17,Tyumen Oblast,Tyumen,App,Social,electronics,Laptop Lenovo IdeaPad,848.52,1,5,Cash,4,0,4.3,848.52
50830,1733,2024-07-18,Orenburg Oblast,Orenburg,App,Social,clothes,Adidas Sneakers,109.34,1,15,Credit,5,1,3.6,109.34
50831,1609,2024-07-19,Moscow,Moscow,App,Direct,home,Vacuum Cleaner,501.5,1,0,Cash,1,0,4.7,501.5
50832,1413,2024-07-20,Tatarstan,Kazan,App,Direct,sports,Yoga Mat,41.95,2,18,SBP,2,0,4.6,83.9
50833,1393,2024-07-21,Primorsky Krai,Vladivostok,App,Email,beauty,Perfume,94.27,1,10,SBP,5,0,4.6,94.27
50834,1823,2024-07-22,Khabarovsk Krai,Khabarovsk,Mobile,Marketplace,kids,Board Game,37.5,1,0,Cash,5,1,3.0,37.5
50835,1403,2024-07-23,Krasnodar Krai,Sochi,App,Direct,electronics,Laptop Lenovo IdeaPad,682.37,1,7,Credit,3,0,5.0,682.37
50836,1147,2024-07-24,Udmurtia,Izhevsk,App,Paid Search,sports,Dumbbells Set,72.91,1,3,Credit,4,0,4.8,72.91
50837,1435,2024-07-25,Primorsky Krai,Vladivostok,Web,Paid Search,sports,Running Shoes,147.01,1,18,Cash,5,0,4.1,147.01
50838,1378,2024-07-26,Krasnoyarsk Krai,Krasnoyarsk,App,Email,beauty,Perfume,124.71,1,5,SBP,4,0,4.8,124.71
50839,1032,2024-07-27,Irkutsk Oblast,Irkutsk,App,Social,auto,Dash Camera,99.36,4,12,Credit,4,0,4.6,397.44
50840,1754,2024-07-28,Krasnoyarsk Krai,Krasnoyarsk,App,Marketplace,clothes,Winter Hoodie,74.48,2,0,Cash,6,1,3.6,148.96
50841,1629,2024-01-01,Kemerovo Oblast,Kemerovo,App,Direct,books,Python Book,29.28,1,0,Card,1,0,4.5,29.28
50842,1686,2024-01-02,Perm Krai,Perm,Mobile,Email,books,Cookbook,27.08,3,10,Card,4,0,4.4,81.24
50843,1319,2024-01-03,Tatarstan,Kazan,Web,Direct,home,Vacuum Cleaner,302.95,2,7,SBP,1,0,4.3,605.9
50844,1642,2024-01-04,Primorsky Krai,Vladivostok,App,Marketplace,sports,Running Shoes,105.07,1,20,Card,5,0,4.5,105.07
50845,1766,2024-01-05,Udmurtia,Izhevsk,App,Social,electronics,Laptop Lenovo IdeaPad,656.65,1,5,Cash,2,0,4.2,656.65
50846,1451,2024-01-06,Nizhny Novgorod Oblast,Nizhny Novgorod,App,Email,electronics,Wireless Headphones,97.43,2,5,SBP,3,0,5.0,194.86
50847,1583,2024-01-07,Tatarstan,Kazan,App,Marketplace,beauty,Hair Dryer,76.35,2,3,Cash,4,0,4.4,152.7
50848,1268,2024-01-08,Kaliningrad Oblast,Kaliningrad,App,Marketplace,sports,Running Shoes,153.44,2,5,Card,3,0,4.6,306.88
50849,1009,2024-01-09,Stavropol Krai,Stavropol,App,Organic Search,electronics,Smartphone Samsung,421.89,1,10,Cash,4,0,4.6,421.89
50850,1608,2024-01-10,Voronezh Oblast,Voronezh,Web,Direct,beauty,Hair Dryer,60.17,1,10,Credit,3,0,4.4,60.17
50851,1520,2024-01-11,Yaroslavl Oblast,Yaroslavl,App,Social,sports,Yoga Mat,34.64,1,0,Card,3,0,4.6,34.64
50852,1582,2024-01-12,Voronezh Oblast,Voronezh,Mobile,Organic Search,sports,Running Shoes,117.32,1,5,Cash,1,0,4.5,117.32
50853,1177,2024-01-13,Krasnodar Krai,Sochi,Mobile,Social,clothes,Basic T-Shirt,32.38,1,7,SBP,2,0,4.7,32.38
50854,1483,2024-01-14,Nizhny Novgorod Oblast,Nizhny Novgorod,Web,Organic Search,electronics,Smartphone Samsung,357.82,2,15,Credit,2,0,4.8,715.64
50855,1290,2024-01-15,Kaliningrad Oblast,Kaliningrad,Web,Organic Search,home,Bed Linen Set,68.65,1,0,Credit,4,0,4.4,68.65
50856,1843,2024-01-16,Krasnoyarsk Krai,Krasnoyarsk,App,Marketplace,sports,Bicycle Helmet,57.63,1,10,Card,4,0,4.3,57.63
50857,1155,2024-01-17,Krasnoyarsk Krai,Krasnoyarsk,Mobile,Marketplace,clothes,Winter Hoodie,57.49,1,5,SBP,5,0,4.5,57.49
50858,1672,2024-01-18,Nizhny Novgorod Oblast,Nizhny Novgorod,App,Organic Search,sports,Dumbbells Set,73.83,1,0,Credit,3,0,4.5,73.83
50859,1436,2024-01-19,Orenburg Oblast,Orenburg,App,Paid Search,books,Business Book,27.26,1,12,SBP,3,1,3.7,27.26
50860,1691,2024-01-20,Yaroslavl Oblast,Yaroslavl,App,Organic Search,clothes,Winter Hoodie,68.04,4,0,Card,3,0,4.9,272.16
50861,1614,2024-01-21,Krasnodar Krai,Sochi,App,Paid Search,electronics,Wireless Headphones,115.49,1,5,SBP,4,0,4.7,115.49
50862,1366,2024-01-22,Samara Oblast,Samara,Web,Direct,sports,Running Shoes,121.19,1,0,Card,2,0,4.9,121.19
50863,1250,2024-01-23,Primorsky Krai,Vladivostok,App,Paid Search,kids,Kids Backpack,32.19,1,7,Credit,4,0,5.0,32.19
50864,1768,2024-01-24,Saint Petersburg,Saint Petersburg,App,Paid Search,electronics,Wireless Headphones,128.56,3,5,SBP,2,0,4.6,385.68
50865,1311,2024-01-25,Voronezh Oblast,Voronezh,Mobile,Social,sports,Yoga Mat,35.51,1,20,Cash,4,0,4.4,35.51
50866,1186,2024-01-26,Kaliningrad Oblast,Kaliningrad,Web,Email,kids,Board Game,37.44,2,15,SBP,3,0,5.0,74.88
50867,1727,2024-01-27,Samara Oblast,Samara,App,Organic Search,electronics,Smartphone Samsung,461.87,1,15,SBP,2,0,4.6,461.87
50868,1349,2024-01-28,Novosibirsk Oblast,Novosibirsk,Web,Paid Search,electronics,Wireless Headphones,110.9,1,5,SBP,2,1,4.2,110.9
50869,1081,2024-01-29,Bashkortostan,Ufa,App,Marketplace,books,Business Book,28.36,1,7,Credit,2,0,4.8,28.36
50870,1361,2024-01-30,Primorsky Krai,Vladivostok,App,Paid Search,auto,Car Vacuum,55.77,1,12,Credit,6,1,3.6,55.77
50871,1100,2024-01-31,Voronezh Oblast,Voronezh,Web,Social,auto,Car Vacuum,53.9,1,20,Credit,3,0,4.9,53.9
50872,1614,2024-02-01,Sverdlovsk Oblast,Yekaterinburg,Web,Email,home,Coffee Machine,188.91,4,25,SBP,2,0,4.6,755.64
50873,1476,2024-02-02,Perm Krai,Perm,Web,Marketplace,kids,Lego Set,101.19,1,10,SBP,2,0,4.9,101.19
50874,1429,2024-02-03,Tomsk Oblast,Tomsk,Mobile,Email,auto,Phone Holder,34.87,2,12,Credit,3,0,4.6,69.74
50875,1171,2024-02-04,Voronezh Oblast,Voronezh,Web,Email,home,Coffee Machine,155.12,1,10,Credit,2,0,4.7,155.12
50876,1246,2024-02-05,Volgograd Oblast,Volgograd,App,Paid Search,electronics,Wireless Headphones,104.1,1,18,Cash,3,0,4.5,104.1
50877,1473,2024-02-06,Chelyabinsk Oblast,Chelyabinsk,App,Social,auto,Phone Holder,26.88,1,12,Card,3,0,4.7,26.88
50878,1482,2024-02-07,Orenburg Oblast,Orenburg,Mobile,Email,clothes,Adidas Sneakers,99.09,1,15,Credit,3,0,4.4,99.09
50879,1300,2024-02-08,Tatarstan,Kazan,Mobile,Paid Search,kids,Board Game,27.54,2,10,Credit,3,0,4.7,55.08
50880,1594,2024-02-09,Tomsk Oblast,Tomsk,App,Marketplace,books,Python Book,44.34,1,15,Card,5,0,4.6,44.34
50881,1504,2024-02-10,Yaroslavl Oblast,Yaroslavl,Web,Email,electronics,Smart Watch,182.92,1,0,Cash,2,0,4.6,182.92
50882,1227,2024-02-11,Udmurtia,Izhevsk,Web,Social,home,Desk Lamp,43.5,1,10,SBP,3,0,4.5,43.5
50883,1151,2024-02-12,Khabarovsk Krai,Khabarovsk,App,Marketplace,sports,Running Shoes,106.7,1,7,SBP,4,0,4.9,106.7
50884,1489,2024-02-13,Kemerovo Oblast,Kemerovo,App,Email,sports,Yoga Mat,32.23,1,5,Cash,2,0,4.6,32.23
50885,1067,2024-02-14,Bashkortostan,Ufa,Web,Organic Search,clothes,Adidas Sneakers,132.67,1,10,SBP,4,1,4.2,132.67
50886,1765,2024-02-15,Novosibirsk Oblast,Novosibirsk,App,Paid Search,home,Vacuum Cleaner,240.82,2,5,Cash,1,0,4.8,481.64
50887,1818,2024-02-16,Yaroslavl Oblast,Yaroslavl,App,Direct,home,Coffee Machine,179.62,1,20,Card,3,1,3.7,179.62
50888,1273,2024-02-17,Omsk Oblast,Omsk,App,Marketplace,beauty,Perfume,84.74,2,3,SBP,3,0,4.5,169.48
50889,1801,2024-02-18,Tatarstan,Kazan,Mobile,Email,kids,Lego Set,93.3,1,10,Card,2,0,4.5,93.3
50890,1441,2024-02-19,Perm Krai,Perm,App,Direct,kids,Lego Set,83.18,1,10,Card,3,1,3.8,83.18
50891,1520,2024-02-20,Yaroslavl Oblast,Yaroslavl,Web,Marketplace,auto,Phone Holder,22.53,1,15,Credit,2,0,4.5,22.53
50892,1500,2024-02-21,Irkutsk Oblast,Irkutsk,App,Paid Search,home,Desk Lamp,37.28,1,5,Card,2,0,4.9,37.28
50893,1188,2024-02-22,Perm Krai,Perm,App,Email,auto,Motor Oil,32.66,1,20,Cash,2,0,4.8,32.66
50894,1332,2024-02-23,Udmurtia,Izhevsk,App,Paid Search,electronics,Smartphone Samsung,366.98,1,12,Cash,4,0,4.5,366.98
50895,1235,2024-02-24,Sverdlovsk Oblast,Yekaterinburg,Web,Paid Search,kids,Kids Backpack,40.72,1,7,SBP,2,0,4.5,40.72
50896,1781,2024-02-25,Chelyabinsk Oblast,Chelyabinsk,App,Social,auto,Dash Camera,83.92,2,7,Credit,2,0,4.7,167.84
50897,1383,2024-02-26,Saint Petersburg,Saint Petersburg,Web,Email,auto,Dash Camera,128.48,1,12,Card,2,0,5.0,128.48
50898,1741,2024-02-27,Perm Krai,Perm,App,Paid Search,sports,Dumbbells Set,90.32,1,7,Credit,3,0,4.7,90.32
50899,1655,2024-02-28,Yaroslavl Oblast,Yaroslavl,Web,Organic Search,clothes,Basic T-Shirt,27.39,1,5,SBP,2,1,3.8,27.39
50900,1604,2024-02-29,Samara Oblast,Samara,Mobile,Direct,beauty,Makeup Palette,44.9,1,25,SBP,3,0,4.2,44.9
50901,1070,2024-03-01,Khabarovsk Krai,Khabarovsk,App,Social,home,Coffee Machine,167.67,1,10,SBP,4,0,4.6,167.67
50902,1766,2024-03-02,Kemerovo Oblast,Kemerovo,Web,Email,sports,Dumbbells Set,67.88,1,5,Card,3,0,4.3,67.88
50903,1517,2024-03-03,Krasnodar Krai,Sochi,App,Organic Search,electronics,Smart Watch,199.62,1,25,SBP,2,0,4.9,199.62
50904,1090,2024-03-04,Orenburg Oblast,Orenburg,Web,Marketplace,beauty,Hair Dryer,55.57,1,10,Credit,4,0,4.6,55.57
50905,1664,2024-03-05,Krasnoyarsk Krai,Krasnoyarsk,Web,Marketplace,clothes,Zara Jacket,127.53,1,18,SBP,4,1,3.5,127.53
50906,1691,2024-03-06,Omsk Oblast,Omsk,Mobile,Organic Search,beauty,Makeup Palette,73.31,1,3,SBP,3,0,4.7,73.31
50907,1104,2024-03-07,Primorsky Krai,Vladivostok,Web,Paid Search,beauty,Perfume,131.98,2,10,Card,5,0,4.5,263.96
50908,1278,2024-03-08,Primorsky Krai,Vladivostok,Web,Paid Search,clothes,Basic T-Shirt,26.13,2,20,Cash,4,1,3.6,52.26
50909,1450,2024-03-09,Stavropol Krai,Stavropol,App,Organic Search,auto,Dash Camera,76.19,1,18,Credit,3,1,3.8,76.19
50910,1501,2024-03-10,Sverdlovsk Oblast,Yekaterinburg,Web,Direct,home,Bed Linen Set,51.32,3,12,SBP,4,1,4.0,153.96
50911,1410,2024-03-11,Yaroslavl Oblast,Yaroslavl,App,Direct,auto,Motor Oil,45.02,1,0,Card,2,0,4.7,45.02
50912,1017,2024-03-12,Bashkortostan,Ufa,Web,Organic Search,sports,Running Shoes,136.46,1,12,SBP,2,0,4.3,136.46
50913,1758,2024-03-13,Yaroslavl Oblast,Yaroslavl,App,Email,clothes,Adidas Sneakers,153.94,1,7,SBP,4,0,4.6,153.94
50914,1167,2024-03-14,Bashkortostan,Ufa,App,Email,clothes,Zara Jacket,149.84,2,15,Card,4,1,4.2,299.68
50915,1553,2024-03-15,Chelyabinsk Oblast,Chelyabinsk,Web,Social,home,Bed Linen Set,72.94,1,7,Credit,3,0,4.5,72.94
50916,1550,2024-03-16,Udmurtia,Izhevsk,App,Direct,clothes,Zara Jacket,113.07,1,0,Credit,4,0,4.5,113.07
50917,1505,2024-03-17,Krasnodar Krai,Sochi,App,Organic Search,books,Python Book,50.45,1,10,Cash,4,1,3.7,50.45
50918,1190,2024-03-18,Krasnodar Krai,Sochi,Web,Email,home,Vacuum Cleaner,207.46,1,7,SBP,4,0,4.5,207.46
50919,1755,2024-03-19,Perm Krai,Perm,Web,Paid Search,clothes,Winter Hoodie,62.39,1,18,Card,3,1,4.1,62.39
50920,1353,2024-03-20,Yaroslavl Oblast,Yaroslavl,Web,Email,auto,Motor Oil,76.7,2,3,Cash,2,0,4.7,153.4
50921,1191,2024-03-21,Saratov Oblast,Saratov,App,Email,books,Notebook Set,16.55,1,15,SBP,2,0,4.4,16.55
50922,1557,2024-03-22,Perm Krai,Perm,Web,Organic Search,books,Notebook Set,18.59,1,10,Cash,4,0,4.6,18.59
50923,1517,2024-03-23,Krasnodar Krai,Krasnodar,Web,Direct,home,Bed Linen Set,60.97,2,5,Cash,1,1,4.1,121.94
50924,1820,2024-03-24,Tyumen Oblast,Tyumen,App,Marketplace,books,Business Book,45.97,1,10,SBP,4,0,4.9,45.97
50925,1625,2024-03-25,Primorsky Krai,Vladivostok,App,Direct,home,Vacuum Cleaner,241.5,2,3,Credit,6,0,4.1,483.0
50926,1001,2024-03-26,Kemerovo Oblast,Kemerovo,Mobile,Organic Search,home,Coffee Machine,130.3,4,18,Card,3,0,4.7,521.2
50927,1827,2024-03-27,Samara Oblast,Samara,App,Marketplace,clothes,Adidas Sneakers,124.6,1,7,Cash,4,0,4.8,124.6
50928,1600,2024-03-28,Tyumen Oblast,Tyumen,App,Email,kids,Toy Car,23.29,1,20,Cash,3,0,4.8,23.29
50929,1842,2024-03-29,Sverdlovsk Oblast,Yekaterinburg,Web,Direct,sports,Running Shoes,132.17,1,15,Card,2,0,4.6,132.17
50930,1600,2024-03-30,Primorsky Krai,Vladivostok,App,Marketplace,kids,Toy Car,24.05,4,5,Cash,5,0,4.3,96.2
50931,1507,2024-03-31,Altai Krai,Barnaul,Web,Email,clothes,Winter Hoodie,58.55,2,20,Credit,4,0,4.4,117.1
50932,1366,2024-04-01,Voronezh Oblast,Voronezh,Mobile,Social,electronics,Laptop Lenovo IdeaPad,785.96,1,10,Card,2,0,4.9,785.96
50933,1580,2024-04-02,Moscow,Moscow,App,Organic Search,electronics,Smart Watch,172.37,1,25,Credit,2,0,4.4,172.37
50934,1689,2024-04-03,Krasnoyarsk Krai,Krasnoyarsk,App,Direct,beauty,Makeup Palette,47.1,3,10,Credit,5,0,4.6,141.3
50935,1686,2024-04-04,Tomsk Oblast,Tomsk,App,Organic Search,sports,Bicycle Helmet,57.58,1,20,Card,4,0,4.2,57.58
50936,1353,2024-04-05,Sverdlovsk Oblast,Yekaterinburg,Web,Social,beauty,Face Serum,33.72,2,12,SBP,3,0,4.5,67.44
50937,1411,2024-04-06,Novosibirsk Oblast,Novosibirsk,App,Marketplace,home,Coffee Machine,191.61,2,3,SBP,3,0,4.4,383.22
50938,1093,2024-04-07,Udmurtia,Izhevsk,Web,Social,books,Notebook Set,15.68,2,20,Credit,3,0,4.8,31.36
50939,1331,2024-04-08,Perm Krai,Perm,Web,Email,clothes,Zara Jacket,113.79,1,15,Card,4,0,4.3,113.79
50940,1729,2024-04-09,Krasnodar Krai,Krasnodar,Mobile,Marketplace,home,Desk Lamp,45.77,1,3,Credit,3,1,3.8,45.77
50941,1085,2024-04-10,Kemerovo Oblast,Kemerovo,Web,Organic Search,home,Desk Lamp,32.74,2,15,SBP,5,0,4.1,65.48
50942,1664,2024-04-11,Novosibirsk Oblast,Novosibirsk,App,Email,sports,Bicycle Helmet,57.22,1,15,Cash,4,0,4.5,57.22
50943,1410,2024-04-12,Krasnodar Krai,Sochi,Mobile,Paid Search,electronics,Smartphone Samsung,475.07,1,25,Credit,3,0,4.8,475.07
50944,1330,2024-04-13,Yaroslavl Oblast,Yaroslavl,Web,Social,home,Desk Lamp,39.95,3,3,Cash,2,0,4.6,119.85
50945,1568,2024-04-14,Orenburg Oblast,Orenburg,App,Paid Search,beauty,Perfume,106.78,1,15,Cash,4,0,4.7,106.78
50946,1356,2024-04-15,Omsk Oblast,Omsk,App,Organic Search,home,Coffee Machine,143.52,3,3,Credit,2,1,3.8,430.56
50947,1783,2024-04-16,Kemerovo Oblast,Kemerovo,Web,Direct,clothes,Basic T-Shirt,28.25,1,18,Cash,5,0,4.4,28.25
50948,1698,2024-04-17,Tyumen Oblast,Tyumen,App,Marketplace,home,Bed Linen Set,67.19,1,18,SBP,3,0,4.6,67.19
50949,1616,2024-04-18,Kemerovo Oblast,Kemerovo,Web,Social,electronics,Laptop Lenovo IdeaPad,683.56,1,0,Cash,3,0,4.7,683.56
50950,1142,2024-04-19,Tomsk Oblast,Tomsk,Web,Social,home,Bed Linen Set,46.75,1,20,SBP,3,0,4.8,46.75
50951,1348,2024-04-20,Rostov Oblast,Rostov-on-Don,App,Organic Search,electronics,Wireless Headphones,108.46,1,7,Credit,3,0,5.0,108.46
50952,1335,2024-04-21,Udmurtia,Izhevsk,App,Paid Search,electronics,Wireless Headphones,72.3,2,0,Credit,6,1,3.5,144.6
50953,1615,2024-04-22,Nizhny Novgorod Oblast,Nizhny Novgorod,Web,Email,electronics,Wireless Headphones,82.86,1,3,SBP,1,0,5.0,82.86
50954,1124,2024-04-23,Khabarovsk Krai,Khabarovsk,Web,Email,home,Bed Linen Set,61.12,1,10,SBP,6,0,4.1,61.12
50955,1675,2024-04-24,Stavropol Krai,Stavropol,Web,Paid Search,home,Desk Lamp,40.1,1,10,Credit,5,0,4.4,40.1
50956,1492,2024-04-25,Orenburg Oblast,Orenburg,Web,Direct,sports,Bicycle Helmet,45.53,1,15,Card,4,0,4.7,45.53
50957,1203,2024-04-26,Kemerovo Oblast,Kemerovo,Mobile,Paid Search,beauty,Hair Dryer,68.02,1,10,SBP,4,0,4.7,68.02
50958,1790,2024-04-27,Saratov Oblast,Saratov,App,Organic Search,sports,Dumbbells Set,64.2,1,10,Card,2,0,5.0,64.2
50959,1311,2024-04-28,Irkutsk Oblast,Irkutsk,Mobile,Social,books,Business Book,33.26,1,3,Credit,4,1,3.8,33.26
50960,1102,2024-04-29,Sverdlovsk Oblast,Yekaterinburg,Web,Marketplace,sports,Bicycle Helmet,63.57,1,3,Credit,2,0,4.9,63.57
50961,1298,2024-04-30,Rostov Oblast,Rostov-on-Don,App,Email,auto,Dash Camera,93.76,1,0,Card,2,0,5.0,93.76
50962,1433,2024-05-01,Altai Krai,Barnaul,Mobile,Organic Search,home,Desk Lamp,43.14,2,0,SBP,4,0,4.6,86.28
50963,1642,2024-05-02,Sverdlovsk Oblast,Yekaterinburg,App,Direct,auto,Dash Camera,97.33,1,20,Credit,3,0,4.4,97.33
50964,1758,2024-05-03,Saint Petersburg,Saint Petersburg,App,Marketplace,clothes,Winter Hoodie,64.32,1,20,SBP,1,0,4.7,64.32
50965,1569,2024-05-04,Volgograd Oblast,Volgograd,App,Social,clothes,Winter Hoodie,55.32,1,0,Credit,4,0,4.1,55.32
50966,1757,2024-05-05,Sverdlovsk Oblast,Yekaterinburg,App,Direct,electronics,Laptop Lenovo IdeaPad,940.71,1,12,Cash,3,0,4.7,940.71
50967,1257,2024-05-06,Omsk Oblast,Omsk,Web,Paid Search,clothes,Basic T-Shirt,26.72,1,5,Cash,1,0,4.4,26.72
50968,1452,2024-05-07,Bashkortostan,Ufa,App,Email,beauty,Face Serum,43.96,1,10,Card,2,1,4.2,43.96
50969,1742,2024-05-08,Tomsk Oblast,Tomsk,Web,Email,home,Desk Lamp,41.45,1,0,SBP,3,0,4.6,41.45
50970,1578,2024-05-09,Bashkortostan,Ufa,Web,Direct,electronics,Laptop Lenovo IdeaPad,670.39,2,15,Card,3,0,4.8,1340.78
50971,1652,2024-05-10,Moscow,Moscow,Mobile,Marketplace,clothes,Winter Hoodie,74.17,1,20,Credit,2,0,4.9,74.17
50972,1758,2024-05-11,Chelyabinsk Oblast,Chelyabinsk,App,Social,auto,Phone Holder,18.5,2,20,Card,3,0,4.8,37.0
50973,1432,2024-05-12,Voronezh Oblast,Voronezh,App,Organic Search,books,Business Book,30.17,1,7,Credit,3,0,4.5,30.17
50974,1200,2024-05-13,Omsk Oblast,Omsk,Mobile,Organic Search,kids,Toy Car,21.01,1,12,SBP,4,0,4.7,21.01
50975,1639,2024-05-14,Altai Krai,Barnaul,App,Social,beauty,Makeup Palette,36.02,1,12,Credit,3,0,5.0,36.02
50976,1177,2024-05-15,Saint Petersburg,Saint Petersburg,Web,Email,home,Desk Lamp,50.68,1,20,SBP,2,0,4.7,50.68
50977,1324,2024-05-16,Yaroslavl Oblast,Yaroslavl,Web,Paid Search,clothes,Zara Jacket,141.83,1,7,Card,3,0,4.6,141.83
50978,1219,2024-05-17,Volgograd Oblast,Volgograd,App,Direct,electronics,Laptop Lenovo IdeaPad,799.17,1,0,SBP,4,0,4.4,799.17
50979,1426,2024-05-18,Tomsk Oblast,Tomsk,Web,Organic Search,electronics,Wireless Headphones,91.04,1,0,Card,2,0,4.5,91.04
50980,1456,2024-05-19,Primorsky Krai,Vladivostok,App,Paid Search,auto,Motor Oil,46.22,1,15,Card,5,0,4.5,46.22
50981,1504,2024-05-20,Udmurtia,Izhevsk,App,Organic Search,electronics,Smart Watch,209.08,2,20,SBP,3,0,4.6,418.16
50982,1202,2024-05-21,Altai Krai,Barnaul,Mobile,Direct,sports,Bicycle Helmet,40.93,2,20,SBP,5,0,4.7,81.86
50983,1533,2024-05-22,Nizhny Novgorod Oblast,Nizhny Novgorod,App,Organic Search,clothes,Basic T-Shirt,20.85,1,0,Card,3,0,4.5,20.85
50984,1676,2024-05-23,Chelyabinsk Oblast,Chelyabinsk,App,Email,home,Vacuum Cleaner,215.27,4,5,Card,3,0,5.0,861.08
50985,1277,2024-05-24,Perm Krai,Perm,Mobile,Paid Search,beauty,Perfume,81.38,1,3,Credit,2,0,4.7,81.38
50986,1688,2024-05-25,Perm Krai,Perm,App,Social,sports,Dumbbells Set,69.96,1,3,Card,3,0,4.7,69.96
50987,1243,2024-05-26,Orenburg Oblast,Orenburg,Mobile,Direct,clothes,Adidas Sneakers,89.09,2,3,Card,4,0,4.6,178.18
50988,1805,2024-05-27,Kemerovo Oblast,Kemerovo,Web,Social,electronics,Laptop Lenovo IdeaPad,759.65,1,10,Card,4,0,4.3,759.65
50989,1735,2024-05-28,Krasnoyarsk Krai,Krasnoyarsk,App,Marketplace,electronics,Smartphone Samsung,509.54,2,0,Card,3,0,4.8,1019.08
50990,1454,2024-05-29,Tyumen Oblast,Tyumen,App,Email,sports,Yoga Mat,39.89,2,7,Cash,3,0,4.4,79.78
50991,1330,2024-05-30,Irkutsk Oblast,Irkutsk,Mobile,Social,electronics,Smartphone Samsung,363.44,1,12,Cash,4,0,4.4,363.44
50992,1700,2024-05-31,Rostov Oblast,Rostov-on-Don,Web,Paid Search,sports,Running Shoes,123.37,1,5,SBP,3,0,4.7,123.37
50993,1013,2024-06-01,Nizhny Novgorod Oblast,Nizhny Novgorod,App,Organic Search,kids,Lego Set,82.34,1,15,Card,4,0,4.7,82.34
50994,1512,2024-06-02,Perm Krai,Perm,Web,Paid Search,clothes,Adidas Sneakers,122.55,1,15,SBP,2,0,4.8,122.55
50995,1475,2024-06-03,Udmurtia,Izhevsk,App,Email,beauty,Perfume,79.18,1,7,Credit,5,0,4.2,79.18
50996,1838,2024-06-04,Omsk Oblast,Omsk,App,Direct,electronics,Smart Watch,170.9,1,18,Cash,4,0,4.7,170.9
50997,1563,2024-06-05,Krasnodar Krai,Sochi,App,Direct,clothes,Zara Jacket,138.2,1,0,SBP,3,0,4.8,138.2
50998,1145,2024-06-06,Novosibirsk Oblast,Novosibirsk,App,Email,home,Bed Linen Set,59.43,1,0,Cash,4,0,4.4,59.43
50999,1543,2024-06-07,Irkutsk Oblast,Irkutsk,App,Direct,auto,Phone Holder,25.81,1,5,SBP,3,0,4.4,25.81
51000,1321,2024-06-08,Perm Krai,Perm,App,Organic Search,kids,Kids Backpack,28.65,1,3,Credit,3,0,4.8,28.65
51001,1625,2024-06-09,Orenburg Oblast,Orenburg,Web,Social,home,Desk Lamp,42.55,3,15,Cash,2,0,4.4,127.65
51002,1746,2024-06-10,Tomsk Oblast,Tomsk,Web,Direct,books,Notebook Set,16.1,1,0,SBP,3,0,4.9,16.1
51003,1636,2024-06-11,Tatarstan,Kazan,Web,Social,sports,Yoga Mat,38.81,2,7,Credit,2,0,4.7,77.62
51004,1124,2024-06-12,Primorsky Krai,Vladivostok,Mobile,Organic Search,electronics,Wireless Headphones,121.9,1,15,SBP,3,0,4.2,121.9
51005,1026,2024-06-13,Yaroslavl Oblast,Yaroslavl,Web,Paid Search,electronics,Smartphone Samsung,383.43,1,15,Card,3,1,3.9,383.43
51006,1281,2024-06-14,Saratov Oblast,Saratov,App,Organic Search,clothes,Winter Hoodie,66.73,1,5,Credit,4,0,4.7,66.73
51007,1738,2024-06-15,Samara Oblast,Samara,App,Paid Search,home,Bed Linen Set,49.68,1,18,Credit,2,0,4.6,49.68
51008,1524,2024-06-16,Primorsky Krai,Vladivostok,Web,Organic Search,electronics,Smart Watch,148.89,2,10,Card,4,1,4.1,297.78
51009,1084,2024-06-17,Yaroslavl Oblast,Yaroslavl,App,Direct,clothes,Zara Jacket,108.53,1,12,Credit,3,0,4.8,108.53
51010,1119,2024-06-18,Perm Krai,Perm,App,Direct,kids,Toy Car,23.47,1,0,SBP,4,0,4.2,23.47
51011,1775,2024-06-19,Novosibirsk Oblast,Novosibirsk,App,Marketplace,home,Coffee Machine,194.3,1,0,Credit,4,0,4.3,194.3
51012,1358,2024-06-20,Moscow,Moscow,App,Marketplace,beauty,Hair Dryer,95.17,1,3,Card,2,0,4.7,95.17
51013,1207,2024-06-21,Khabarovsk Krai,Khabarovsk,App,Email,auto,Phone Holder,23.45,2,5,SBP,3,0,4.6,46.9
51014,1824,2024-06-22,Perm Krai,Perm,App,Marketplace,home,Desk Lamp,58.7,2,10,Card,3,1,4.0,117.4
51015,1664,2024-06-23,Yaroslavl Oblast,Yaroslavl,App,Paid Search,auto,Phone Holder,23.6,2,3,Cash,2,0,4.5,47.2
51016,1469,2024-06-24,Khabarovsk Krai,Khabarovsk,App,Direct,auto,Dash Camera,92.07,1,5,Credit,3,0,4.7,92.07
51017,1635,2024-06-25,Krasnoyarsk Krai,Krasnoyarsk,App,Paid Search,kids,Toy Car,22.11,2,3,Card,2,0,4.3,44.22
51018,1760,2024-06-26,Kemerovo Oblast,Kemerovo,Mobile,Social,electronics,Wireless Headphones,85.14,3,0,SBP,3,0,4.9,255.42
51019,1652,2024-06-27,Tatarstan,Kazan,App,Direct,home,Coffee Machine,189.31,1,20,Card,4,0,4.3,189.31
51020,1492,2024-06-28,Altai Krai,Barnaul,App,Direct,auto,Motor Oil,30.89,2,10,Card,3,0,4.6,61.78
51021,1789,2024-06-29,Yaroslavl Oblast,Yaroslavl,App,Marketplace,clothes,Zara Jacket,179.8,1,3,SBP,4,0,4.6,179.8
51022,1577,2024-06-30,Kaliningrad Oblast,Kaliningrad,App,Social,home,Bed Linen Set,51.04,2,3,Credit,3,0,4.7,102.08
51023,1381,2024-07-01,Primorsky Krai,Vladivostok,Web,Marketplace,auto,Motor Oil,72.74,1,7,Cash,4,0,4.5,72.74
51024,1556,2024-07-02,Perm Krai,Perm,App,Paid Search,kids,Board Game,28.81,1,5,Credit,4,0,4.2,28.81
51025,1519,2024-07-03,Bashkortostan,Ufa,Web,Email,auto,Car Vacuum,50.15,1,15,Cash,3,1,3.8,50.15
51026,1514,2024-07-04,Krasnoyarsk Krai,Krasnoyarsk,Web,Paid Search,sports,Yoga Mat,29.27,1,12,Card,5,1,3.8,29.27
51027,1817,2024-07-05,Irkutsk Oblast,Irkutsk,App,Paid Search,electronics,Laptop Lenovo IdeaPad,759.73,1,12,SBP,4,0,4.6,759.73
51028,1772,2024-07-06,Primorsky Krai,Vladivostok,App,Social,auto,Motor Oil,48.39,4,3,Cash,4,0,4.4,193.56
51029,1196,2024-07-07,Kaliningrad Oblast,Kaliningrad,App,Direct,electronics,Laptop Lenovo IdeaPad,848.58,2,5,Card,4,0,4.8,1697.16
51030,1308,2024-07-08,Moscow,Moscow,App,Marketplace,electronics,Laptop Lenovo IdeaPad,722.13,1,7,SBP,1,0,4.8,722.13
51031,1262,2024-07-09,Tyumen Oblast,Tyumen,App,Paid Search,sports,Running Shoes,149.45,1,12,Credit,4,0,4.5,149.45
51032,1089,2024-07-10,Kemerovo Oblast,Kemerovo,App,Paid Search,kids,Lego Set,84.62,4,10,Credit,4,0,4.5,338.48
51033,1566,2024-07-11,Samara Oblast,Samara,App,Marketplace,beauty,Face Serum,40.41,1,5,Credit,2,0,4.5,40.41
51034,1579,2024-07-12,Sverdlovsk Oblast,Yekaterinburg,App,Email,clothes,Basic T-Shirt,28.63,1,10,Credit,3,0,4.7,28.63
51035,1113,2024-07-13,Orenburg Oblast,Orenburg,App,Direct,auto,Car Vacuum,55.72,3,5,Cash,4,0,4.7,167.16
51036,1700,2024-07-14,Tomsk Oblast,Tomsk,App,Direct,electronics,Smart Watch,147.79,2,3,Credit,3,0,4.8,295.58
51037,1726,2024-07-15,Novosibirsk Oblast,Novosibirsk,App,Email,clothes,Basic T-Shirt,22.76,1,0,SBP,1,0,4.7,22.76
51038,1520,2024-07-16,Saratov Oblast,Saratov,App,Social,beauty,Makeup Palette,41.08,1,0,Cash,4,0,4.3,41.08
51039,1809,2024-07-17,Stavropol Krai,Stavropol,App,Email,auto,Phone Holder,17.33,1,12,Cash,2,0,4.6,17.33
51040,1273,2024-07-18,Khabarovsk Krai,Khabarovsk,App,Email,sports,Bicycle Helmet,50.18,1,5,Card,4,0,4.5,50.18
51041,1649,2024-07-19,Nizhny Novgorod Oblast,Nizhny Novgorod,App,Email,auto,Phone Holder,25.21,1,7,Card,2,0,4.7,25.21
51042,1231,2024-07-20,Krasnodar Krai,Sochi,Mobile,Direct,clothes,Zara Jacket,143.3,1,0,SBP,3,0,4.5,143.3
51043,1131,2024-07-21,Voronezh Oblast,Voronezh,App,Social,electronics,Smart Watch,276.6,1,7,Credit,1,0,4.4,276.6
51044,1087,2024-07-22,Krasnoyarsk Krai,Krasnoyarsk,Web,Marketplace,auto,Motor Oil,35.6,1,15,Cash,4,1,3.8,35.6
51045,1482,2024-07-23,Udmurtia,Izhevsk,App,Social,clothes,Adidas Sneakers,107.8,3,5,Credit,3,0,4.6,323.4
51046,1296,2024-07-24,Tyumen Oblast,Tyumen,App,Direct,kids,Kids Backpack,41.97,1,10,Cash,4,0,4.6,41.97
51047,1686,2024-07-25,Perm Krai,Perm,Mobile,Paid Search,auto,Dash Camera,80.4,1,5,Cash,3,0,4.5,80.4
51048,1178,2024-07-26,Udmurtia,Izhevsk,Web,Marketplace,clothes,Zara Jacket,110.44,1,10,Card,3,0,5.0,110.44
51049,1735,2024-07-27,Yaroslavl Oblast,Yaroslavl,Web,Email,kids,Board Game,31.55,1,18,SBP,3,0,4.5,31.55
51050,1261,2024-07-28,Stavropol Krai,Stavropol,App,Paid Search,beauty,Hair Dryer,56.32,1,10,Credit,3,0,4.7,56.32
51051,1186,2024-01-01,Omsk Oblast,Omsk,App,Organic Search,auto,Dash Camera,114.75,4,10,Card,3,0,4.7,459.0
51052,1677,2024-01-02,Bashkortostan,Ufa,App,Direct,kids,Lego Set,78.29,1,15,Card,4,0,4.4,78.29
51053,1567,2024-01-03,Moscow,Moscow,App,Email,electronics,Wireless Headphones,102.77,1,5,SBP,1,0,4.5,102.77
51054,1253,2024-01-04,Udmurtia,Izhevsk,App,Paid Search,home,Bed Linen Set,43.19,1,10,Credit,5,1,3.6,43.19
51055,1084,2024-01-05,Novosibirsk Oblast,Novosibirsk,Mobile,Email,home,Vacuum Cleaner,318.73,1,18,Credit,4,0,4.3,318.73
51056,1537,2024-01-06,Kaliningrad Oblast,Kaliningrad,Web,Organic Search,sports,Yoga Mat,42.43,1,15,SBP,4,0,4.8,42.43
51057,1224,2024-01-07,Perm Krai,Perm,Web,Paid Search,electronics,Smart Watch,136.31,1,15,SBP,3,0,4.5,136.31
51058,1731,2024-01-08,Bashkortostan,Ufa,Web,Email,sports,Yoga Mat,31.63,3,12,Card,2,1,3.8,94.89
51059,1267,2024-01-09,Tyumen Oblast,Tyumen,App,Organic Search,clothes,Adidas Sneakers,124.3,1,7,Credit,2,0,4.8,124.3
51060,1082,2024-01-10,Rostov Oblast,Rostov-on-Don,Web,Organic Search,electronics,Smartphone Samsung,401.7,1,20,SBP,4,1,4.0,401.7
51061,1587,2024-01-11,Omsk Oblast,Omsk,Web,Social,electronics,Smartphone Samsung,458.91,1,0,Cash,5,0,4.6,458.91
51062,1547,2024-01-12,Nizhny Novgorod Oblast,Nizhny Novgorod,Mobile,Email,beauty,Makeup Palette,36.11,1,0,Card,3,0,4.5,36.11
51063,1513,2024-01-13,Udmurtia,Izhevsk,Web,Email,beauty,Hair Dryer,67.66,2,5,Card,4,0,4.7,135.32
51064,1731,2024-01-14,Tyumen Oblast,Tyumen,App,Email,electronics,Laptop Lenovo IdeaPad,696.74,1,15,Cash,2,0,4.7,696.74
51065,1538,2024-01-15,Rostov Oblast,Rostov-on-Don,App,Organic Search,clothes,Basic T-Shirt,21.89,1,7,Credit,3,0,4.4,21.89
51066,1825,2024-01-16,Saratov Oblast,Saratov,Web,Paid Search,auto,Dash Camera,96.97,2,10,Card,2,0,4.8,193.94
51067,1446,2024-01-17,Sverdlovsk Oblast,Yekaterinburg,Web,Direct,electronics,Wireless Headphones,105.08,1,5,Cash,2,1,4.0,105.08
51068,1381,2024-01-18,Omsk Oblast,Omsk,Web,Social,books,Business Book,25.75,3,20,Cash,3,0,4.9,77.25
51069,1444,2024-01-19,Omsk Oblast,Omsk,App,Email,electronics,Laptop Lenovo IdeaPad,775.5,1,0,Card,3,0,4.7,775.5
51070,1576,2024-01-20,Krasnoyarsk Krai,Krasnoyarsk,App,Organic Search,home,Bed Linen Set,48.23,1,10,SBP,4,0,4.5,48.23
51071,1530,2024-01-21,Saint Petersburg,Saint Petersburg,Web,Social,electronics,Smartphone Samsung,392.66,2,7,Card,1,1,3.8,785.32
51072,1387,2024-01-22,Altai Krai,Barnaul,App,Paid Search,sports,Dumbbells Set,62.47,2,10,SBP,6,0,4.5,124.94
51073,1583,2024-01-23,Volgograd Oblast,Volgograd,App,Email,clothes,Adidas Sneakers,93.27,1,0,Cash,2,0,5.0,93.27
51074,1068,2024-01-24,Voronezh Oblast,Voronezh,App,Paid Search,kids,Kids Backpack,31.04,1,0,Cash,3,0,4.5,31.04
51075,1265,2024-01-25,Omsk Oblast,Omsk,Mobile,Organic Search,auto,Phone Holder,17.19,2,5,SBP,3,0,4.4,34.38
51076,1279,2024-01-26,Saratov Oblast,Saratov,Web,Marketplace,clothes,Zara Jacket,126.31,2,15,SBP,3,0,5.0,252.62
51077,1255,2024-01-27,Irkutsk Oblast,Irkutsk,App,Paid Search,home,Bed Linen Set,52.68,1,0,Credit,4,0,4.9,52.68
51078,1679,2024-01-28,Altai Krai,Barnaul,Web,Paid Search,electronics,Laptop Lenovo IdeaPad,616.15,1,5,Card,4,0,4.6,616.15
51079,1504,2024-01-29,Udmurtia,Izhevsk,App,Organic Search,home,Coffee Machine,123.42,1,20,Credit,4,0,4.6,123.42
51080,1085,2024-01-30,Khabarovsk Krai,Khabarovsk,Web,Social,home,Bed Linen Set,54.55,1,10,Card,3,1,3.7,54.55
51081,1703,2024-01-31,Krasnodar Krai,Sochi,Mobile,Marketplace,beauty,Makeup Palette,53.08,1,3,SBP,5,0,4.9,53.08
51082,1401,2024-02-01,Volgograd Oblast,Volgograd,App,Social,clothes,Basic T-Shirt,36.02,4,10,Credit,3,0,4.5,144.08
51083,1528,2024-02-02,Krasnodar Krai,Krasnodar,Web,Paid Search,home,Desk Lamp,35.7,1,7,Card,3,0,4.5,35.7
51084,1411,2024-02-03,Chelyabinsk Oblast,Chelyabinsk,App,Social,clothes,Adidas Sneakers,119.34,2,5,Credit,2,0,4.6,238.68
51085,1460,2024-02-04,Orenburg Oblast,Orenburg,Web,Email,auto,Dash Camera,79.63,1,0,Cash,3,1,3.8,79.63
51086,1747,2024-02-05,Krasnodar Krai,Sochi,Web,Marketplace,kids,Board Game,31.95,1,7,SBP,4,0,4.4,31.95
51087,1510,2024-02-06,Stavropol Krai,Stavropol,Web,Social,clothes,Winter Hoodie,52.15,1,0,Credit,3,0,4.5,52.15
51088,1803,2024-02-07,Volgograd Oblast,Volgograd,App,Social,auto,Dash Camera,99.03,2,20,Cash,3,0,4.2,198.06
51089,1428,2024-02-08,Samara Oblast,Samara,Mobile,Social,sports,Dumbbells Set,73.49,1,10,Card,5,0,4.3,73.49
51090,1755,2024-02-09,Udmurtia,Izhevsk,Web,Paid Search,electronics,Wireless Headphones,126.56,2,10,SBP,3,0,4.8,253.12
51091,1341,2024-02-10,Irkutsk Oblast,Irkutsk,App,Marketplace,sports,Yoga Mat,37.74,2,10,Card,3,1,3.8,75.48
51092,1308,2024-02-11,Voronezh Oblast,Voronezh,App,Organic Search,clothes,Basic T-Shirt,29.26,1,3,Card,2,0,4.9,29.26
51093,1281,2024-02-12,Tomsk Oblast,Tomsk,App,Direct,home,Desk Lamp,73.03,1,7,Credit,2,0,4.9,73.03
51094,1399,2024-02-13,Moscow,Moscow,Web,Marketplace,beauty,Hair Dryer,71.49,1,12,SBP,1,0,4.8,71.49
51095,1674,2024-02-14,Rostov Oblast,Rostov-on-Don,App,Organic Search,beauty,Perfume,86.03,3,0,SBP,4,0,4.8,258.09
51096,1079,2024-02-15,Volgograd Oblast,Volgograd,Mobile,Email,home,Vacuum Cleaner,217.59,2,5,Cash,4,0,4.5,435.18
51097,1785,2024-02-16,Kemerovo Oblast,Kemerovo,Mobile,Direct,electronics,Laptop Lenovo IdeaPad,735.02,1,20,Credit,4,1,3.9,735.02
51098,1636,2024-02-17,Irkutsk Oblast,Irkutsk,Web,Social,electronics,Wireless Headphones,105.01,1,3,Card,5,0,4.3,105.01
51099,1443,2024-02-18,Tatarstan,Kazan,App,Marketplace,electronics,Wireless Headphones,101.22,3,10,Card,4,0,4.6,303.66
51100,1800,2024-02-19,Orenburg Oblast,Orenburg,App,Email,beauty,Makeup Palette,44.26,1,12,Credit,5,0,4.3,44.26
51101,1426,2024-02-20,Primorsky Krai,Vladivostok,App,Social,kids,Toy Car,33.81,1,5,Card,7,0,4.1,33.81
51102,1349,2024-02-21,Perm Krai,Perm,App,Direct,books,Python Book,39.22,1,0,Card,1,0,4.7,39.22
51103,1265,2024-02-22,Krasnoyarsk Krai,Krasnoyarsk,App,Paid Search,books,Cookbook,27.41,2,0,Credit,3,0,5.0,54.82
51104,1096,2024-02-23,Krasnodar Krai,Sochi,Mobile,Paid Search,home,Bed Linen Set,60.94,2,7,Cash,4,0,4.5,121.88
51105,1051,2024-02-24,Stavropol Krai,Stavropol,App,Direct,beauty,Face Serum,42.98,1,0,SBP,2,0,4.5,42.98
51106,1042,2024-02-25,Nizhny Novgorod Oblast,Nizhny Novgorod,Web,Paid Search,books,Python Book,45.88,1,20,SBP,2,0,4.6,45.88
51107,1829,2024-02-26,Stavropol Krai,Stavropol,Web,Social,books,Python Book,40.59,1,20,SBP,5,1,3.7,40.59
51108,1832,2024-02-27,Tyumen Oblast,Tyumen,App,Paid Search,beauty,Hair Dryer,90.41,1,3,Card,4,1,3.6,90.41
51109,1193,2024-02-28,Chelyabinsk Oblast,Chelyabinsk,App,Marketplace,home,Vacuum Cleaner,199.78,1,10,Credit,3,0,5.0,199.78
51110,1276,2024-02-29,Primorsky Krai,Vladivostok,App,Marketplace,home,Bed Linen Set,59.3,1,0,Cash,5,0,4.4,59.3
51111,1189,2024-03-01,Krasnoyarsk Krai,Krasnoyarsk,Web,Social,books,Python Book,41.75,4,7,Card,4,1,3.9,167.0
51112,1668,2024-03-02,Volgograd Oblast,Volgograd,App,Email,home,Coffee Machine,161.54,2,0,Cash,4,0,5.0,323.08
51113,1676,2024-03-03,Kaliningrad Oblast,Kaliningrad,App,Social,electronics,Laptop Lenovo IdeaPad,691.96,2,15,SBP,4,0,4.4,1383.92
51114,1004,2024-03-04,Omsk Oblast,Omsk,App,Social,clothes,Zara Jacket,105.18,3,3,Credit,3,1,3.9,315.54
51115,1805,2024-03-05,Omsk Oblast,Omsk,Web,Paid Search,electronics,Laptop Lenovo IdeaPad,610.03,1,0,Card,3,1,4.1,610.03
51116,1137,2024-03-06,Khabarovsk Krai,Khabarovsk,Web,Organic Search,beauty,Hair Dryer,66.42,2,20,Card,4,0,4.8,132.84
51117,1675,2024-03-07,Udmurtia,Izhevsk,App,Paid Search,home,Bed Linen Set,53.98,1,12,SBP,2,0,4.6,53.98
51118,1819,2024-03-08,Yaroslavl Oblast,Yaroslavl,Web,Direct,sports,Bicycle Helmet,45.51,2,15,Cash,2,0,4.4,91.02
51119,1314,2024-03-09,Saratov Oblast,Saratov,App,Direct,beauty,Face Serum,33.11,1,10,Credit,4,1,3.8,33.11
51120,1251,2024-03-10,Samara Oblast,Samara,Web,Marketplace,clothes,Adidas Sneakers,114.35,1,10,SBP,4,0,4.7,114.35
51121,1237,2024-03-11,Saint Petersburg,Saint Petersburg,App,Email,books,Cookbook,27.55,1,10,Credit,2,0,4.6,27.55
51122,1100,2024-03-12,Kemerovo Oblast,Kemerovo,App,Marketplace,electronics,Smart Watch,121.11,4,7,Card,5,0,4.7,484.44
51123,1257,2024-03-13,Samara Oblast,Samara,App,Social,electronics,Smart Watch,170.92,3,0,Cash,4,1,3.6,512.76
51124,1103,2024-03-14,Saint Petersburg,Saint Petersburg,Web,Marketplace,beauty,Hair Dryer,90.14,3,7,Card,3,0,4.6,270.42
51125,1022,2024-03-15,Irkutsk Oblast,Irkutsk,App,Marketplace,clothes,Adidas Sneakers,109.49,1,12,SBP,4,0,4.5,109.49
51126,1138,2024-03-16,Sverdlovsk Oblast,Yekaterinburg,App,Direct,home,Vacuum Cleaner,243.91,1,0,Card,1,0,4.7,243.91
51127,1036,2024-03-17,Krasnodar Krai,Krasnodar,App,Social,kids,Kids Backpack,42.14,2,15,Cash,3,0,4.8,84.28
51128,1569,2024-03-18,Volgograd Oblast,Volgograd,App,Email,books,Notebook Set,15.05,1,3,SBP,3,0,4.5,15.05
51129,1021,2024-03-19,Altai Krai,Barnaul,Mobile,Organic Search,beauty,Perfume,82.45,1,5,Cash,2,0,4.3,82.45
51130,1491,2024-03-20,Tyumen Oblast,Tyumen,Mobile,Paid Search,home,Bed Linen Set,52.89,3,3,Credit,2,0,4.1,158.67
51131,1248,2024-03-21,Stavropol Krai,Stavropol,App,Email,clothes,Zara Jacket,125.15,1,20,Card,2,0,4.6,125.15
51132,1716,2024-03-22,Perm Krai,Perm,App,Social,beauty,Face Serum,37.53,1,10,Card,4,0,4.4,37.53
51133,1034,2024-03-23,Irkutsk Oblast,Irkutsk,App,Marketplace,electronics,Smart Watch,166.84,2,7,Card,3,0,4.0,333.68
51134,1825,2024-03-24,Udmurtia,Izhevsk,Mobile,Marketplace,electronics,Laptop Lenovo IdeaPad,539.62,2,15,Card,3,0,4.6,1079.24
51135,1517,2024-03-25,Omsk Oblast,Omsk,App,Marketplace,kids,Board Game,31.65,2,25,SBP,3,0,5.0,63.3
51136,1782,2024-03-26,Udmurtia,Izhevsk,App,Email,home,Vacuum Cleaner,202.64,1,10,SBP,4,0,4.5,202.64
51137,1354,2024-03-27,Irkutsk Oblast,Irkutsk,App,Organic Search,clothes,Basic T-Shirt,20.89,1,10,SBP,5,0,4.4,20.89
51138,1051,2024-03-28,Tatarstan,Kazan,Web,Organic Search,sports,Running Shoes,117.79,1,15,SBP,1,0,4.6,117.79
51139,1633,2024-03-29,Nizhny Novgorod Oblast,Nizhny Novgorod,Web,Paid Search,books,Notebook Set,19.56,1,3,SBP,1,0,4.9,19.56
51140,1006,2024-03-30,Orenburg Oblast,Orenburg,App,Direct,auto,Phone Holder,24.59,1,15,SBP,4,0,4.7,24.59
51141,1275,2024-03-31,Saratov Oblast,Saratov,Web,Organic Search,kids,Kids Backpack,33.72,1,5,Cash,3,1,3.6,33.72
51142,1022,2024-04-01,Krasnodar Krai,Sochi,Web,Paid Search,clothes,Zara Jacket,155.1,1,10,Cash,3,0,4.5,155.1
51143,1400,2024-04-02,Altai Krai,Barnaul,App,Marketplace,sports,Yoga Mat,35.15,1,20,SBP,3,1,4.1,35.15
51144,1700,2024-04-03,Saratov Oblast,Saratov,Mobile,Social,sports,Running Shoes,122.22,1,7,Cash,3,0,5.0,122.22
51145,1024,2024-04-04,Nizhny Novgorod Oblast,Nizhny Novgorod,Web,Organic Search,home,Coffee Machine,147.11,1,5,Cash,1,0,4.5,147.11
51146,1690,2024-04-05,Yaroslavl Oblast,Yaroslavl,Web,Paid Search,electronics,Smartphone Samsung,423.97,1,12,SBP,3,0,4.9,423.97
51147,1323,2024-04-06,Saint Petersburg,Saint Petersburg,Mobile,Social,home,Coffee Machine,156.91,1,15,Card,1,0,5.0,156.91
51148,1204,2024-04-07,Tyumen Oblast,Tyumen,Web,Direct,kids,Kids Backpack,32.5,1,12,Cash,3,0,4.4,32.5
51149,1769,2024-04-08,Khabarovsk Krai,Khabarovsk,App,Email,electronics,Smartphone Samsung,434.26,1,18,Credit,5,0,4.1,434.26
51150,1028,2024-04-09,Udmurtia,Izhevsk,App,Paid Search,auto,Motor Oil,43.56,2,10,Card,5,0,4.4,87.12
51151,1747,2024-04-10,Khabarovsk Krai,Khabarovsk,App,Email,electronics,Smart Watch,191.24,1,12,SBP,4,0,4.8,191.24
51152,1079,2024-04-11,Tomsk Oblast,Tomsk,Mobile,Organic Search,auto,Car Vacuum,62.3,2,7,SBP,3,0,4.5,124.6
51153,1601,2024-04-12,Krasnoyarsk Krai,Krasnoyarsk,Mobile,Marketplace,electronics,Laptop Lenovo IdeaPad,807.34,1,3,Cash,3,0,4.8,807.34
51154,1079,2024-04-13,Udmurtia,Izhevsk,App,Marketplace,auto,Phone Holder,17.55,1,0,Card,3,0,4.8,17.55
51155,1405,2024-04-14,Samara Oblast,Samara,App,Paid Search,auto,Dash Camera,92.27,2,10,Credit,3,0,4.5,184.54
51156,1533,2024-04-15,Voronezh Oblast,Voronezh,App,Direct,auto,Car Vacuum,44.45,2,0,Cash,3,0,4.7,88.9
51157,1261,2024-04-16,Bashkortostan,Ufa,Web,Direct,sports,Bicycle Helmet,48.52,1,20,SBP,4,0,5.0,48.52
51158,1216,2024-04-17,Bashkortostan,Ufa,App,Email,electronics,Smart Watch,152.49,1,7,SBP,3,1,3.6,152.49
51159,1564,2024-04-18,Nizhny Novgorod Oblast,Nizhny Novgorod,App,Social,kids,Lego Set,157.31,1,3,Cash,2,0,4.9,157.31
51160,1579,2024-04-19,Voronezh Oblast,Voronezh,Web,Paid Search,electronics,Smartphone Samsung,726.77,1,12,Card,2,0,4.6,726.77
51161,1641,2024-04-20,Orenburg Oblast,Orenburg,Mobile,Marketplace,home,Vacuum Cleaner,236.59,1,0,Credit,3,0,4.3,236.59
51162,1468,2024-04-21,Udmurtia,Izhevsk,Mobile,Marketplace,clothes,Winter Hoodie,54.4,1,10,Card,3,0,4.3,54.4
51163,1318,2024-04-22,Altai Krai,Barnaul,Web,Social,beauty,Perfume,98.25,1,0,Cash,3,0,4.6,98.25
51164,1717,2024-04-23,Rostov Oblast,Rostov-on-Don,App,Email,auto,Car Vacuum,49.83,3,7,Card,1,0,4.5,149.49
51165,1742,2024-04-24,Primorsky Krai,Vladivostok,Web,Organic Search,beauty,Makeup Palette,53.39,1,7,Cash,4,0,4.3,53.39
51166,1839,2024-04-25,Irkutsk Oblast,Irkutsk,Web,Paid Search,clothes,Adidas Sneakers,136.08,3,10,SBP,3,1,3.7,408.24
51167,1151,2024-04-26,Tomsk Oblast,Tomsk,Mobile,Marketplace,electronics,Wireless Headphones,77.64,2,10,Credit,3,0,4.9,155.28
51168,1576,2024-04-27,Khabarovsk Krai,Khabarovsk,App,Social,kids,Kids Backpack,31.55,1,5,Credit,3,0,4.3,31.55
51169,1153,2024-04-28,Orenburg Oblast,Orenburg,Web,Paid Search,sports,Yoga Mat,29.45,3,0,Cash,4,0,4.2,88.35
51170,1445,2024-04-29,Khabarovsk Krai,Khabarovsk,Web,Social,kids,Board Game,43.36,3,7,Credit,4,0,4.5,130.08
51171,1844,2024-04-30,Stavropol Krai,Stavropol,Mobile,Direct,auto,Car Vacuum,59.21,1,0,Card,2,0,4.3,59.21
51172,1182,2024-05-01,Saint Petersburg,Saint Petersburg,Web,Paid Search,auto,Motor Oil,49.26,1,0,Cash,2,0,4.6,49.26
51173,1289,2024-05-02,Kemerovo Oblast,Kemerovo,Web,Marketplace,clothes,Winter Hoodie,50.14,1,5,Credit,5,0,4.4,50.14
51174,1504,2024-05-03,Rostov Oblast,Rostov-on-Don,Mobile,Marketplace,electronics,Smart Watch,151.96,2,10,Credit,2,1,4.1,303.92
51175,1069,2024-05-04,Stavropol Krai,Stavropol,Mobile,Paid Search,sports,Bicycle Helmet,53.28,2,5,Cash,2,0,4.8,106.56
51176,1558,2024-05-05,Sverdlovsk Oblast,Yekaterinburg,App,Email,home,Vacuum Cleaner,264.05,2,3,Card,1,0,5.0,528.1
51177,1508,2024-05-06,Omsk Oblast,Omsk,Web,Direct,electronics,Smartphone Samsung,544.9,2,3,SBP,2,0,4.6,1089.8
51178,1406,2024-05-07,Tyumen Oblast,Tyumen,App,Marketplace,electronics,Smartphone Samsung,473.61,1,12,SBP,3,1,4.2,473.61
51179,1146,2024-05-08,Irkutsk Oblast,Irkutsk,App,Social,electronics,Laptop Lenovo IdeaPad,855.62,1,3,Credit,5,1,3.8,855.62
51180,1644,2024-05-09,Yaroslavl Oblast,Yaroslavl,Mobile,Direct,kids,Kids Backpack,28.25,1,10,Cash,3,0,4.4,28.25
51181,1238,2024-05-10,Samara Oblast,Samara,App,Paid Search,beauty,Makeup Palette,42.46,2,12,Cash,1,0,4.8,84.92
51182,1558,2024-05-11,Altai Krai,Barnaul,Web,Social,electronics,Smartphone Samsung,375.2,1,7,Credit,3,0,4.4,375.2
51183,1016,2024-05-12,Tyumen Oblast,Tyumen,App,Marketplace,clothes,Basic T-Shirt,23.09,1,20,SBP,1,0,4.6,23.09
51184,1016,2024-05-13,Udmurtia,Izhevsk,App,Email,electronics,Smartphone Samsung,346.67,1,0,SBP,5,0,4.4,346.67
51185,1582,2024-05-14,Primorsky Krai,Vladivostok,Web,Organic Search,auto,Car Vacuum,60.58,1,15,Credit,6,1,4.1,60.58
51186,1163,2024-05-15,Omsk Oblast,Omsk,Web,Paid Search,kids,Lego Set,90.64,1,10,Cash,3,1,4.2,90.64
51187,1299,2024-05-16,Altai Krai,Barnaul,Web,Paid Search,auto,Dash Camera,92.84,2,7,Cash,3,0,4.3,185.68
51188,1830,2024-05-17,Nizhny Novgorod Oblast,Nizhny Novgorod,Web,Paid Search,auto,Dash Camera,95.39,2,5,Card,1,0,4.7,190.78
51189,1631,2024-05-18,Kaliningrad Oblast,Kaliningrad,App,Email,clothes,Basic T-Shirt,25.32,1,7,Credit,1,0,4.5,25.32
51190,1589,2024-05-19,Samara Oblast,Samara,Mobile,Direct,sports,Bicycle Helmet,57.18,1,10,Credit,2,0,4.7,57.18
51191,1001,2024-05-20,Irkutsk Oblast,Irkutsk,Web,Email,beauty,Perfume,96.21,1,15,Credit,4,0,4.3,96.21
51192,1583,2024-05-21,Saratov Oblast,Saratov,App,Marketplace,home,Vacuum Cleaner,310.65,1,25,Card,2,0,4.9,310.65
51193,1404,2024-05-22,Moscow,Moscow,App,Paid Search,clothes,Zara Jacket,137.12,2,5,Cash,2,0,4.9,274.24
51194,1200,2024-05-23,Krasnodar Krai,Sochi,App,Email,sports,Running Shoes,138.43,1,10,Card,3,0,4.9,138.43
51195,1399,2024-05-24,Perm Krai,Perm,App,Marketplace,sports,Running Shoes,133.63,2,12,Cash,4,0,4.5,267.26
51196,1728,2024-05-25,Khabarovsk Krai,Khabarovsk,Mobile,Email,home,Vacuum Cleaner,206.53,2,0,Credit,6,1,3.1,413.06
51197,1230,2024-05-26,Bashkortostan,Ufa,App,Organic Search,sports,Dumbbells Set,98.42,1,5,Card,2,0,4.7,98.42
51198,1722,2024-05-27,Sverdlovsk Oblast,Yekaterinburg,Mobile,Paid Search,home,Coffee Machine,186.19,2,20,SBP,2,0,4.6,372.38
51199,1747,2024-05-28,Khabarovsk Krai,Khabarovsk,App,Social,home,Coffee Machine,143.6,1,7,Cash,4,1,3.9,143.6
51200,1636,2024-05-29,Bashkortostan,Ufa,Web,Organic Search,clothes,Zara Jacket,139.02,1,15,SBP,2,1,4.0,139.02
51201,1485,2024-05-30,Kemerovo Oblast,Kemerovo,App,Direct,electronics,Laptop Lenovo IdeaPad,534.93,1,10,Card,4,0,4.5,534.93
51202,1141,2024-05-31,Krasnoyarsk Krai,Krasnoyarsk,Web,Direct,kids,Kids Backpack,32.96,2,10,SBP,4,0,4.4,65.92
51203,1142,2024-06-01,Primorsky Krai,Vladivostok,App,Social,books,Notebook Set,22.14,1,15,Credit,4,0,4.5,22.14
51204,1629,2024-06-02,Kaliningrad Oblast,Kaliningrad,Mobile,Marketplace,sports,Running Shoes,117.25,2,7,SBP,2,0,5.0,234.5
51205,1044,2024-06-03,Rostov Oblast,Rostov-on-Don,Mobile,Direct,beauty,Hair Dryer,84.77,1,5,Cash,4,0,4.8,84.77
51206,1325,2024-06-04,Orenburg Oblast,Orenburg,Web,Email,home,Vacuum Cleaner,162.54,2,15,Card,4,0,4.5,325.08
51207,1538,2024-06-05,Sverdlovsk Oblast,Yekaterinburg,App,Paid Search,electronics,Wireless Headphones,88.62,1,3,Credit,3,0,4.8,88.62
51208,1154,2024-06-06,Tyumen Oblast,Tyumen,App,Marketplace,clothes,Winter Hoodie,83.06,1,10,Card,1,0,4.8,83.06
51209,1755,2024-06-07,Krasnodar Krai,Sochi,Mobile,Social,sports,Yoga Mat,33.34,1,15,Cash,4,0,4.8,33.34
51210,1533,2024-06-08,Sverdlovsk Oblast,Yekaterinburg,App,Email,books,Business Book,35.52,1,10,Cash,4,0,4.7,35.52
51211,1359,2024-06-09,Voronezh Oblast,Voronezh,App,Paid Search,home,Vacuum Cleaner,265.66,1,10,Credit,3,0,4.8,265.66
51212,1795,2024-06-10,Omsk Oblast,Omsk,Web,Social,sports,Running Shoes,108.66,2,20,Credit,3,0,4.9,217.32
51213,1221,2024-06-11,Tyumen Oblast,Tyumen,Web,Organic Search,auto,Phone Holder,19.46,2,20,Cash,2,0,4.5,38.92
51214,1630,2024-06-12,Omsk Oblast,Omsk,Mobile,Marketplace,kids,Kids Backpack,34.5,2,0,Cash,4,0,4.6,69.0
51215,1171,2024-06-13,Yaroslavl Oblast,Yaroslavl,Mobile,Marketplace,sports,Yoga Mat,32.28,2,0,SBP,2,0,4.9,64.56
51216,1505,2024-06-14,Saratov Oblast,Saratov,Web,Paid Search,sports,Yoga Mat,28.01,1,7,Cash,2,0,4.7,28.01
51217,1185,2024-06-15,Rostov Oblast,Rostov-on-Don,App,Direct,books,Cookbook,24.42,1,15,Credit,3,0,4.4,24.42
51218,1510,2024-06-16,Krasnoyarsk Krai,Krasnoyarsk,App,Paid Search,books,Notebook Set,15.76,1,3,Card,5,0,4.2,15.76
51219,1374,2024-06-17,Sverdlovsk Oblast,Yekaterinburg,App,Paid Search,beauty,Hair Dryer,90.27,1,0,Credit,2,0,4.1,90.27
51220,1583,2024-06-18,Yaroslavl Oblast,Yaroslavl,Web,Email,kids,Lego Set,116.59,1,15,Credit,2,0,4.4,116.59
51221,1788,2024-06-19,Bashkortostan,Ufa,Web,Social,clothes,Adidas Sneakers,100.62,1,0,Card,4,0,4.2,100.62
51222,1167,2024-06-20,Sverdlovsk Oblast,Yekaterinburg,App,Organic Search,electronics,Wireless Headphones,106.76,2,10,Cash,3,0,4.7,213.52
51223,1204,2024-06-21,Kemerovo Oblast,Kemerovo,App,Email,kids,Lego Set,85.37,3,20,Credit,4,1,3.4,256.11
51224,1118,2024-06-22,Samara Oblast,Samara,App,Email,clothes,Zara Jacket,153.25,4,0,Cash,2,0,4.4,613.0
51225,1055,2024-06-23,Tyumen Oblast,Tyumen,Web,Direct,electronics,Smartphone Samsung,409.53,2,12,Card,2,0,4.7,819.06
51226,1678,2024-06-24,Krasnoyarsk Krai,Krasnoyarsk,App,Organic Search,kids,Lego Set,85.3,1,0,Credit,4,0,4.3,85.3
51227,1309,2024-06-25,Stavropol Krai,Stavropol,App,Paid Search,home,Vacuum Cleaner,174.04,1,0,Card,4,0,4.8,174.04
51228,1681,2024-06-26,Krasnodar Krai,Sochi,App,Direct,kids,Board Game,31.45,2,10,SBP,4,1,3.9,62.9
51229,1068,2024-06-27,Krasnodar Krai,Sochi,App,Direct,electronics,Wireless Headphones,120.33,2,5,Card,5,0,4.3,240.66
51230,1368,2024-06-28,Orenburg Oblast,Orenburg,App,Marketplace,auto,Dash Camera,92.07,2,3,SBP,3,0,4.7,184.14
51231,1433,2024-06-29,Primorsky Krai,Vladivostok,Web,Email,sports,Running Shoes,197.22,3,15,Card,7,0,4.2,591.66
51232,1605,2024-06-30,Bashkortostan,Ufa,App,Organic Search,clothes,Winter Hoodie,56.95,1,7,Card,3,0,4.6,56.95
51233,1658,2024-07-01,Voronezh Oblast,Voronezh,Mobile,Paid Search,home,Vacuum Cleaner,213.47,1,5,Card,4,0,4.2,213.47
51234,1378,2024-07-02,Novosibirsk Oblast,Novosibirsk,App,Direct,clothes,Adidas Sneakers,102.94,3,7,Credit,1,0,4.7,308.82
51235,1109,2024-07-03,Altai Krai,Barnaul,App,Paid Search,kids,Lego Set,85.52,1,7,Cash,4,0,4.7,85.52
51236,1423,2024-07-04,Tomsk Oblast,Tomsk,App,Direct,books,Notebook Set,18.66,2,0,Cash,4,0,4.9,37.32
51237,1110,2024-07-05,Krasnodar Krai,Krasnodar,Web,Direct,sports,Running Shoes,120.99,1,0,Cash,4,0,4.7,120.99
51238,1341,2024-07-06,Khabarovsk Krai,Khabarovsk,Mobile,Marketplace,electronics,Laptop Lenovo IdeaPad,620.96,1,7,Card,5,0,4.4,620.96
51239,1446,2024-07-07,Saint Petersburg,Saint Petersburg,App,Paid Search,books,Cookbook,32.22,1,7,Cash,2,1,4.0,32.22
51240,1796,2024-07-08,Bashkortostan,Ufa,App,Marketplace,beauty,Hair Dryer,68.43,1,0,Cash,4,0,4.5,68.43
51241,1487,2024-07-09,Krasnoyarsk Krai,Krasnoyarsk,Mobile,Organic Search,sports,Dumbbells Set,99.43,1,5,Card,4,0,4.6,99.43
51242,1498,2024-07-10,Saint Petersburg,Saint Petersburg,App,Organic Search,electronics,Wireless Headphones,90.09,1,0,Credit,2,0,4.7,90.09
51243,1725,2024-07-11,Krasnodar Krai,Krasnodar,App,Marketplace,auto,Car Vacuum,51.17,2,10,SBP,3,0,4.4,102.34
51244,1613,2024-07-12,Khabarovsk Krai,Khabarovsk,Web,Marketplace,electronics,Smartphone Samsung,371.77,1,10,Credit,3,0,4.6,371.77
51245,1105,2024-07-13,Stavropol Krai,Stavropol,Web,Marketplace,auto,Motor Oil,31.96,1,0,Credit,2,0,4.8,31.96
51246,1755,2024-07-14,Stavropol Krai,Stavropol,App,Organic Search,sports,Bicycle Helmet,68.11,1,3,SBP,3,0,4.8,68.11
51247,1143,2024-07-15,Khabarovsk Krai,Khabarovsk,Mobile,Organic Search,beauty,Face Serum,44.92,2,5,Card,6,0,4.0,89.84
51248,1677,2024-07-16,Sverdlovsk Oblast,Yekaterinburg,Web,Paid Search,beauty,Makeup Palette,54.44,1,15,SBP,2,0,4.4,54.44
51249,1115,2024-07-17,Krasnodar Krai,Krasnodar,App,Marketplace,books,Python Book,43.48,1,10,Card,4,0,4.5,43.48
51250,1165,2024-07-18,Omsk Oblast,Omsk,Mobile,Paid Search,auto,Dash Camera,71.21,1,10,Card,3,0,4.8,71.21
51251,1832,2024-07-19,Omsk Oblast,Omsk,Web,Marketplace,auto,Dash Camera,103.4,1,10,Card,3,0,4.7,103.4
51252,1783,2024-07-20,Samara Oblast,Samara,App,Organic Search,beauty,Makeup Palette,48.51,1,3,Card,2,0,4.6,48.51
51253,1593,2024-07-21,Stavropol Krai,Stavropol,Web,Paid Search,electronics,Smart Watch,137.42,2,10,Credit,2,0,4.6,274.84
51254,1507,2024-07-22,Volgograd Oblast,Volgograd,App,Social,clothes,Adidas Sneakers,99.48,3,0,Cash,3,0,4.6,298.44
51255,1300,2024-07-23,Rostov Oblast,Rostov-on-Don,App,Organic Search,beauty,Perfume,97.64,1,15,Card,3,0,4.3,97.64
51256,1524,2024-07-24,Altai Krai,Barnaul,Web,Social,clothes,Winter Hoodie,65.94,1,12,SBP,4,0,4.4,65.94
51257,1556,2024-07-25,Krasnodar Krai,Sochi,App,Social,electronics,Laptop Lenovo IdeaPad,671.01,1,5,Cash,3,0,4.2,671.01
51258,1771,2024-07-26,Moscow,Moscow,App,Organic Search,beauty,Perfume,129.32,1,18,Credit,2,0,4.8,129.32
51259,1678,2024-07-27,Krasnoyarsk Krai,Krasnoyarsk,App,Direct,clothes,Winter Hoodie,53.78,4,0,Cash,6,0,3.8,215.12
51260,1524,2024-07-28,Tomsk Oblast,Tomsk,App,Email,books,Notebook Set,17.25,1,3,Card,4,0,5.0,17.25
51261,1033,2024-01-01,Tyumen Oblast,Tyumen,Mobile,Social,sports,Bicycle Helmet,65.56,1,0,Cash,3,0,4.7,65.56
51262,1130,2024-01-02,Kaliningrad Oblast,Kaliningrad,Web,Organic Search,home,Coffee Machine,162.47,2,7,SBP,5,0,4.2,324.94
51263,1108,2024-01-03,Krasnoyarsk Krai,Krasnoyarsk,Web,Marketplace,beauty,Face Serum,30.58,2,0,Cash,4,0,4.8,61.16
51264,1596,2024-01-04,Tomsk Oblast,Tomsk,Mobile,Marketplace,sports,Yoga Mat,31.26,1,12,Credit,2,0,4.3,31.26
51265,1676,2024-01-05,Kaliningrad Oblast,Kaliningrad,App,Paid Search,clothes,Winter Hoodie,66.49,3,0,Card,3,0,4.8,199.47
51266,1046,2024-01-06,Krasnodar Krai,Krasnodar,Web,Marketplace,electronics,Smartphone Samsung,385.21,2,25,SBP,3,0,5.0,770.42
51267,1421,2024-01-07,Krasnodar Krai,Krasnodar,App,Marketplace,electronics,Laptop Lenovo IdeaPad,609.11,1,15,Cash,3,0,4.5,609.11
51268,1544,2024-01-08,Krasnodar Krai,Krasnodar,App,Paid Search,beauty,Hair Dryer,60.73,1,10,SBP,2,0,4.5,60.73
51269,1809,2024-01-09,Rostov Oblast,Rostov-on-Don,Mobile,Marketplace,electronics,Smart Watch,181.77,2,10,Credit,2,1,4.0,363.54
51270,1227,2024-01-10,Samara Oblast,Samara,App,Social,electronics,Wireless Headphones,95.5,1,0,Cash,1,0,4.8,95.5
51271,1429,2024-01-11,Orenburg Oblast,Orenburg,App,Email,beauty,Face Serum,40.8,2,18,SBP,4,0,4.1,81.6
51272,1122,2024-01-12,Kaliningrad Oblast,Kaliningrad,App,Social,home,Coffee Machine,176.38,3,0,Cash,4,0,4.4,529.14
51273,1182,2024-01-13,Krasnodar Krai,Sochi,App,Organic Search,home,Bed Linen Set,69.62,1,15,SBP,3,1,3.8,69.62
51274,1550,2024-01-14,Kaliningrad Oblast,Kaliningrad,App,Paid Search,auto,Car Vacuum,67.77,2,10,Card,4,0,4.5,135.54
51275,1805,2024-01-15,Krasnodar Krai,Krasnodar,App,Organic Search,beauty,Makeup Palette,55.64,2,3,Card,1,0,4.4,111.28
51276,1055,2024-01-16,Stavropol Krai,Stavropol,App,Marketplace,books,Notebook Set,16.42,1,15,Cash,4,0,4.7,16.42
51277,1651,2024-01-17,Irkutsk Oblast,Irkutsk,App,Organic Search,home,Bed Linen Set,53.74,1,15,Cash,5,0,4.5,53.74
51278,1275,2024-01-18,Bashkortostan,Ufa,App,Direct,auto,Phone Holder,23.03,1,5,Card,3,0,5.0,23.03
51279,1199,2024-01-19,Saint Petersburg,Saint Petersburg,App,Marketplace,clothes,Winter Hoodie,68.59,1,0,Cash,2,0,5.0,68.59
51280,1449,2024-01-20,Stavropol Krai,Stavropol,App,Paid Search,clothes,Winter Hoodie,63.48,4,12,Credit,2,1,3.6,253.92
51281,1075,2024-01-21,Udmurtia,Izhevsk,Web,Marketplace,home,Desk Lamp,42.78,1,18,Credit,2,0,4.6,42.78
51282,1624,2024-01-22,Bashkortostan,Ufa,Web,Direct,clothes,Basic T-Shirt,26.55,1,0,Cash,2,1,4.2,26.55
51283,1107,2024-01-23,Perm Krai,Perm,App,Email,clothes,Zara Jacket,117.19,1,0,Card,5,0,4.2,117.19
51284,1369,2024-01-24,Kaliningrad Oblast,Kaliningrad,App,Social,books,Notebook Set,19.77,1,25,SBP,3,0,4.8,19.77
51285,1667,2024-01-25,Samara Oblast,Samara,Web,Social,sports,Yoga Mat,36.96,1,7,SBP,3,0,4.5,36.96
51286,1601,2024-01-26,Novosibirsk Oblast,Novosibirsk,App,Organic Search,clothes,Basic T-Shirt,31.81,1,10,Cash,2,0,4.9,31.81
51287,1239,2024-01-27,Altai Krai,Barnaul,App,Social,auto,Car Vacuum,49.47,2,0,Card,4,0,4.2,98.94
51288,1582,2024-01-28,Orenburg Oblast,Orenburg,Web,Email,electronics,Smart Watch,135.77,2,10,Card,3,0,4.6,271.54
51289,1218,2024-01-29,Krasnodar Krai,Sochi,App,Email,auto,Motor Oil,53.86,4,10,Cash,3,0,4.6,215.44
51290,1647,2024-01-30,Krasnodar Krai,Sochi,App,Email,electronics,Laptop Lenovo IdeaPad,892.87,1,7,Credit,3,1,3.9,892.87
51291,1327,2024-01-31,Kaliningrad Oblast,Kaliningrad,Web,Social,sports,Bicycle Helmet,49.58,1,0,Cash,3,0,4.2,49.58
51292,1603,2024-02-01,Saratov Oblast,Saratov,Web,Social,auto,Car Vacuum,49.89,2,10,SBP,3,0,4.8,99.78
51293,1286,2024-02-02,Tomsk Oblast,Tomsk,App,Email,clothes,Basic T-Shirt,27.57,1,15,SBP,4,0,4.5,27.57
51294,1014,2024-02-03,Yaroslavl Oblast,Yaroslavl,Web,Social,clothes,Winter Hoodie,50.36,1,25,Credit,2,1,3.7,50.36
51295,1629,2024-02-04,Stavropol Krai,Stavropol,Web,Marketplace,sports,Bicycle Helmet,56.12,1,5,SBP,3,1,3.6,56.12
51296,1744,2024-02-05,Udmurtia,Izhevsk,Web,Direct,clothes,Basic T-Shirt,22.8,1,7,Credit,4,0,4.8,22.8
51297,1677,2024-02-06,Rostov Oblast,Rostov-on-Don,Web,Paid Search,sports,Dumbbells Set,74.93,1,18,Credit,2,0,4.6,74.93
51298,1130,2024-02-07,Orenburg Oblast,Orenburg,App,Paid Search,clothes,Adidas Sneakers,107.39,2,10,Card,4,0,4.5,214.78
51299,1780,2024-02-08,Tatarstan,Kazan,App,Marketplace,electronics,Wireless Headphones,100.7,2,5,SBP,2,0,4.7,201.4
51300,1142,2024-02-09,Stavropol Krai,Stavropol,Web,Social,electronics,Laptop Lenovo IdeaPad,636.54,1,7,Credit,2,0,4.7,636.54
51301,1142,2024-02-10,Nizhny Novgorod Oblast,Nizhny Novgorod,Web,Direct,sports,Yoga Mat,34.55,2,0,Credit,4,0,4.7,69.1
51302,1749,2024-02-11,Samara Oblast,Samara,Web,Organic Search,home,Vacuum Cleaner,197.65,1,15,SBP,4,0,4.2,197.65
51303,1592,2024-02-12,Samara Oblast,Samara,Web,Social,auto,Car Vacuum,59.61,2,0,Cash,2,1,4.0,119.22
51304,1055,2024-02-13,Krasnodar Krai,Sochi,App,Direct,books,Cookbook,47.94,1,7,Credit,5,0,4.2,47.94
51305,1060,2024-02-14,Rostov Oblast,Rostov-on-Don,App,Organic Search,home,Vacuum Cleaner,249.3,3,10,Card,4,0,4.2,747.9
51306,1814,2024-02-15,Chelyabinsk Oblast,Chelyabinsk,App,Social,beauty,Perfume,108.31,1,7,SBP,2,0,5.0,108.31
51307,1475,2024-02-16,Moscow,Moscow,Web,Paid Search,beauty,Face Serum,48.85,1,0,Card,2,0,4.7,48.85
51308,1045,2024-02-17,Tomsk Oblast,Tomsk,App,Direct,clothes,Adidas Sneakers,182.32,3,18,Card,2,1,4.0,546.96
51309,1805,2024-02-18,Omsk Oblast,Omsk,Web,Marketplace,electronics,Smart Watch,118.97,1,12,SBP,4,0,4.5,118.97
51310,1135,2024-02-19,Primorsky Krai,Vladivostok,App,Marketplace,clothes,Adidas Sneakers,107.89,1,10,SBP,3,0,4.5,107.89
51311,1552,2024-02-20,Samara Oblast,Samara,App,Marketplace,auto,Car Vacuum,46.19,2,20,Card,3,0,4.6,92.38
51312,1304,2024-02-21,Sverdlovsk Oblast,Yekaterinburg,App,Social,auto,Car Vacuum,47.53,1,10,Cash,3,0,4.8,47.53
51313,1559,2024-02-22,Altai Krai,Barnaul,App,Paid Search,kids,Board Game,31.12,1,20,Credit,3,0,4.7,31.12
51314,1182,2024-02-23,Saint Petersburg,Saint Petersburg,App,Paid Search,kids,Toy Car,24.08,1,5,SBP,1,0,4.6,24.08
51315,1460,2024-02-24,Orenburg Oblast,Orenburg,App,Email,home,Desk Lamp,40.01,1,15,SBP,5,0,4.2,40.01
51316,1506,2024-02-25,Bashkortostan,Ufa,App,Paid Search,electronics,Smart Watch,136.31,1,10,SBP,2,1,4.2,136.31
51317,1146,2024-02-26,Yaroslavl Oblast,Yaroslavl,Mobile,Direct,electronics,Laptop Lenovo IdeaPad,834.1,1,10,SBP,2,0,4.8,834.1
51318,1275,2024-02-27,Orenburg Oblast,Orenburg,Web,Direct,home,Bed Linen Set,58.5,1,7,Card,2,0,4.3,58.5
51319,1162,2024-02-28,Volgograd Oblast,Volgograd,Mobile,Marketplace,home,Coffee Machine,125.03,1,15,Credit,1,1,3.7,125.03
51320,1603,2024-02-29,Udmurtia,Izhevsk,App,Direct,books,Python Book,33.75,3,20,SBP,2,0,5.0,101.25
51321,1051,2024-03-01,Omsk Oblast,Omsk,App,Social,clothes,Adidas Sneakers,89.04,1,7,SBP,4,0,4.6,89.04
51322,1312,2024-03-02,Kaliningrad Oblast,Kaliningrad,Web,Email,kids,Board Game,36.14,1,25,Card,3,0,5.0,36.14
51323,1308,2024-03-03,Sverdlovsk Oblast,Yekaterinburg,App,Social,clothes,Basic T-Shirt,31.98,1,10,Card,3,1,3.9,31.98
51324,1151,2024-03-04,Novosibirsk Oblast,Novosibirsk,Mobile,Paid Search,auto,Dash Camera,113.49,1,15,Card,3,0,4.9,113.49
51325,1061,2024-03-05,Bashkortostan,Ufa,App,Organic Search,sports,Bicycle Helmet,52.32,2,7,Card,1,0,4.9,104.64
51326,1224,2024-03-06,Primorsky Krai,Vladivostok,App,Direct,sports,Dumbbells Set,101.38,4,10,Cash,4,0,4.4,405.52
51327,1165,2024-03-07,Khabarovsk Krai,Khabarovsk,Web,Social,books,Cookbook,42.42,1,15,SBP,5,1,3.5,42.42
51328,1643,2024-03-08,Tomsk Oblast,Tomsk,App,Organic Search,electronics,Smart Watch,143.11,1,5,Cash,3,0,4.7,143.11
51329,1432,2024-03-09,Volgograd Oblast,Volgograd,App,Email,auto,Phone Holder,19.21,1,15,Card,3,0,4.7,19.21
51330,1007,2024-03-10,Bashkortostan,Ufa,App,Email,home,Bed Linen Set,45.5,1,5,SBP,1,0,4.8,45.5
51331,1608,2024-03-11,Altai Krai,Barnaul,App,Paid Search,clothes,Winter Hoodie,59.35,1,18,Credit,4,0,4.4,59.35
51332,1192,2024-03-12,Nizhny Novgorod Oblast,Nizhny Novgorod,App,Email,electronics,Laptop Lenovo IdeaPad,695.62,1,0,Card,2,0,4.4,695.62
51333,1186,2024-03-13,Samara Oblast,Samara,Mobile,Marketplace,beauty,Makeup Palette,70.55,1,5,Cash,3,0,4.9,70.55
51334,1741,2024-03-14,Voronezh Oblast,Voronezh,App,Paid Search,clothes,Zara Jacket,135.98,1,20,Card,3,0,4.4,135.98
51335,1768,2024-03-15,Volgograd Oblast,Volgograd,App,Direct,sports,Bicycle Helmet,49.34,1,10,Credit,4,0,4.7,49.34
51336,1784,2024-03-16,Kaliningrad Oblast,Kaliningrad,Web,Direct,auto,Phone Holder,22.86,2,15,Cash,4,0,4.0,45.72
51337,1055,2024-03-17,Tatarstan,Kazan,Web,Email,beauty,Makeup Palette,47.44,3,15,Card,2,0,5.0,142.32
51338,1160,2024-03-18,Irkutsk Oblast,Irkutsk,App,Direct,electronics,Smart Watch,137.41,1,0,Card,6,1,3.2,137.41
51339,1369,2024-03-19,Samara Oblast,Samara,App,Social,electronics,Wireless Headphones,101.95,3,18,Cash,3,0,4.6,305.85
51340,1735,2024-03-20,Kaliningrad Oblast,Kaliningrad,Web,Marketplace,electronics,Smartphone Samsung,513.33,1,20,Credit,3,1,3.8,513.33
51341,1049,2024-03-21,Chelyabinsk Oblast,Chelyabinsk,Web,Direct,sports,Yoga Mat,28.85,1,15,Credit,3,0,4.7,28.85
51342,1099,2024-03-22,Samara Oblast,Samara,Web,Direct,sports,Bicycle Helmet,49.16,1,15,Cash,2,0,4.7,49.16
51343,1042,2024-03-23,Krasnodar Krai,Sochi,Web,Paid Search,kids,Lego Set,81.51,2,25,Cash,4,0,4.6,163.02
51344,1582,2024-03-24,Khabarovsk Krai,Khabarovsk,App,Direct,kids,Kids Backpack,34.18,2,15,Card,5,0,4.5,68.36
51345,1472,2024-03-25,Orenburg Oblast,Orenburg,App,Direct,books,Python Book,36.57,1,5,Card,4,0,4.2,36.57
51346,1308,2024-03-26,Tyumen Oblast,Tyumen,Mobile,Direct,home,Bed Linen Set,64.53,1,0,Card,1,0,4.5,64.53
51347,1172,2024-03-27,Omsk Oblast,Omsk,Mobile,Marketplace,auto,Motor Oil,35.0,2,10,Credit,3,0,4.8,70.0
51348,1849,2024-03-28,Sverdlovsk Oblast,Yekaterinburg,App,Organic Search,electronics,Smartphone Samsung,527.26,1,0,SBP,3,0,4.9,527.26
51349,1609,2024-03-29,Saratov Oblast,Saratov,App,Email,beauty,Hair Dryer,56.52,1,18,Card,4,0,4.6,56.52
51350,1574,2024-03-30,Yaroslavl Oblast,Yaroslavl,App,Email,clothes,Winter Hoodie,68.35,2,12,SBP,2,0,4.6,136.7
51351,1267,2024-03-31,Orenburg Oblast,Orenburg,Web,Social,home,Vacuum Cleaner,232.73,1,5,Cash,4,0,4.6,232.73
51352,1479,2024-04-01,Tomsk Oblast,Tomsk,App,Marketplace,electronics,Smartphone Samsung,473.1,1,7,Credit,3,0,4.9,473.1
51353,1344,2024-04-02,Stavropol Krai,Stavropol,App,Organic Search,clothes,Adidas Sneakers,107.32,2,25,Cash,3,0,4.1,214.64
51354,1442,2024-04-03,Bashkortostan,Ufa,App,Organic Search,auto,Motor Oil,48.15,1,12,Cash,3,0,4.4,48.15
51355,1314,2024-04-04,Altai Krai,Barnaul,App,Social,home,Coffee Machine,133.04,3,10,Card,5,0,4.2,399.12
51356,1014,2024-04-05,Tomsk Oblast,Tomsk,Web,Social,sports,Dumbbells Set,91.91,1,5,Credit,3,0,4.7,91.91
51357,1272,2024-04-06,Kemerovo Oblast,Kemerovo,App,Marketplace,auto,Phone Holder,20.9,1,0,Cash,4,0,4.5,20.9
51358,1789,2024-04-07,Novosibirsk Oblast,Novosibirsk,Mobile,Direct,kids,Kids Backpack,34.07,1,12,Credit,4,0,4.6,34.07
51359,1378,2024-04-08,Novosibirsk Oblast,Novosibirsk,App,Marketplace,electronics,Laptop Lenovo IdeaPad,797.92,1,15,Credit,4,1,3.7,797.92
51360,1266,2024-04-09,Tatarstan,Kazan,App,Email,auto,Dash Camera,94.22,1,18,SBP,1,0,4.8,94.22
51361,1350,2024-04-10,Kemerovo Oblast,Kemerovo,App,Organic Search,clothes,Winter Hoodie,51.35,2,20,Cash,3,0,4.3,102.7
51362,1848,2024-04-11,Novosibirsk Oblast,Novosibirsk,App,Paid Search,auto,Motor Oil,41.02,1,3,Card,4,1,3.8,41.02
51363,1026,2024-04-12,Stavropol Krai,Stavropol,Web,Organic Search,kids,Board Game,34.56,3,5,Cash,2,1,3.6,103.68
51364,1588,2024-04-13,Chelyabinsk Oblast,Chelyabinsk,Web,Direct,books,Business Book,25.34,2,20,Card,3,0,4.7,50.68
51365,1727,2024-04-14,Udmurtia,Izhevsk,Web,Marketplace,auto,Motor Oil,41.02,1,0,Cash,4,0,4.7,41.02
51366,1631,2024-04-15,Irkutsk Oblast,Irkutsk,Mobile,Direct,kids,Kids Backpack,37.06,2,18,SBP,4,0,4.3,74.12
51367,1623,2024-04-16,Tomsk Oblast,Tomsk,Mobile,Email,auto,Phone Holder,18.43,2,7,Cash,3,0,4.5,36.86
51368,1094,2024-04-17,Moscow,Moscow,Web,Email,home,Bed Linen Set,78.6,1,7,Card,1,0,4.6,78.6
51369,1102,2024-04-18,Primorsky Krai,Vladivostok,App,Organic Search,auto,Car Vacuum,61.49,1,10,Card,5,0,4.8,61.49
51370,1724,2024-04-19,Chelyabinsk Oblast,Chelyabinsk,App,Marketplace,electronics,Smart Watch,172.97,1,18,Card,2,0,4.5,172.97
51371,1222,2024-04-20,Kemerovo Oblast,Kemerovo,Mobile,Social,beauty,Makeup Palette,41.83,1,3,Cash,3,0,4.7,41.83
51372,1681,2024-04-21,Krasnodar Krai,Sochi,Web,Paid Search,auto,Car Vacuum,55.99,1,25,Cash,4,0,4.3,55.99
51373,1651,2024-04-22,Rostov Oblast,Rostov-on-Don,App,Organic Search,kids,Board Game,26.69,4,5,Credit,3,0,4.7,106.76
51374,1323,2024-04-23,Kemerovo Oblast,Kemerovo,Web,Direct,kids,Lego Set,81.71,2,10,Cash,4,0,4.6,163.42
51375,1521,2024-04-24,Kemerovo Oblast,Kemerovo,Web,Marketplace,beauty,Hair Dryer,67.66,3,0,SBP,4,0,4.4,202.98
51376,1642,2024-04-25,Volgograd Oblast,Volgograd,Web,Organic Search,sports,Dumbbells Set,66.2,2,0,Card,3,0,4.9,132.4
51377,1385,2024-04-26,Bashkortostan,Ufa,App,Paid Search,electronics,Wireless Headphones,103.06,1,5,Cash,2,0,4.5,103.06
51378,1073,2024-04-27,Khabarovsk Krai,Khabarovsk,App,Email,sports,Dumbbells Set,73.29,2,0,Credit,6,0,4.8,146.58
51379,1663,2024-04-28,Krasnodar Krai,Krasnodar,App,Direct,electronics,Laptop Lenovo IdeaPad,874.9,2,7,Credit,4,0,4.4,1749.8
51380,1399,2024-04-29,Tyumen Oblast,Tyumen,App,Email,electronics,Smart Watch,167.84,1,15,Card,3,0,4.6,167.84
51381,1317,2024-04-30,Omsk Oblast,Omsk,Web,Organic Search,auto,Motor Oil,35.72,3,20,Cash,3,0,4.2,107.16
51382,1163,2024-05-01,Krasnodar Krai,Krasnodar,App,Email,clothes,Winter Hoodie,53.31,2,10,Card,2,0,4.8,106.62
51383,1052,2024-05-02,Khabarovsk Krai,Khabarovsk,Web,Organic Search,electronics,Laptop Lenovo IdeaPad,851.3,1,10,Card,5,1,3.5,851.3
51384,1092,2024-05-03,Krasnodar Krai,Sochi,App,Social,sports,Dumbbells Set,96.28,1,5,Credit,2,0,4.7,96.28
51385,1603,2024-05-04,Tomsk Oblast,Tomsk,App,Direct,home,Desk Lamp,36.63,1,3,Credit,3,0,4.8,36.63
51386,1051,2024-05-05,Samara Oblast,Samara,Mobile,Organic Search,beauty,Perfume,87.8,1,5,SBP,2,0,4.6,87.8
51387,1322,2024-05-06,Khabarovsk Krai,Khabarovsk,App,Social,beauty,Face Serum,33.58,1,12,SBP,4,1,3.8,33.58
51388,1300,2024-05-07,Stavropol Krai,Stavropol,Web,Social,beauty,Hair Dryer,79.98,1,5,Cash,3,0,4.8,79.98
51389,1265,2024-05-08,Nizhny Novgorod Oblast,Nizhny Novgorod,Web,Social,clothes,Basic T-Shirt,27.16,3,10,SBP,3,0,4.5,81.48
51390,1049,2024-05-09,Khabarovsk Krai,Khabarovsk,Web,Social,beauty,Perfume,127.27,1,12,SBP,4,1,3.5,127.27
51391,1256,2024-05-10,Irkutsk Oblast,Irkutsk,Web,Email,sports,Dumbbells Set,100.78,1,15,Cash,2,0,4.6,100.78
51392,1294,2024-05-11,Krasnodar Krai,Krasnodar,App,Marketplace,auto,Motor Oil,36.6,2,7,Credit,2,0,5.0,73.2
51393,1229,2024-05-12,Bashkortostan,Ufa,Web,Email,sports,Yoga Mat,38.22,1,15,Card,3,0,4.7,38.22
51394,1339,2024-05-13,Tomsk Oblast,Tomsk,App,Direct,electronics,Wireless Headphones,80.88,1,7,SBP,3,0,4.9,80.88
51395,1566,2024-05-14,Saratov Oblast,Saratov,Mobile,Paid Search,clothes,Winter Hoodie,70.75,1,10,SBP,3,0,4.7,70.75
51396,1849,2024-05-15,Sverdlovsk Oblast,Yekaterinburg,App,Email,home,Desk Lamp,37.01,1,5,Credit,3,0,4.5,37.01
51397,1462,2024-05-16,Rostov Oblast,Rostov-on-Don,App,Email,auto,Phone Holder,19.05,1,7,Credit,3,0,4.6,19.05
51398,1288,2024-05-17,Irkutsk Oblast,Irkutsk,Web,Paid Search,kids,Toy Car,45.4,4,12,Credit,4,0,4.1,181.6
51399,1310,2024-05-18,Udmurtia,Izhevsk,App,Marketplace,clothes,Basic T-Shirt,20.07,1,18,Cash,4,0,4.6,20.07
51400,1770,2024-05-19,Tomsk Oblast,Tomsk,App,Social,home,Vacuum Cleaner,240.4,2,10,SBP,3,0,4.9,480.8
51401,1111,2024-05-20,Yaroslavl Oblast,Yaroslavl,App,Email,books,Business Book,28.61,2,0,Cash,3,0,4.7,57.22
51402,1836,2024-05-21,Sverdlovsk Oblast,Yekaterinburg,App,Email,books,Business Book,27.68,1,12,Card,2,0,4.4,27.68
51403,1058,2024-05-22,Omsk Oblast,Omsk,Web,Paid Search,books,Business Book,28.09,1,18,Card,4,0,4.6,28.09
51404,1048,2024-05-23,Altai Krai,Barnaul,Web,Paid Search,home,Vacuum Cleaner,211.27,1,0,Cash,3,0,5.0,211.27
51405,1817,2024-05-24,Primorsky Krai,Vladivostok,Mobile,Paid Search,home,Coffee Machine,186.99,3,0,Cash,4,0,4.6,560.97
51406,1488,2024-05-25,Nizhny Novgorod Oblast,Nizhny Novgorod,App,Marketplace,electronics,Wireless Headphones,91.57,2,10,Credit,2,0,4.1,183.14
51407,1452,2024-05-26,Perm Krai,Perm,App,Paid Search,books,Notebook Set,20.52,1,5,Cash,3,0,4.5,20.52
51408,1547,2024-05-27,Orenburg Oblast,Orenburg,App,Direct,clothes,Zara Jacket,105.94,1,20,SBP,4,0,4.3,105.94
51409,1049,2024-05-28,Kaliningrad Oblast,Kaliningrad,Mobile,Organic Search,home,Vacuum Cleaner,205.82,1,20,Card,4,1,3.7,205.82
51410,1076,2024-05-29,Irkutsk Oblast,Irkutsk,App,Social,beauty,Face Serum,44.97,2,15,Credit,6,0,4.4,89.94
51411,1364,2024-05-30,Kemerovo Oblast,Kemerovo,App,Direct,electronics,Smart Watch,164.49,1,5,Cash,3,0,4.5,164.49
51412,1022,2024-05-31,Krasnoyarsk Krai,Krasnoyarsk,App,Email,home,Coffee Machine,135.75,3,15,SBP,4,0,4.8,407.25
51413,1200,2024-06-01,Kemerovo Oblast,Kemerovo,App,Email,home,Vacuum Cleaner,182.84,2,10,Card,3,0,4.3,365.68
51414,1595,2024-06-02,Kaliningrad Oblast,Kaliningrad,App,Social,beauty,Perfume,105.03,3,0,SBP,2,0,4.6,315.09
51415,1195,2024-06-03,Moscow,Moscow,Web,Direct,home,Coffee Machine,216.06,1,10,Credit,1,0,4.9,216.06
51416,1510,2024-06-04,Chelyabinsk Oblast,Chelyabinsk,App,Marketplace,home,Vacuum Cleaner,211.81,2,15,Credit,3,0,4.7,423.62
51417,1670,2024-06-05,Perm Krai,Perm,Mobile,Paid Search,kids,Kids Backpack,29.93,3,5,SBP,5,1,3.8,89.79
51418,1324,2024-06-06,Khabarovsk Krai,Khabarovsk,App,Social,kids,Kids Backpack,31.92,2,20,Credit,4,0,4.6,63.84
51419,1078,2024-06-07,Novosibirsk Oblast,Novosibirsk,Web,Email,sports,Dumbbells Set,92.75,1,5,SBP,3,0,4.5,92.75
51420,1588,2024-06-08,Volgograd Oblast,Volgograd,Web,Paid Search,home,Coffee Machine,137.27,2,3,Cash,1,1,3.8,274.54
51421,1116,2024-06-09,Kaliningrad Oblast,Kaliningrad,Web,Direct,books,Python Book,36.97,3,3,SBP,5,0,4.6,110.91
51422,1551,2024-06-10,Primorsky Krai,Vladivostok,Web,Paid Search,electronics,Smart Watch,171.36,3,0,Card,4,0,4.4,514.08
51423,1492,2024-06-11,Tyumen Oblast,Tyumen,Web,Marketplace,home,Desk Lamp,36.18,1,20,Cash,4,0,4.4,36.18
51424,1133,2024-06-12,Tomsk Oblast,Tomsk,Web,Organic Search,home,Desk Lamp,42.95,2,15,Cash,4,0,4.4,85.9
51425,1168,2024-06-13,Nizhny Novgorod Oblast,Nizhny Novgorod,Web,Marketplace,clothes,Basic T-Shirt,30.53,1,3,SBP,4,1,3.8,30.53
51426,1458,2024-06-14,Primorsky Krai,Vladivostok,App,Organic Search,home,Coffee Machine,195.67,1,18,Cash,5,0,4.3,195.67
51427,1433,2024-06-15,Tomsk Oblast,Tomsk,Web,Paid Search,kids,Board Game,25.08,2,0,Credit,3,0,4.6,50.16
51428,1004,2024-06-16,Moscow,Moscow,Web,Direct,kids,Kids Backpack,34.93,2,10,SBP,2,0,4.9,69.86
51429,1631,2024-06-17,Saratov Oblast,Saratov,App,Paid Search,electronics,Smartphone Samsung,468.64,1,5,Cash,2,0,4.2,468.64
51430,1570,2024-06-18,Volgograd Oblast,Volgograd,App,Organic Search,kids,Lego Set,84.54,2,15,Cash,5,0,4.2,169.08
51431,1556,2024-06-19,Altai Krai,Barnaul,Web,Email,books,Notebook Set,14.42,3,0,Credit,3,0,4.7,43.26
51432,1232,2024-06-20,Rostov Oblast,Rostov-on-Don,App,Paid Search,sports,Bicycle Helmet,47.32,1,0,Cash,4,0,4.7,47.32
51433,1718,2024-06-21,Krasnodar Krai,Krasnodar,App,Email,clothes,Zara Jacket,131.78,2,10,Card,2,0,5.0,263.56
51434,1552,2024-06-22,Tyumen Oblast,Tyumen,App,Direct,auto,Motor Oil,47.07,1,5,Card,3,0,4.6,47.07
51435,1608,2024-06-23,Kemerovo Oblast,Kemerovo,App,Direct,clothes,Adidas Sneakers,113.52,1,7,Credit,3,1,4.0,113.52
51436,1386,2024-06-24,Khabarovsk Krai,Khabarovsk,Web,Social,books,Business Book,28.6,2,0,SBP,4,0,4.2,57.2
51437,1580,2024-06-25,Kaliningrad Oblast,Kaliningrad,Web,Email,auto,Motor Oil,46.8,2,0,Cash,3,0,4.7,93.6
51438,1643,2024-06-26,Perm Krai,Perm,Web,Marketplace,sports,Running Shoes,120.6,2,18,Credit,2,0,4.5,241.2
51439,1315,2024-06-27,Krasnodar Krai,Sochi,App,Social,kids,Toy Car,21.94,1,7,Credit,2,0,4.5,21.94
51440,1470,2024-06-28,Samara Oblast,Samara,App,Direct,beauty,Hair Dryer,86.12,1,10,SBP,2,0,4.9,86.12
51441,1826,2024-06-29,Sverdlovsk Oblast,Yekaterinburg,Mobile,Social,sports,Bicycle Helmet,61.38,1,5,Credit,3,0,4.5,61.38
51442,1558,2024-06-30,Altai Krai,Barnaul,App,Direct,electronics,Smartphone Samsung,336.36,1,7,Cash,3,1,4.2,336.36
51443,1683,2024-07-01,Samara Oblast,Samara,App,Direct,beauty,Hair Dryer,139.78,1,3,Cash,3,0,4.6,139.78
51444,1380,2024-07-02,Krasnoyarsk Krai,Krasnoyarsk,App,Marketplace,clothes,Winter Hoodie,77.64,1,18,Card,6,0,4.3,77.64
51445,1367,2024-07-03,Saint Petersburg,Saint Petersburg,Web,Marketplace,electronics,Laptop Lenovo IdeaPad,779.3,1,18,Credit,2,0,4.4,779.3
51446,1780,2024-07-04,Nizhny Novgorod Oblast,Nizhny Novgorod,Web,Email,electronics,Wireless Headphones,107.51,2,18,Credit,2,1,4.1,215.02
51447,1705,2024-07-05,Stavropol Krai,Stavropol,Web,Paid Search,kids,Lego Set,82.44,2,0,Card,4,0,4.8,164.88
51448,1411,2024-07-06,Saint Petersburg,Saint Petersburg,App,Social,home,Desk Lamp,40.44,1,7,SBP,1,0,4.2,40.44
51449,1183,2024-07-07,Rostov Oblast,Rostov-on-Don,App,Email,home,Coffee Machine,129.32,1,7,Cash,2,0,4.7,129.32
51450,1311,2024-07-08,Kemerovo Oblast,Kemerovo,App,Email,home,Coffee Machine,167.11,1,15,SBP,4,0,4.7,167.11
51451,1084,2024-07-09,Volgograd Oblast,Volgograd,Web,Paid Search,kids,Board Game,28.62,2,15,Cash,2,0,4.6,57.24
51452,1094,2024-07-10,Nizhny Novgorod Oblast,Nizhny Novgorod,App,Email,sports,Running Shoes,127.58,1,0,Card,3,0,4.8,127.58
51453,1633,2024-07-11,Stavropol Krai,Stavropol,App,Marketplace,clothes,Winter Hoodie,51.82,1,7,SBP,3,0,5.0,51.82
51454,1119,2024-07-12,Primorsky Krai,Vladivostok,Web,Email,sports,Running Shoes,109.96,1,15,SBP,6,1,3.8,109.96
51455,1483,2024-07-13,Chelyabinsk Oblast,Chelyabinsk,App,Direct,sports,Bicycle Helmet,79.01,1,5,Cash,4,0,4.7,79.01
51456,1122,2024-07-14,Udmurtia,Izhevsk,App,Email,sports,Yoga Mat,28.92,2,18,SBP,3,0,5.0,57.84
51457,1543,2024-07-15,Khabarovsk Krai,Khabarovsk,App,Social,home,Bed Linen Set,69.57,1,3,Cash,4,0,4.5,69.57
51458,1180,2024-07-16,Voronezh Oblast,Voronezh,Web,Email,electronics,Laptop Lenovo IdeaPad,781.23,1,3,Card,4,0,4.4,781.23
51459,1314,2024-07-17,Bashkortostan,Ufa,Web,Email,kids,Toy Car,18.79,1,5,Credit,4,0,4.6,18.79
51460,1703,2024-07-18,Perm Krai,Perm,Mobile,Marketplace,books,Business Book,24.95,2,0,Credit,2,0,4.6,49.9
51461,1230,2024-07-19,Sverdlovsk Oblast,Yekaterinburg,App,Marketplace,home,Bed Linen Set,61.01,3,10,Cash,1,0,5.0,183.03
51462,1038,2024-07-20,Tomsk Oblast,Tomsk,Mobile,Marketplace,sports,Running Shoes,127.94,3,0,Card,3,1,3.7,383.82
51463,1609,2024-07-21,Saint Petersburg,Saint Petersburg,App,Paid Search,beauty,Hair Dryer,65.51,2,12,Credit,2,1,4.0,131.02
51464,1630,2024-07-22,Volgograd Oblast,Volgograd,App,Social,beauty,Hair Dryer,65.16,1,10,Credit,2,0,4.3,65.16
51465,1760,2024-07-23,Khabarovsk Krai,Khabarovsk,Web,Social,sports,Yoga Mat,40.44,1,12,Card,4,0,4.7,40.44
51466,1141,2024-07-24,Tomsk Oblast,Tomsk,App,Organic Search,clothes,Zara Jacket,138.45,1,12,SBP,3,1,3.6,138.45
51467,1809,2024-07-25,Irkutsk Oblast,Irkutsk,Mobile,Organic Search,beauty,Makeup Palette,35.69,1,5,SBP,6,0,4.2,35.69
51468,1515,2024-07-26,Orenburg Oblast,Orenburg,App,Email,auto,Motor Oil,38.79,1,0,SBP,3,0,4.3,38.79
51469,1841,2024-07-27,Udmurtia,Izhevsk,Web,Paid Search,sports,Bicycle Helmet,43.21,1,10,Card,3,0,5.0,43.21
51470,1383,2024-07-28,Yaroslavl Oblast,Yaroslavl,Web,Organic Search,kids,Kids Backpack,49.49,1,7,Card,2,0,4.7,49.49
51471,1690,2024-01-01,Saratov Oblast,Saratov,Web,Paid Search,books,Cookbook,24.8,1,15,Credit,3,0,4.3,24.8
51472,1138,2024-01-02,Moscow,Moscow,App,Email,kids,Lego Set,119.48,1,18,SBP,2,0,4.9,119.48
51473,1063,2024-01-03,Bashkortostan,Ufa,App,Direct,electronics,Smart Watch,168.69,1,0,Cash,3,0,4.6,168.69
51474,1451,2024-01-04,Nizhny Novgorod Oblast,Nizhny Novgorod,App,Direct,home,Bed Linen Set,67.54,2,10,Card,3,0,5.0,135.08
51475,1770,2024-01-05,Sverdlovsk Oblast,Yekaterinburg,Web,Email,clothes,Winter Hoodie,63.83,1,0,Credit,2,0,4.8,63.83
51476,1809,2024-01-06,Tatarstan,Kazan,App,Email,sports,Running Shoes,103.04,1,5,Card,1,0,4.5,103.04
51477,1163,2024-01-07,Krasnodar Krai,Krasnodar,App,Marketplace,sports,Yoga Mat,36.64,2,20,Credit,2,1,3.9,73.28
51478,1036,2024-01-08,Udmurtia,Izhevsk,App,Email,clothes,Winter Hoodie,54.37,1,3,Card,5,0,4.5,54.37
51479,1383,2024-01-09,Krasnoyarsk Krai,Krasnoyarsk,Mobile,Social,auto,Motor Oil,43.66,1,15,Card,5,0,4.3,43.66
51480,1649,2024-01-10,Saint Petersburg,Saint Petersburg,App,Email,home,Coffee Machine,140.4,1,7,SBP,3,1,3.8,140.4
51481,1412,2024-01-11,Volgograd Oblast,Volgograd,Web,Paid Search,home,Coffee Machine,130.7,1,0,SBP,2,0,4.9,130.7
51482,1360,2024-01-12,Kaliningrad Oblast,Kaliningrad,Web,Email,kids,Lego Set,96.3,1,10,Card,3,0,4.7,96.3
51483,1574,2024-01-13,Kemerovo Oblast,Kemerovo,Web,Organic Search,clothes,Adidas Sneakers,92.11,1,18,Card,6,0,4.3,92.11
51484,1067,2024-01-14,Orenburg Oblast,Orenburg,Web,Social,electronics,Smart Watch,166.83,1,5,Credit,4,0,4.8,166.83
51485,1097,2024-01-15,Sverdlovsk Oblast,Yekaterinburg,Web,Social,beauty,Makeup Palette,56.73,1,7,Cash,3,0,4.4,56.73
51486,1406,2024-01-16,Kaliningrad Oblast,Kaliningrad,Web,Direct,electronics,Laptop Lenovo IdeaPad,927.8,1,10,Cash,3,0,4.7,927.8
51487,1462,2024-01-17,Bashkortostan,Ufa,Mobile,Social,home,Vacuum Cleaner,169.27,2,3,Credit,3,0,4.7,338.54
51488,1800,2024-01-18,Krasnodar Krai,Sochi,App,Direct,electronics,Wireless Headphones,114.61,1,12,Cash,4,0,4.6,114.61
51489,1029,2024-01-19,Tomsk Oblast,Tomsk,App,Organic Search,beauty,Face Serum,40.01,3,20,Credit,4,0,4.7,120.03
51490,1015,2024-01-20,Krasnodar Krai,Sochi,Mobile,Paid Search,kids,Board Game,33.17,1,25,SBP,4,0,4.2,33.17
51491,1221,2024-01-21,Tomsk Oblast,Tomsk,App,Direct,auto,Phone Holder,17.89,1,3,Card,3,0,4.8,17.89
51492,1822,2024-01-22,Chelyabinsk Oblast,Chelyabinsk,App,Marketplace,electronics,Smart Watch,131.2,1,0,Credit,2,0,4.4,131.2
51493,1818,2024-01-23,Yaroslavl Oblast,Yaroslavl,App,Paid Search,electronics,Wireless Headphones,144.72,1,0,Card,3,0,4.7,144.72
51494,1580,2024-01-24,Moscow,Moscow,Web,Direct,kids,Kids Backpack,38.21,2,3,Card,2,0,4.7,76.42
51495,1418,2024-01-25,Yaroslavl Oblast,Yaroslavl,Web,Organic Search,beauty,Face Serum,31.76,2,3,Card,3,0,4.4,63.52
51496,1301,2024-01-26,Chelyabinsk Oblast,Chelyabinsk,Web,Direct,electronics,Smartphone Samsung,560.87,1,0,Cash,5,0,4.3,560.87
51497,1681,2024-01-27,Rostov Oblast,Rostov-on-Don,Web,Direct,sports,Bicycle Helmet,43.96,3,5,Card,5,0,4.7,131.88
51498,1231,2024-01-28,Khabarovsk Krai,Khabarovsk,Web,Organic Search,home,Bed Linen Set,70.46,1,12,Cash,3,0,4.8,70.46
51499,1115,2024-01-29,Chelyabinsk Oblast,Chelyabinsk,Web,Social,sports,Dumbbells Set,156.59,1,20,Credit,4,0,4.3,156.59
51500,1776,2024-01-30,Saint Petersburg,Saint Petersburg,Web,Direct,electronics,Laptop Lenovo IdeaPad,755.77,1,15,SBP,2,0,4.9,755.77
51501,1010,2024-01-31,Yaroslavl Oblast,Yaroslavl,App,Paid Search,clothes,Winter Hoodie,60.78,4,12,SBP,3,0,4.8,243.12
51502,1581,2024-02-01,Nizhny Novgorod Oblast,Nizhny Novgorod,App,Email,beauty,Face Serum,37.01,4,25,Cash,3,0,4.7,148.04
51503,1748,2024-02-02,Tatarstan,Kazan,App,Paid Search,sports,Bicycle Helmet,59.91,3,15,Cash,3,0,4.6,179.73
51504,1541,2024-02-03,Tomsk Oblast,Tomsk,Mobile,Social,home,Desk Lamp,41.33,1,20,Credit,4,0,4.6,41.33
51505,1368,2024-02-04,Perm Krai,Perm,App,Direct,home,Vacuum Cleaner,175.81,1,12,SBP,3,0,4.3,175.81
51506,1114,2024-02-05,Moscow,Moscow,App,Direct,books,Business Book,28.32,1,5,Card,1,0,4.4,28.32
51507,1241,2024-02-06,Moscow,Moscow,App,Direct,beauty,Face Serum,69.68,2,0,Cash,1,0,4.5,139.36
51508,1815,2024-02-07,Volgograd Oblast,Volgograd,Web,Paid Search,beauty,Makeup Palette,45.65,1,7,SBP,3,1,3.8,45.65
51509,1604,2024-02-08,Nizhny Novgorod Oblast,Nizhny Novgorod,Mobile,Paid Search,beauty,Face Serum,36.81,1,0,SBP,4,0,4.6,36.81
51510,1619,2024-02-09,Volgograd Oblast,Volgograd,App,Direct,home,Bed Linen Set,59.96,1,20,SBP,3,1,3.9,59.96
51511,1285,2024-02-10,Kaliningrad Oblast,Kaliningrad,Web,Social,home,Vacuum Cleaner,314.45,2,12,Credit,4,0,4.6,628.9
51512,1055,2024-02-11,Voronezh Oblast,Voronezh,App,Paid Search,electronics,Wireless Headphones,94.98,1,12,Card,3,1,3.7,94.98
51513,1228,2024-02-12,Saint Petersburg,Saint Petersburg,Mobile,Marketplace,beauty,Hair Dryer,65.48,2,20,Credit,2,0,4.5,130.96
51514,1140,2024-02-13,Krasnoyarsk Krai,Krasnoyarsk,Mobile,Email,auto,Dash Camera,113.92,1,5,Credit,5,0,4.2,113.92
51515,1635,2024-02-14,Novosibirsk Oblast,Novosibirsk,Web,Email,kids,Board Game,30.78,3,5,Card,3,1,3.9,92.34
51516,1579,2024-02-15,Udmurtia,Izhevsk,Web,Social,beauty,Perfume,81.74,1,0,Card,4,0,4.8,81.74
51517,1249,2024-02-16,Nizhny Novgorod Oblast,Nizhny Novgorod,App,Direct,clothes,Winter Hoodie,52.49,1,5,Cash,2,0,4.7,52.49
51518,1092,2024-02-17,Omsk Oblast,Omsk,Web,Marketplace,electronics,Laptop Lenovo IdeaPad,778.31,1,10,Cash,5,1,3.6,778.31
51519,1773,2024-02-18,Moscow,Moscow,Mobile,Marketplace,clothes,Adidas Sneakers,136.06,1,15,SBP,2,0,5.0,136.06
51520,1026,2024-02-19,Nizhny Novgorod Oblast,Nizhny Novgorod,Mobile,Social,sports,Bicycle Helmet,55.24,4,7,Card,3,0,5.0,220.96
51521,1359,2024-02-20,Krasnoyarsk Krai,Krasnoyarsk,App,Organic Search,electronics,Smartphone Samsung,472.83,1,20,Credit,3,0,5.0,472.83
51522,1004,2024-02-21,Tatarstan,Kazan,Web,Email,beauty,Makeup Palette,55.76,2,0,Credit,1,0,4.8,111.52
51523,1419,2024-02-22,Kemerovo Oblast,Kemerovo,Mobile,Marketplace,sports,Dumbbells Set,86.92,2,5,Credit,6,0,4.5,173.84
51524,1112,2024-02-23,Irkutsk Oblast,Irkutsk,Web,Social,books,Cookbook,23.47,2,10,SBP,3,1,3.7,46.94
51525,1388,2024-02-24,Irkutsk Oblast,Irkutsk,Mobile,Email,beauty,Hair Dryer,63.51,2,5,Cash,4,0,4.7,127.02
51526,1410,2024-02-25,Krasnodar Krai,Krasnodar,Web,Organic Search,electronics,Wireless Headphones,111.55,2,0,SBP,3,1,4.3,223.1
51527,1685,2024-02-26,Orenburg Oblast,Orenburg,Web,Direct,home,Coffee Machine,155.39,2,10,Credit,4,0,4.6,310.78
51528,1550,2024-02-27,Novosibirsk Oblast,Novosibirsk,Web,Social,home,Desk Lamp,43.27,2,12,Card,2,0,4.6,86.54
51529,1286,2024-02-28,Tyumen Oblast,Tyumen,App,Direct,sports,Bicycle Helmet,63.5,1,0,Card,3,0,4.5,63.5
51530,1731,2024-02-29,Orenburg Oblast,Orenburg,Mobile,Direct,kids,Kids Backpack,58.07,3,7,Credit,4,0,4.4,174.21
51531,1827,2024-03-01,Saint Petersburg,Saint Petersburg,App,Marketplace,auto,Phone Holder,21.89,1,10,SBP,1,0,4.3,21.89
51532,1569,2024-03-02,Saint Petersburg,Saint Petersburg,App,Organic Search,auto,Phone Holder,28.11,2,10,Credit,3,0,4.9,56.22
51533,1740,2024-03-03,Saint Petersburg,Saint Petersburg,Mobile,Organic Search,kids,Lego Set,115.32,4,5,SBP,1,0,4.1,461.28
51534,1349,2024-03-04,Krasnodar Krai,Krasnodar,Web,Marketplace,clothes,Adidas Sneakers,119.89,2,20,Cash,3,0,4.6,239.78
51535,1779,2024-03-05,Perm Krai,Perm,App,Email,beauty,Face Serum,37.66,2,10,Card,4,0,4.5,75.32
51536,1208,2024-03-06,Kaliningrad Oblast,Kaliningrad,Mobile,Direct,home,Coffee Machine,164.17,1,15,Credit,2,0,4.7,164.17
51537,1818,2024-03-07,Samara Oblast,Samara,Web,Organic Search,beauty,Face Serum,35.84,1,7,SBP,4,1,3.4,35.84
51538,1139,2024-03-08,Primorsky Krai,Vladivostok,Web,Organic Search,electronics,Wireless Headphones,117.0,1,12,Cash,4,0,4.4,117.0
51539,1683,2024-03-09,Altai Krai,Barnaul,App,Direct,sports,Yoga Mat,52.89,1,15,Credit,2,0,4.5,52.89
51540,1146,2024-03-10,Moscow,Moscow,Web,Social,sports,Dumbbells Set,85.04,1,10,Card,4,0,4.5,85.04
51541,1833,2024-03-11,Perm Krai,Perm,Web,Social,electronics,Laptop Lenovo IdeaPad,789.05,1,20,SBP,3,0,4.9,789.05
51542,1068,2024-03-12,Altai Krai,Barnaul,Web,Marketplace,kids,Board Game,30.94,1,3,Cash,4,0,4.7,30.94
51543,1387,2024-03-13,Moscow,Moscow,Web,Paid Search,electronics,Laptop Lenovo IdeaPad,985.48,1,18,Credit,2,0,4.7,985.48
51544,1096,2024-03-14,Yaroslavl Oblast,Yaroslavl,Web,Organic Search,sports,Dumbbells Set,90.39,2,20,Card,3,0,4.5,180.78
51545,1126,2024-03-15,Perm Krai,Perm,Mobile,Social,electronics,Laptop Lenovo IdeaPad,814.24,2,0,SBP,2,0,4.6,1628.48
51546,1382,2024-03-16,Chelyabinsk Oblast,Chelyabinsk,App,Direct,home,Desk Lamp,33.91,3,20,Credit,3,0,4.7,101.73
51547,1158,2024-03-17,Irkutsk Oblast,Irkutsk,App,Organic Search,electronics,Wireless Headphones,107.5,2,15,SBP,3,0,4.7,215.0
51548,1513,2024-03-18,Orenburg Oblast,Orenburg,Web,Organic Search,home,Desk Lamp,43.75,1,0,Credit,4,1,3.9,43.75
51549,1234,2024-03-19,Krasnodar Krai,Krasnodar,Web,Organic Search,sports,Running Shoes,123.1,1,12,Card,3,0,4.7,123.1
51550,1341,2024-03-20,Udmurtia,Izhevsk,App,Direct,home,Bed Linen Set,61.23,1,7,SBP,3,0,4.7,61.23
51551,1669,2024-03-21,Udmurtia,Izhevsk,Mobile,Organic Search,kids,Toy Car,19.4,1,0,Credit,3,1,4.0,19.4
51552,1619,2024-03-22,Volgograd Oblast,Volgograd,Mobile,Marketplace,home,Bed Linen Set,48.38,2,20,Cash,2,0,4.8,96.76
51553,1403,2024-03-23,Sverdlovsk Oblast,Yekaterinburg,Web,Organic Search,auto,Motor Oil,45.4,2,0,Cash,2,0,5.0,90.8
51554,1592,2024-03-24,Rostov Oblast,Rostov-on-Don,Web,Email,electronics,Wireless Headphones,84.73,1,10,Credit,4,0,4.2,84.73
51555,1755,2024-03-25,Yaroslavl Oblast,Yaroslavl,Web,Organic Search,electronics,Wireless Headphones,90.27,1,3,Credit,2,0,4.5,90.27
51556,1266,2024-03-26,Irkutsk Oblast,Irkutsk,App,Social,clothes,Winter Hoodie,59.26,2,10,Cash,4,0,4.4,118.52
51557,1106,2024-03-27,Kemerovo Oblast,Kemerovo,Mobile,Marketplace,home,Vacuum Cleaner,218.98,1,0,Card,5,0,4.9,218.98
51558,1632,2024-03-28,Udmurtia,Izhevsk,Web,Marketplace,electronics,Smart Watch,171.73,1,10,SBP,3,0,4.7,171.73
51559,1184,2024-03-29,Krasnodar Krai,Krasnodar,Web,Email,home,Bed Linen Set,48.35,1,7,Cash,2,0,4.6,48.35
51560,1433,2024-03-30,Moscow,Moscow,Mobile,Paid Search,auto,Motor Oil,100.38,3,3,Card,1,0,4.8,301.14
51561,1702,2024-03-31,Kemerovo Oblast,Kemerovo,Mobile,Direct,electronics,Smart Watch,171.89,1,20,Card,2,0,4.8,171.89
51562,1164,2024-04-01,Saint Petersburg,Saint Petersburg,App,Organic Search,home,Vacuum Cleaner,270.44,1,5,SBP,2,0,4.8,270.44
51563,1359,2024-04-02,Orenburg Oblast,Orenburg,Mobile,Direct,sports,Yoga Mat,32.39,1,7,SBP,4,0,4.4,32.39
51564,1121,2024-04-03,Krasnodar Krai,Krasnodar,Web,Email,clothes,Zara Jacket,113.55,4,10,Credit,2,0,4.6,454.2
51565,1171,2024-04-04,Novosibirsk Oblast,Novosibirsk,App,Paid Search,sports,Bicycle Helmet,103.23,2,7,SBP,2,0,4.3,206.46
51566,1429,2024-04-05,Bashkortostan,Ufa,App,Marketplace,auto,Motor Oil,42.19,1,0,Credit,4,0,4.3,42.19
51567,1791,2024-04-06,Bashkortostan,Ufa,App,Paid Search,kids,Lego Set,68.91,1,20,Card,4,0,4.3,68.91
51568,1198,2024-04-07,Altai Krai,Barnaul,Mobile,Email,sports,Running Shoes,112.18,1,20,Cash,3,0,4.6,112.18
51569,1747,2024-04-08,Sverdlovsk Oblast,Yekaterinburg,App,Direct,home,Vacuum Cleaner,181.07,3,15,Cash,1,0,5.0,543.21
51570,1252,2024-04-09,Perm Krai,Perm,App,Organic Search,home,Coffee Machine,155.02,2,5,Cash,4,0,4.2,310.04
51571,1237,2024-04-10,Altai Krai,Barnaul,App,Email,electronics,Smartphone Samsung,404.39,2,0,Card,2,0,4.5,808.78
51572,1616,2024-04-11,Krasnodar Krai,Sochi,Web,Direct,books,Cookbook,23.01,1,5,Cash,3,0,4.5,23.01
51573,1610,2024-04-12,Saint Petersburg,Saint Petersburg,Mobile,Organic Search,electronics,Smartphone Samsung,427.21,1,5,SBP,3,0,5.0,427.21
51574,1382,2024-04-13,Saratov Oblast,Saratov,Mobile,Social,electronics,Smartphone Samsung,423.11,1,3,Cash,2,1,4.0,423.11
51575,1146,2024-04-14,Yaroslavl Oblast,Yaroslavl,Web,Social,sports,Dumbbells Set,82.27,2,10,Card,2,0,4.8,164.54
51576,1277,2024-04-15,Altai Krai,Barnaul,App,Email,clothes,Basic T-Shirt,19.02,1,15,Card,3,0,4.6,19.02
51577,1656,2024-04-16,Sverdlovsk Oblast,Yekaterinburg,App,Marketplace,electronics,Laptop Lenovo IdeaPad,679.84,1,0,Card,3,1,4.3,679.84
51578,1258,2024-04-17,Nizhny Novgorod Oblast,Nizhny Novgorod,App,Organic Search,home,Coffee Machine,153.92,1,5,Cash,2,0,4.6,153.92
51579,1008,2024-04-18,Krasnodar Krai,Sochi,Web,Social,auto,Phone Holder,25.75,2,10,SBP,4,0,4.6,51.5
51580,1572,2024-04-19,Udmurtia,Izhevsk,App,Organic Search,beauty,Makeup Palette,44.0,1,3,Credit,3,0,4.8,44.0
51581,1804,2024-04-20,Bashkortostan,Ufa,App,Organic Search,electronics,Laptop Lenovo IdeaPad,766.69,1,5,SBP,4,0,4.4,766.69
51582,1758,2024-04-21,Yaroslavl Oblast,Yaroslavl,Web,Paid Search,beauty,Perfume,88.99,2,12,SBP,2,0,4.7,177.98
51583,1177,2024-04-22,Tyumen Oblast,Tyumen,App,Email,beauty,Perfume,130.33,1,5,Cash,3,0,4.4,130.33
51584,1422,2024-04-23,Kemerovo Oblast,Kemerovo,Web,Social,sports,Bicycle Helmet,52.13,1,0,Cash,4,0,4.4,52.13
51585,1012,2024-04-24,Khabarovsk Krai,Khabarovsk,Web,Direct,kids,Kids Backpack,43.24,1,20,Card,5,1,3.8,43.24
51586,1595,2024-04-25,Krasnoyarsk Krai,Krasnoyarsk,App,Marketplace,clothes,Winter Hoodie,63.11,1,5,SBP,4,0,4.3,63.11
51587,1206,2024-04-26,Voronezh Oblast,Voronezh,App,Social,home,Coffee Machine,216.77,1,15,Cash,3,0,4.7,216.77
51588,1675,2024-04-27,Krasnodar Krai,Sochi,App,Paid Search,electronics,Smart Watch,157.82,2,7,Card,4,0,4.6,315.64
51589,1539,2024-04-28,Perm Krai,Perm,App,Marketplace,sports,Dumbbells Set,90.63,1,25,SBP,4,0,4.4,90.63
51590,1203,2024-04-29,Moscow,Moscow,App,Email,electronics,Wireless Headphones,101.33,1,7,Credit,2,1,4.0,101.33
51591,1120,2024-04-30,Krasnodar Krai,Krasnodar,App,Direct,electronics,Wireless Headphones,116.4,3,12,Cash,2,0,4.8,349.2
51592,1258,2024-05-01,Omsk Oblast,Omsk,Web,Organic Search,home,Bed Linen Set,54.28,1,20,SBP,5,0,4.5,54.28
51593,1507,2024-05-02,Rostov Oblast,Rostov-on-Don,Web,Organic Search,clothes,Basic T-Shirt,28.95,2,0,Cash,3,1,3.9,57.9
51594,1354,2024-05-03,Rostov Oblast,Rostov-on-Don,App,Email,home,Vacuum Cleaner,189.62,1,15,Credit,4,0,4.6,189.62
51595,1764,2024-05-04,Udmurtia,Izhevsk,App,Organic Search,sports,Yoga Mat,32.45,2,0,Cash,3,0,4.8,64.9
51596,1004,2024-05-05,Tyumen Oblast,Tyumen,App,Paid Search,books,Business Book,25.5,1,10,SBP,3,0,4.5,25.5
51597,1017,2024-05-06,Novosibirsk Oblast,Novosibirsk,Web,Social,beauty,Hair Dryer,73.61,1,7,Card,3,0,4.8,73.61
51598,1536,2024-05-07,Khabarovsk Krai,Khabarovsk,Web,Social,kids,Toy Car,40.98,2,7,SBP,5,0,4.5,81.96
51599,1479,2024-05-08,Samara Oblast,Samara,App,Organic Search,home,Coffee Machine,129.81,2,20,Cash,2,0,4.8,259.62
51600,1062,2024-05-09,Volgograd Oblast,Volgograd,App,Direct,books,Business Book,26.0,2,10,Cash,4,0,4.2,52.0
51601,1298,2024-05-10,Omsk Oblast,Omsk,Web,Direct,beauty,Perfume,77.93,1,12,Cash,2,0,4.3,77.93
51602,1661,2024-05-11,Bashkortostan,Ufa,App,Direct,sports,Dumbbells Set,73.94,1,7,Credit,2,0,4.6,73.94
51603,1288,2024-05-12,Volgograd Oblast,Volgograd,App,Direct,home,Bed Linen Set,56.04,2,7,Card,4,0,4.4,112.08
51604,1211,2024-05-13,Krasnoyarsk Krai,Krasnoyarsk,App,Paid Search,electronics,Smart Watch,156.95,2,12,Credit,4,0,4.5,313.9
51605,1653,2024-05-14,Sverdlovsk Oblast,Yekaterinburg,Web,Marketplace,home,Vacuum Cleaner,233.5,2,25,SBP,4,0,4.6,467.0
51606,1559,2024-05-15,Kemerovo Oblast,Kemerovo,Web,Email,electronics,Wireless Headphones,98.75,1,10,Credit,2,0,4.5,98.75
51607,1016,2024-05-16,Volgograd Oblast,Volgograd,App,Email,kids,Lego Set,72.74,1,15,Credit,1,0,4.4,72.74
51608,1429,2024-05-17,Sverdlovsk Oblast,Yekaterinburg,Web,Paid Search,auto,Phone Holder,26.57,4,15,SBP,4,0,4.4,106.28
51609,1299,2024-05-18,Altai Krai,Barnaul,App,Organic Search,kids,Kids Backpack,35.79,1,15,Cash,3,0,4.8,35.79
51610,1368,2024-05-19,Moscow,Moscow,Mobile,Direct,home,Vacuum Cleaner,273.4,1,12,Credit,1,0,4.4,273.4
51611,1279,2024-05-20,Omsk Oblast,Omsk,Web,Direct,electronics,Smart Watch,155.39,1,0,Cash,3,0,5.0,155.39
51612,1115,2024-05-21,Primorsky Krai,Vladivostok,Web,Email,auto,Dash Camera,114.7,2,12,Credit,5,0,4.3,229.4
51613,1777,2024-05-22,Chelyabinsk Oblast,Chelyabinsk,App,Organic Search,beauty,Face Serum,42.67,1,0,Card,4,0,4.3,42.67
51614,1794,2024-05-23,Krasnodar Krai,Krasnodar,Mobile,Paid Search,sports,Running Shoes,142.41,3,12,Card,3,0,4.7,427.23
51615,1068,2024-05-24,Krasnodar Krai,Krasnodar,App,Social,beauty,Perfume,87.98,1,10,Credit,2,0,4.6,87.98
51616,1677,2024-05-25,Rostov Oblast,Rostov-on-Don,Web,Organic Search,sports,Yoga Mat,34.31,2,15,Card,3,0,4.5,68.62
51617,1116,2024-05-26,Omsk Oblast,Omsk,Mobile,Email,electronics,Wireless Headphones,93.15,1,0,Credit,2,0,4.6,93.15
51618,1432,2024-05-27,Kemerovo Oblast,Kemerovo,App,Email,electronics,Smart Watch,155.76,1,10,Cash,2,0,4.7,155.76
51619,1497,2024-05-28,Volgograd Oblast,Volgograd,App,Email,auto,Dash Camera,83.64,1,3,Card,3,0,5.0,83.64
51620,1160,2024-05-29,Tatarstan,Kazan,Web,Marketplace,home,Desk Lamp,37.69,2,3,Cash,1,0,4.5,75.38
51621,1001,2024-05-30,Omsk Oblast,Omsk,App,Social,sports,Bicycle Helmet,49.58,2,12,Cash,3,0,4.9,99.16
51622,1772,2024-05-31,Stavropol Krai,Stavropol,App,Email,kids,Kids Backpack,38.91,1,5,Card,3,0,5.0,38.91
51623,1151,2024-06-01,Kaliningrad Oblast,Kaliningrad,Web,Social,beauty,Makeup Palette,52.73,2,15,Card,3,0,5.0,105.46
51624,1040,2024-06-02,Bashkortostan,Ufa,Mobile,Email,books,Notebook Set,17.74,2,7,Credit,5,0,4.4,35.48
51625,1139,2024-06-03,Tyumen Oblast,Tyumen,App,Direct,books,Notebook Set,16.52,1,7,Card,4,0,4.3,16.52
51626,1418,2024-06-04,Samara Oblast,Samara,App,Organic Search,home,Bed Linen Set,60.07,1,7,Cash,5,0,4.3,60.07
51627,1562,2024-06-05,Sverdlovsk Oblast,Yekaterinburg,Web,Paid Search,auto,Motor Oil,50.75,2,0,Cash,4,0,4.4,101.5
51628,1125,2024-06-06,Sverdlovsk Oblast,Yekaterinburg,Mobile,Organic Search,sports,Dumbbells Set,92.23,1,10,Cash,2,1,4.2,92.23
51629,1087,2024-06-07,Samara Oblast,Samara,Web,Social,beauty,Face Serum,44.54,1,3,Cash,2,0,4.6,44.54
51630,1069,2024-06-08,Krasnodar Krai,Sochi,App,Direct,sports,Bicycle Helmet,94.57,2,20,SBP,4,0,4.8,189.14
51631,1156,2024-06-09,Yaroslavl Oblast,Yaroslavl,Web,Social,clothes,Zara Jacket,139.19,1,0,Credit,3,0,5.0,139.19
51632,1727,2024-06-10,Krasnodar Krai,Sochi,Web,Marketplace,electronics,Smart Watch,169.55,2,20,Cash,4,0,4.9,339.1
51633,1573,2024-06-11,Saint Petersburg,Saint Petersburg,App,Email,beauty,Perfume,96.21,4,7,Credit,2,0,4.6,384.84
51634,1631,2024-06-12,Krasnodar Krai,Sochi,Web,Social,auto,Car Vacuum,58.74,1,7,Credit,2,1,4.1,58.74
51635,1254,2024-06-13,Voronezh Oblast,Voronezh,Web,Organic Search,electronics,Smart Watch,131.57,3,10,SBP,3,1,3.5,394.71
51636,1202,2024-06-14,Chelyabinsk Oblast,Chelyabinsk,App,Direct,home,Vacuum Cleaner,211.71,1,18,Cash,3,0,4.7,211.71
51637,1598,2024-06-15,Tatarstan,Kazan,App,Organic Search,beauty,Hair Dryer,62.88,2,20,Card,3,0,4.8,125.76
51638,1564,2024-06-16,Khabarovsk Krai,Khabarovsk,App,Organic Search,home,Bed Linen Set,49.51,1,5,Card,5,0,4.4,49.51
51639,1709,2024-06-17,Udmurtia,Izhevsk,App,Marketplace,home,Bed Linen Set,63.82,1,3,Credit,5,0,4.3,63.82
51640,1674,2024-06-18,Voronezh Oblast,Voronezh,Web,Marketplace,sports,Bicycle Helmet,40.35,1,15,Cash,2,0,4.8,40.35
51641,1355,2024-06-19,Kemerovo Oblast,Kemerovo,App,Social,beauty,Hair Dryer,62.87,1,15,Card,3,1,3.8,62.87
51642,1049,2024-06-20,Yaroslavl Oblast,Yaroslavl,App,Organic Search,kids,Lego Set,77.7,1,12,Credit,3,0,5.0,77.7
51643,1019,2024-06-21,Tomsk Oblast,Tomsk,App,Paid Search,beauty,Face Serum,32.98,1,5,Cash,4,0,4.5,32.98
51644,1527,2024-06-22,Krasnoyarsk Krai,Krasnoyarsk,App,Paid Search,auto,Phone Holder,17.9,1,15,SBP,4,1,3.4,17.9
51645,1623,2024-06-23,Stavropol Krai,Stavropol,Web,Social,books,Notebook Set,17.95,1,7,SBP,3,0,4.6,17.95
51646,1195,2024-06-24,Tatarstan,Kazan,App,Organic Search,auto,Motor Oil,46.75,1,3,Credit,2,1,3.8,46.75
51647,1044,2024-06-25,Nizhny Novgorod Oblast,Nizhny Novgorod,App,Paid Search,home,Coffee Machine,180.12,2,7,Cash,1,0,4.6,360.24
51648,1205,2024-06-26,Saint Petersburg,Saint Petersburg,Web,Paid Search,auto,Car Vacuum,51.96,2,10,Cash,4,1,3.7,103.92
51649,1609,2024-06-27,Orenburg Oblast,Orenburg,App,Paid Search,sports,Bicycle Helmet,44.28,1,0,Credit,3,0,4.7,44.28
51650,1280,2024-06-28,Saint Petersburg,Saint Petersburg,Web,Marketplace,home,Bed Linen Set,78.78,1,10,SBP,2,0,4.7,78.78
51651,1066,2024-06-29,Kaliningrad Oblast,Kaliningrad,Web,Direct,home,Bed Linen Set,72.71,2,0,SBP,3,0,4.5,145.42
51652,1335,2024-06-30,Tyumen Oblast,Tyumen,Web,Paid Search,kids,Board Game,30.41,1,5,Credit,1,0,4.9,30.41
51653,1007,2024-07-01,Stavropol Krai,Stavropol,Mobile,Email,electronics,Smartphone Samsung,448.85,1,0,Cash,2,0,4.9,448.85
51654,1090,2024-07-02,Stavropol Krai,Stavropol,App,Direct,sports,Dumbbells Set,113.08,1,0,Credit,4,0,4.6,113.08
51655,1139,2024-07-03,Samara Oblast,Samara,App,Email,books,Python Book,40.76,4,0,Card,3,0,4.3,163.04
51656,1402,2024-07-04,Krasnoyarsk Krai,Krasnoyarsk,Web,Organic Search,home,Vacuum Cleaner,234.19,2,5,Card,5,0,4.2,468.38
51657,1605,2024-07-05,Saint Petersburg,Saint Petersburg,App,Organic Search,clothes,Winter Hoodie,68.04,1,5,Cash,1,0,5.0,68.04
51658,1645,2024-07-06,Saint Petersburg,Saint Petersburg,Web,Social,home,Desk Lamp,42.25,1,10,SBP,3,0,4.8,42.25
51659,1054,2024-07-07,Irkutsk Oblast,Irkutsk,Web,Organic Search,home,Desk Lamp,49.66,1,15,SBP,4,0,4.6,49.66
51660,1656,2024-07-08,Kaliningrad Oblast,Kaliningrad,App,Organic Search,sports,Bicycle Helmet,47.57,1,10,Cash,4,0,4.5,47.57
51661,1070,2024-07-09,Udmurtia,Izhevsk,App,Email,sports,Dumbbells Set,74.08,1,5,Credit,5,0,4.6,74.08
51662,1605,2024-07-10,Novosibirsk Oblast,Novosibirsk,App,Direct,clothes,Basic T-Shirt,38.14,1,5,SBP,3,0,4.8,38.14
51663,1479,2024-07-11,Nizhny Novgorod Oblast,Nizhny Novgorod,App,Organic Search,sports,Running Shoes,140.42,1,0,Card,3,0,4.3,140.42
51664,1736,2024-07-12,Perm Krai,Perm,Web,Marketplace,kids,Lego Set,70.61,1,10,Credit,1,0,5.0,70.61
51665,1561,2024-07-13,Khabarovsk Krai,Khabarovsk,App,Direct,home,Desk Lamp,45.09,1,10,Card,4,0,4.8,45.09
51666,1826,2024-07-14,Bashkortostan,Ufa,Web,Email,clothes,Basic T-Shirt,30.56,2,15,Card,4,0,4.6,61.12
51667,1699,2024-07-15,Khabarovsk Krai,Khabarovsk,Web,Organic Search,home,Coffee Machine,162.1,2,0,Cash,4,0,4.2,324.2
51668,1472,2024-07-16,Sverdlovsk Oblast,Yekaterinburg,App,Direct,beauty,Makeup Palette,41.63,1,3,Credit,3,0,4.8,41.63
51669,1048,2024-07-17,Krasnoyarsk Krai,Krasnoyarsk,App,Organic Search,books,Business Book,28.96,3,0,Cash,3,0,4.2,86.88
51670,1305,2024-07-18,Novosibirsk Oblast,Novosibirsk,Web,Social,clothes,Basic T-Shirt,42.77,1,15,Credit,3,1,4.1,42.77
51671,1399,2024-07-19,Volgograd Oblast,Volgograd,Mobile,Direct,electronics,Smartphone Samsung,457.26,2,18,Card,3,0,4.8,914.52
51672,1292,2024-07-20,Stavropol Krai,Stavropol,App,Marketplace,auto,Dash Camera,94.04,1,3,Cash,4,0,4.6,94.04
51673,1078,2024-07-21,Sverdlovsk Oblast,Yekaterinburg,Web,Organic Search,clothes,Zara Jacket,165.64,1,0,Credit,2,0,4.7,165.64
51674,1388,2024-07-22,Altai Krai,Barnaul,Mobile,Organic Search,kids,Lego Set,93.7,1,15,Card,5,1,3.6,93.7
51675,1136,2024-07-23,Perm Krai,Perm,Web,Social,clothes,Zara Jacket,107.15,2,0,Credit,2,0,4.7,214.3
51676,1164,2024-07-24,Samara Oblast,Samara,App,Social,electronics,Smart Watch,161.92,1,5,Card,4,0,4.3,161.92
51677,1422,2024-07-25,Tomsk Oblast,Tomsk,App,Paid Search,electronics,Smart Watch,165.17,2,15,Card,2,0,5.0,330.34
51678,1767,2024-07-26,Nizhny Novgorod Oblast,Nizhny Novgorod,App,Organic Search,clothes,Adidas Sneakers,124.9,1,3,SBP,1,0,4.5,124.9
51679,1678,2024-07-27,Tomsk Oblast,Tomsk,App,Marketplace,auto,Car Vacuum,88.46,3,15,Cash,4,0,4.5,265.38
51680,1600,2024-07-28,Krasnodar Krai,Sochi,App,Email,books,Notebook Set,17.02,1,18,Card,4,0,4.6,17.02
51681,1716,2024-01-01,Volgograd Oblast,Volgograd,App,Social,books,Python Book,37.9,1,0,Cash,4,0,4.7,37.9
51682,1066,2024-01-02,Krasnodar Krai,Sochi,Mobile,Social,auto,Dash Camera,91.57,1,5,Cash,3,0,4.3,91.57
51683,1394,2024-01-03,Stavropol Krai,Stavropol,App,Marketplace,auto,Phone Holder,21.24,1,10,Card,3,0,4.6,21.24
51684,1772,2024-01-04,Yaroslavl Oblast,Yaroslavl,Web,Social,home,Desk Lamp,39.43,4,10,SBP,5,0,4.3,157.72
51685,1456,2024-01-05,Irkutsk Oblast,Irkutsk,Web,Paid Search,sports,Dumbbells Set,93.47,3,10,Cash,6,0,4.2,280.41
51686,1327,2024-01-06,Sverdlovsk Oblast,Yekaterinburg,App,Paid Search,sports,Bicycle Helmet,45.25,1,5,Credit,3,0,4.7,45.25
51687,1177,2024-01-07,Volgograd Oblast,Volgograd,App,Marketplace,beauty,Hair Dryer,80.1,1,15,SBP,2,1,4.1,80.1
51688,1366,2024-01-08,Chelyabinsk Oblast,Chelyabinsk,App,Organic Search,sports,Bicycle Helmet,49.75,2,7,Card,3,0,4.6,99.5
51689,1006,2024-01-09,Voronezh Oblast,Voronezh,App,Email,sports,Running Shoes,98.06,1,0,Cash,1,0,4.6,98.06
51690,1748,2024-01-10,Orenburg Oblast,Orenburg,App,Organic Search,books,Business Book,31.75,1,15,Card,4,0,4.2,31.75
51691,1047,2024-01-11,Omsk Oblast,Omsk,App,Direct,electronics,Smartphone Samsung,460.68,1,0,SBP,4,1,4.1,460.68
51692,1068,2024-01-12,Yaroslavl Oblast,Yaroslavl,App,Paid Search,electronics,Smartphone Samsung,468.26,1,5,Credit,1,0,4.5,468.26
51693,1326,2024-01-13,Krasnoyarsk Krai,Krasnoyarsk,App,Social,beauty,Makeup Palette,42.4,1,3,Card,3,1,4.0,42.4
51694,1258,2024-01-14,Omsk Oblast,Omsk,Web,Organic Search,home,Bed Linen Set,49.36,4,10,Card,2,0,4.7,197.44
51695,1093,2024-01-15,Altai Krai,Barnaul,App,Organic Search,sports,Bicycle Helmet,37.54,1,0,SBP,5,0,4.1,37.54
51696,1451,2024-01-16,Stavropol Krai,Stavropol,App,Social,beauty,Perfume,103.98,1,15,Credit,3,0,4.8,103.98
51697,1704,2024-01-17,Chelyabinsk Oblast,Chelyabinsk,App,Paid Search,home,Bed Linen Set,51.94,2,0,Cash,4,0,4.3,103.88
51698,1251,2024-01-18,Sverdlovsk Oblast,Yekaterinburg,Web,Social,electronics,Smartphone Samsung,509.52,1,10,Cash,3,0,4.6,509.52
51699,1529,2024-01-19,Rostov Oblast,Rostov-on-Don,App,Marketplace,auto,Motor Oil,38.24,2,15,Cash,3,0,4.8,76.48
51700,1832,2024-01-20,Krasnodar Krai,Krasnodar,App,Direct,books,Notebook Set,17.66,1,12,Card,2,0,4.4,17.66
51701,1431,2024-01-21,Omsk Oblast,Omsk,App,Email,beauty,Perfume,112.67,2,10,Cash,2,0,4.8,225.34
51702,1848,2024-01-22,Novosibirsk Oblast,Novosibirsk,App,Organic Search,electronics,Smartphone Samsung,374.1,1,0,Card,3,0,4.8,374.1
51703,1458,2024-01-23,Saint Petersburg,Saint Petersburg,App,Social,clothes,Winter Hoodie,83.54,1,7,SBP,1,0,4.4,83.54
51704,1464,2024-01-24,Kaliningrad Oblast,Kaliningrad,App,Social,home,Bed Linen Set,58.52,1,15,Cash,4,0,4.3,58.52
51705,1847,2024-01-25,Omsk Oblast,Omsk,Web,Social,beauty,Hair Dryer,104.51,1,25,Cash,3,0,4.3,104.51
51706,1112,2024-01-26,Irkutsk Oblast,Irkutsk,App,Paid Search,home,Bed Linen Set,46.19,1,7,Cash,5,0,4.5,46.19
51707,1660,2024-01-27,Krasnodar Krai,Krasnodar,Web,Social,auto,Car Vacuum,62.15,2,0,Credit,4,0,4.4,124.3
51708,1122,2024-01-28,Kemerovo Oblast,Kemerovo,App,Email,clothes,Basic T-Shirt,45.87,1,7,Card,3,0,4.2,45.87
51709,1448,2024-01-29,Omsk Oblast,Omsk,App,Email,clothes,Zara Jacket,124.91,1,18,SBP,4,0,5.0,124.91
51710,1196,2024-01-30,Krasnoyarsk Krai,Krasnoyarsk,App,Social,auto,Car Vacuum,45.2,1,10,SBP,5,0,4.1,45.2
51711,1349,2024-01-31,Bashkortostan,Ufa,Web,Organic Search,clothes,Basic T-Shirt,22.7,1,15,Card,4,0,4.4,22.7
51712,1728,2024-02-01,Volgograd Oblast,Volgograd,App,Direct,books,Cookbook,21.42,1,10,SBP,2,0,4.3,21.42
51713,1105,2024-02-02,Samara Oblast,Samara,Mobile,Paid Search,electronics,Wireless Headphones,84.52,1,5,Cash,2,0,4.7,84.52
51714,1077,2024-02-03,Stavropol Krai,Stavropol,Web,Email,home,Desk Lamp,38.19,1,10,Card,1,0,5.0,38.19
51715,1525,2024-02-04,Khabarovsk Krai,Khabarovsk,Web,Paid Search,clothes,Winter Hoodie,54.99,1,25,SBP,5,0,4.1,54.99
51716,1023,2024-02-05,Samara Oblast,Samara,Web,Social,sports,Dumbbells Set,69.17,1,15,Card,3,0,4.4,69.17
51717,1724,2024-02-06,Voronezh Oblast,Voronezh,Web,Organic Search,home,Vacuum Cleaner,178.08,2,18,Cash,1,0,5.0,356.16
51718,1340,2024-02-07,Krasnoyarsk Krai,Krasnoyarsk,Web,Email,auto,Phone Holder,18.63,1,15,SBP,4,0,4.4,18.63
51719,1261,2024-02-08,Stavropol Krai,Stavropol,Web,Email,clothes,Adidas Sneakers,99.35,1,25,Cash,2,0,4.8,99.35
51720,1354,2024-02-09,Khabarovsk Krai,Khabarovsk,App,Organic Search,sports,Dumbbells Set,104.24,2,15,SBP,4,0,4.3,208.48
51721,1166,2024-02-10,Primorsky Krai,Vladivostok,Mobile,Organic Search,home,Coffee Machine,150.31,3,0,Cash,5,1,3.6,450.93
51722,1684,2024-02-11,Tatarstan,Kazan,App,Paid Search,beauty,Face Serum,32.95,1,25,Credit,3,0,5.0,32.95
51723,1737,2024-02-12,Tyumen Oblast,Tyumen,Web,Social,clothes,Basic T-Shirt,31.76,1,7,Cash,6,0,4.4,31.76
51724,1600,2024-02-13,Primorsky Krai,Vladivostok,Mobile,Direct,sports,Yoga Mat,41.05,2,5,Credit,5,0,4.4,82.1
51725,1002,2024-02-14,Kaliningrad Oblast,Kaliningrad,Web,Email,books,Python Book,41.12,1,15,Cash,4,0,4.5,41.12
51726,1041,2024-02-15,Perm Krai,Perm,App,Direct,kids,Kids Backpack,29.66,1,12,Card,4,0,4.5,29.66
51727,1336,2024-02-16,Altai Krai,Barnaul,Mobile,Paid Search,auto,Motor Oil,32.93,1,15,Cash,5,0,4.6,32.93
51728,1370,2024-02-17,Saratov Oblast,Saratov,App,Social,home,Bed Linen Set,43.88,1,18,Credit,4,0,4.6,43.88
51729,1753,2024-02-18,Altai Krai,Barnaul,Web,Direct,home,Bed Linen Set,53.63,2,5,Credit,5,0,4.5,107.26
51730,1027,2024-02-19,Altai Krai,Barnaul,App,Email,clothes,Adidas Sneakers,113.03,1,18,Cash,3,0,4.7,113.03
51731,1799,2024-02-20,Stavropol Krai,Stavropol,App,Email,books,Cookbook,25.0,1,12,SBP,4,0,5.0,25.0
51732,1370,2024-02-21,Stavropol Krai,Stavropol,App,Email,clothes,Winter Hoodie,61.47,1,5,SBP,3,1,3.3,61.47
51733,1530,2024-02-22,Tyumen Oblast,Tyumen,App,Organic Search,kids,Lego Set,87.12,1,0,Credit,3,0,5.0,87.12
51734,1716,2024-02-23,Khabarovsk Krai,Khabarovsk,App,Marketplace,books,Business Book,34.76,1,10,SBP,4,0,4.6,34.76
51735,1444,2024-02-24,Irkutsk Oblast,Irkutsk,Web,Paid Search,electronics,Laptop Lenovo IdeaPad,706.25,1,10,Credit,3,0,5.0,706.25
51736,1434,2024-02-25,Primorsky Krai,Vladivostok,Mobile,Direct,sports,Bicycle Helmet,55.38,1,0,SBP,4,0,4.4,55.38
51737,1829,2024-02-26,Krasnodar Krai,Sochi,Web,Organic Search,sports,Dumbbells Set,100.04,1,18,Card,4,0,4.2,100.04
51738,1344,2024-02-27,Bashkortostan,Ufa,Web,Email,auto,Phone Holder,23.31,1,20,Card,2,0,4.7,23.31
51739,1328,2024-02-28,Volgograd Oblast,Volgograd,App,Marketplace,sports,Yoga Mat,26.91,1,7,Cash,3,1,3.9,26.91
51740,1238,2024-02-29,Moscow,Moscow,App,Email,electronics,Smart Watch,171.14,1,0,Cash,2,0,4.7,171.14
51741,1263,2024-03-01,Rostov Oblast,Rostov-on-Don,App,Email,clothes,Basic T-Shirt,27.33,2,10,SBP,3,0,4.7,54.66
51742,1261,2024-03-02,Sverdlovsk Oblast,Yekaterinburg,App,Marketplace,home,Coffee Machine,142.6,1,25,SBP,3,0,4.5,142.6
51743,1271,2024-03-03,Tomsk Oblast,Tomsk,App,Email,books,Cookbook,21.38,1,15,Credit,3,1,3.8,21.38
51744,1841,2024-03-04,Voronezh Oblast,Voronezh,Web,Marketplace,home,Vacuum Cleaner,226.61,1,15,Cash,2,0,4.5,226.61
51745,1414,2024-03-05,Samara Oblast,Samara,App,Organic Search,clothes,Adidas Sneakers,135.16,2,0,SBP,2,0,3.9,270.32
51746,1108,2024-03-06,Tomsk Oblast,Tomsk,App,Organic Search,sports,Bicycle Helmet,59.8,1,10,SBP,5,0,4.6,59.8
51747,1404,2024-03-07,Chelyabinsk Oblast,Chelyabinsk,App,Organic Search,kids,Board Game,33.56,1,18,Credit,4,0,4.0,33.56
51748,1348,2024-03-08,Yaroslavl Oblast,Yaroslavl,App,Paid Search,home,Vacuum Cleaner,212.24,3,0,Cash,1,0,4.4,636.72
51749,1202,2024-03-09,Krasnodar Krai,Sochi,App,Paid Search,home,Bed Linen Set,55.33,1,0,Cash,2,0,4.7,55.33
51750,1304,2024-03-10,Perm Krai,Perm,App,Social,home,Desk Lamp,40.67,2,0,Credit,3,0,4.4,81.34
51751,1473,2024-03-11,Khabarovsk Krai,Khabarovsk,App,Social,clothes,Basic T-Shirt,31.33,1,0,Card,5,0,4.2,31.33
51752,1835,2024-03-12,Moscow,Moscow,Web,Organic Search,home,Bed Linen Set,97.61,2,15,Credit,2,0,4.6,195.22
51753,1607,2024-03-13,Primorsky Krai,Vladivostok,Web,Email,auto,Car Vacuum,56.19,1,0,SBP,5,0,4.5,56.19
51754,1769,2024-03-14,Orenburg Oblast,Orenburg,App,Marketplace,kids,Toy Car,20.46,1,15,Credit,4,0,4.9,20.46
51755,1587,2024-03-15,Sverdlovsk Oblast,Yekaterinburg,Web,Organic Search,auto,Phone Holder,19.9,2,10,SBP,3,0,4.6,39.8
51756,1689,2024-03-16,Irkutsk Oblast,Irkutsk,Mobile,Direct,books,Python Book,33.56,3,12,Card,4,0,4.5,100.68
51757,1736,2024-03-17,Voronezh Oblast,Voronezh,App,Email,clothes,Zara Jacket,230.15,1,5,Cash,3,0,4.6,230.15
51758,1820,2024-03-18,Khabarovsk Krai,Khabarovsk,Web,Direct,clothes,Basic T-Shirt,23.91,4,3,Cash,5,0,4.3,95.64
51759,1039,2024-03-19,Volgograd Oblast,Volgograd,App,Paid Search,home,Coffee Machine,149.6,1,0,Card,4,0,4.6,149.6
51760,1672,2024-03-20,Samara Oblast,Samara,App,Direct,auto,Car Vacuum,66.28,2,12,Cash,3,0,4.7,132.56
51761,1617,2024-03-21,Altai Krai,Barnaul,Web,Organic Search,auto,Phone Holder,22.81,1,10,Card,6,0,4.4,22.81
51762,1327,2024-03-22,Novosibirsk Oblast,Novosibirsk,Mobile,Email,home,Coffee Machine,143.88,3,5,Cash,3,1,4.0,431.64
51763,1807,2024-03-23,Tatarstan,Kazan,Web,Marketplace,sports,Dumbbells Set,74.6,3,0,Credit,3,1,3.8,223.8
51764,1139,2024-03-24,Krasnodar Krai,Krasnodar,Web,Direct,books,Python Book,35.31,2,10,SBP,2,1,4.3,70.62
51765,1325,2024-03-25,Altai Krai,Barnaul,App,Paid Search,beauty,Face Serum,35.22,1,0,Cash,4,0,4.3,35.22
51766,1074,2024-03-26,Stavropol Krai,Stavropol,Web,Paid Search,beauty,Face Serum,31.8,2,5,Cash,2,0,4.9,63.6
51767,1256,2024-03-27,Primorsky Krai,Vladivostok,App,Marketplace,kids,Lego Set,94.24,1,25,Cash,5,0,4.6,94.24
51768,1069,2024-03-28,Krasnodar Krai,Krasnodar,App,Email,sports,Bicycle Helmet,44.44,1,7,Credit,2,0,4.2,44.44
51769,1738,2024-03-29,Primorsky Krai,Vladivostok,App,Social,home,Desk Lamp,39.04,2,18,Card,6,0,4.3,78.08
51770,1109,2024-03-30,Stavropol Krai,Stavropol,Web,Social,clothes,Adidas Sneakers,108.44,1,25,SBP,1,1,3.5,108.44
51771,1400,2024-03-31,Voronezh Oblast,Voronezh,App,Social,beauty,Makeup Palette,48.0,1,25,Credit,1,0,4.8,48.0
51772,1282,2024-04-01,Krasnodar Krai,Sochi,App,Direct,kids,Board Game,31.1,1,12,Card,5,0,4.6,31.1
51773,1654,2024-04-02,Tomsk Oblast,Tomsk,App,Organic Search,home,Bed Linen Set,64.43,2,10,Credit,4,1,3.7,128.86
51774,1812,2024-04-03,Voronezh Oblast,Voronezh,Web,Direct,beauty,Face Serum,36.19,1,7,Cash,3,1,4.2,36.19
51775,1305,2024-04-04,Krasnodar Krai,Sochi,App,Paid Search,home,Vacuum Cleaner,281.59,1,0,Card,5,0,5.0,281.59
51776,1356,2024-04-05,Moscow,Moscow,Web,Paid Search,home,Coffee Machine,170.56,1,5,Card,2,0,4.3,170.56
51777,1297,2024-04-06,Tomsk Oblast,Tomsk,App,Organic Search,books,Cookbook,27.29,2,10,Card,4,0,4.5,54.58
51778,1025,2024-04-07,Saratov Oblast,Saratov,Mobile,Paid Search,clothes,Adidas Sneakers,132.27,1,3,SBP,4,0,4.7,132.27
51779,1295,2024-04-08,Krasnodar Krai,Krasnodar,App,Direct,clothes,Adidas Sneakers,127.15,1,15,Credit,3,0,4.6,127.15
51780,1353,2024-04-09,Primorsky Krai,Vladivostok,App,Marketplace,sports,Dumbbells Set,100.2,1,10,Credit,4,0,4.5,100.2
51781,1736,2024-04-10,Stavropol Krai,Stavropol,Web,Email,beauty,Face Serum,35.49,1,0,Credit,3,0,5.0,35.49
51782,1314,2024-04-11,Samara Oblast,Samara,Web,Organic Search,auto,Phone Holder,39.18,1,20,Card,4,0,4.3,39.18
51783,1533,2024-04-12,Primorsky Krai,Vladivostok,Web,Marketplace,kids,Kids Backpack,30.71,3,10,Credit,5,0,4.4,92.13
51784,1455,2024-04-13,Moscow,Moscow,App,Organic Search,sports,Bicycle Helmet,62.16,2,5,Credit,2,0,4.6,124.32
51785,1741,2024-04-14,Tatarstan,Kazan,Web,Direct,auto,Motor Oil,39.54,1,5,Credit,2,0,4.5,39.54
51786,1692,2024-04-15,Krasnoyarsk Krai,Krasnoyarsk,App,Social,clothes,Winter Hoodie,63.54,2,3,Cash,4,0,4.1,127.08
51787,1253,2024-04-16,Novosibirsk Oblast,Novosibirsk,App,Social,kids,Board Game,32.09,1,7,Credit,3,0,4.7,32.09
51788,1285,2024-04-17,Krasnoyarsk Krai,Krasnoyarsk,App,Social,electronics,Wireless Headphones,109.42,1,3,Cash,2,1,3.9,109.42
51789,1085,2024-04-18,Bashkortostan,Ufa,Mobile,Email,beauty,Perfume,91.08,2,12,SBP,3,0,4.8,182.16
51790,1454,2024-04-19,Saratov Oblast,Saratov,Web,Email,beauty,Perfume,136.78,1,7,Cash,4,0,4.3,136.78
51791,1605,2024-04-20,Krasnodar Krai,Krasnodar,Web,Email,beauty,Perfume,87.27,1,20,Cash,3,0,4.7,87.27
51792,1161,2024-04-21,Altai Krai,Barnaul,App,Direct,sports,Yoga Mat,29.51,2,15,Card,4,0,4.5,59.02
51793,1232,2024-04-22,Nizhny Novgorod Oblast,Nizhny Novgorod,App,Email,beauty,Hair Dryer,58.59,1,0,Credit,3,0,4.8,58.59
51794,1733,2024-04-23,Krasnoyarsk Krai,Krasnoyarsk,App,Marketplace,beauty,Face Serum,30.88,2,7,SBP,3,0,4.7,61.76
51795,1799,2024-04-24,Kaliningrad Oblast,Kaliningrad,App,Paid Search,beauty,Hair Dryer,72.49,1,10,SBP,4,0,4.4,72.49
51796,1386,2024-04-25,Yaroslavl Oblast,Yaroslavl,App,Email,books,Business Book,23.55,1,7,SBP,3,0,4.3,23.55
51797,1687,2024-04-26,Omsk Oblast,Omsk,App,Marketplace,kids,Kids Backpack,28.18,2,3,Credit,2,0,4.3,56.36
51798,1164,2024-04-27,Chelyabinsk Oblast,Chelyabinsk,Web,Social,sports,Dumbbells Set,66.04,1,18,Card,3,0,4.7,66.04
51799,1490,2024-04-28,Tomsk Oblast,Tomsk,App,Direct,clothes,Adidas Sneakers,109.9,2,0,Credit,4,1,3.8,219.8
51800,1142,2024-04-29,Moscow,Moscow,Web,Email,sports,Dumbbells Set,96.37,1,7,Credit,1,1,3.8,96.37
51801,1030,2024-04-30,Tomsk Oblast,Tomsk,Web,Social,clothes,Adidas Sneakers,110.25,1,5,Cash,4,1,3.9,110.25
51802,1614,2024-05-01,Omsk Oblast,Omsk,Web,Paid Search,books,Business Book,27.59,2,12,Credit,4,0,4.6,55.18
51803,1350,2024-05-02,Tyumen Oblast,Tyumen,Mobile,Paid Search,clothes,Zara Jacket,152.84,2,3,Cash,2,0,4.4,305.68
51804,1813,2024-05-03,Stavropol Krai,Stavropol,App,Social,beauty,Face Serum,56.29,1,12,Cash,3,0,4.7,56.29
51805,1375,2024-05-04,Kemerovo Oblast,Kemerovo,Web,Organic Search,auto,Car Vacuum,43.9,3,3,Credit,4,0,4.4,131.7
51806,1726,2024-05-05,Perm Krai,Perm,Web,Organic Search,auto,Motor Oil,35.81,1,7,SBP,4,0,4.9,35.81
51807,1113,2024-05-06,Tomsk Oblast,Tomsk,App,Email,electronics,Wireless Headphones,85.04,1,25,Cash,3,0,4.8,85.04
51808,1599,2024-05-07,Tomsk Oblast,Tomsk,Web,Organic Search,clothes,Winter Hoodie,71.46,1,20,Cash,4,0,4.2,71.46
51809,1201,2024-05-08,Samara Oblast,Samara,Mobile,Direct,clothes,Adidas Sneakers,101.19,1,15,SBP,3,1,3.9,101.19
51810,1672,2024-05-09,Altai Krai,Barnaul,App,Social,beauty,Face Serum,41.08,1,18,Card,2,0,5.0,41.08
51811,1198,2024-05-10,Omsk Oblast,Omsk,Web,Paid Search,electronics,Smartphone Samsung,339.11,1,15,Credit,5,0,4.2,339.11
51812,1405,2024-05-11,Saratov Oblast,Saratov,Web,Paid Search,kids,Kids Backpack,36.48,1,20,Cash,1,0,4.7,36.48
51813,1738,2024-05-12,Voronezh Oblast,Voronezh,Web,Paid Search,clothes,Zara Jacket,155.46,1,15,SBP,4,0,4.9,155.46
51814,1391,2024-05-13,Irkutsk Oblast,Irkutsk,App,Social,auto,Phone Holder,24.18,1,25,Card,4,0,4.9,24.18
51815,1446,2024-05-14,Orenburg Oblast,Orenburg,App,Marketplace,beauty,Makeup Palette,44.55,1,18,Cash,3,0,4.5,44.55
51816,1578,2024-05-15,Moscow,Moscow,Mobile,Social,beauty,Hair Dryer,89.94,1,3,Cash,2,0,4.9,89.94
51817,1554,2024-05-16,Bashkortostan,Ufa,App,Social,electronics,Laptop Lenovo IdeaPad,644.7,1,18,Card,3,0,4.2,644.7
51818,1704,2024-05-17,Sverdlovsk Oblast,Yekaterinburg,App,Marketplace,auto,Car Vacuum,48.07,1,0,Cash,1,0,4.9,48.07
51819,1413,2024-05-18,Tomsk Oblast,Tomsk,App,Marketplace,sports,Bicycle Helmet,44.54,1,10,SBP,4,1,4.1,44.54
51820,1621,2024-05-19,Tyumen Oblast,Tyumen,App,Organic Search,home,Coffee Machine,304.19,1,0,Cash,1,0,4.8,304.19
51821,1847,2024-05-20,Chelyabinsk Oblast,Chelyabinsk,App,Social,clothes,Winter Hoodie,61.04,4,10,Credit,3,0,4.7,244.16
51822,1384,2024-05-21,Omsk Oblast,Omsk,Web,Email,sports,Yoga Mat,30.41,1,5,Cash,6,0,4.4,30.41
51823,1608,2024-05-22,Samara Oblast,Samara,Web,Organic Search,sports,Bicycle Helmet,48.79,1,3,Cash,5,0,4.2,48.79
51824,1436,2024-05-23,Nizhny Novgorod Oblast,Nizhny Novgorod,Web,Direct,electronics,Smart Watch,157.78,1,10,Credit,3,0,4.7,157.78
51825,1441,2024-05-24,Primorsky Krai,Vladivostok,App,Email,beauty,Perfume,89.84,1,0,Cash,5,0,4.3,89.84
51826,1824,2024-05-25,Samara Oblast,Samara,Web,Marketplace,home,Desk Lamp,34.81,2,5,Credit,3,0,4.7,69.62
51827,1733,2024-05-26,Tomsk Oblast,Tomsk,Web,Paid Search,home,Coffee Machine,176.01,2,0,Cash,2,0,4.8,352.02
51828,1669,2024-05-27,Chelyabinsk Oblast,Chelyabinsk,App,Marketplace,kids,Toy Car,26.92,2,10,Credit,4,0,4.6,53.84
51829,1695,2024-05-28,Sverdlovsk Oblast,Yekaterinburg,App,Direct,electronics,Laptop Lenovo IdeaPad,868.05,2,0,Card,2,0,4.8,1736.1
51830,1124,2024-05-29,Bashkortostan,Ufa,Web,Marketplace,kids,Toy Car,25.04,1,10,Credit,4,0,4.4,25.04
51831,1200,2024-05-30,Krasnodar Krai,Krasnodar,App,Organic Search,sports,Dumbbells Set,84.07,1,10,SBP,3,0,4.4,84.07
51832,1201,2024-05-31,Udmurtia,Izhevsk,Web,Social,home,Coffee Machine,123.32,2,20,Credit,4,0,4.5,246.64
51833,1490,2024-06-01,Krasnoyarsk Krai,Krasnoyarsk,App,Direct,home,Vacuum Cleaner,218.84,1,10,Cash,4,0,4.5,218.84
51834,1849,2024-06-02,Voronezh Oblast,Voronezh,App,Marketplace,electronics,Laptop Lenovo IdeaPad,714.08,1,0,Cash,3,0,4.6,714.08
51835,1209,2024-06-03,Voronezh Oblast,Voronezh,App,Social,electronics,Laptop Lenovo IdeaPad,706.71,2,15,Cash,4,0,4.4,1413.42
51836,1728,2024-06-04,Perm Krai,Perm,App,Direct,home,Vacuum Cleaner,211.62,1,7,Credit,4,0,4.6,211.62
51837,1374,2024-06-05,Saratov Oblast,Saratov,Web,Email,sports,Running Shoes,170.1,3,20,Cash,2,0,4.3,510.3
51838,1831,2024-06-06,Udmurtia,Izhevsk,App,Social,beauty,Hair Dryer,60.32,3,25,Card,3,1,3.9,180.96
51839,1785,2024-06-07,Kaliningrad Oblast,Kaliningrad,App,Organic Search,auto,Phone Holder,25.63,2,5,SBP,4,1,3.8,51.26
51840,1431,2024-06-08,Samara Oblast,Samara,App,Direct,home,Vacuum Cleaner,203.39,2,18,Cash,3,0,4.5,406.78
51841,1117,2024-06-09,Tyumen Oblast,Tyumen,Web,Direct,clothes,Zara Jacket,208.32,1,15,Card,3,0,4.6,208.32
51842,1185,2024-06-10,Orenburg Oblast,Orenburg,App,Marketplace,auto,Car Vacuum,61.69,2,5,Card,2,0,5.0,123.38
51843,1026,2024-06-11,Krasnoyarsk Krai,Krasnoyarsk,Mobile,Marketplace,kids,Lego Set,78.71,1,3,Card,3,0,4.7,78.71
51844,1004,2024-06-12,Krasnodar Krai,Sochi,App,Social,auto,Motor Oil,52.17,1,15,SBP,5,0,4.0,52.17
51845,1444,2024-06-13,Stavropol Krai,Stavropol,Mobile,Direct,clothes,Basic T-Shirt,19.98,1,3,Credit,3,0,4.5,19.98
51846,1486,2024-06-14,Stavropol Krai,Stavropol,Web,Social,home,Bed Linen Set,65.69,1,0,Credit,3,0,5.0,65.69
51847,1129,2024-06-15,Yaroslavl Oblast,Yaroslavl,Web,Direct,books,Python Book,36.69,1,18,Cash,1,0,4.6,36.69
51848,1607,2024-06-16,Voronezh Oblast,Voronezh,Web,Marketplace,auto,Motor Oil,69.24,1,15,Cash,2,0,4.5,69.24
51849,1333,2024-06-17,Rostov Oblast,Rostov-on-Don,App,Marketplace,sports,Dumbbells Set,84.56,2,7,Cash,1,0,5.0,169.12
51850,1156,2024-06-18,Rostov Oblast,Rostov-on-Don,App,Paid Search,beauty,Face Serum,38.86,1,0,Credit,2,0,4.9,38.86
51851,1728,2024-06-19,Perm Krai,Perm,App,Direct,auto,Motor Oil,40.49,1,20,SBP,3,0,4.6,40.49
51852,1361,2024-06-20,Krasnodar Krai,Krasnodar,Mobile,Organic Search,kids,Lego Set,84.34,1,0,Credit,3,0,4.4,84.34
51853,1618,2024-06-21,Bashkortostan,Ufa,App,Direct,books,Notebook Set,20.07,1,0,Cash,2,1,3.6,20.07
51854,1145,2024-06-22,Samara Oblast,Samara,Web,Organic Search,home,Vacuum Cleaner,217.26,1,7,Cash,3,1,3.9,217.26
51855,1412,2024-06-23,Moscow,Moscow,App,Direct,electronics,Smartphone Samsung,429.67,2,0,SBP,1,0,4.9,859.34
51856,1511,2024-06-24,Krasnodar Krai,Sochi,App,Email,auto,Phone Holder,23.56,1,10,Cash,2,1,4.2,23.56
51857,1753,2024-06-25,Moscow,Moscow,Web,Organic Search,auto,Dash Camera,122.58,1,15,SBP,1,0,4.7,122.58
51858,1695,2024-06-26,Moscow,Moscow,App,Marketplace,clothes,Adidas Sneakers,119.56,1,7,Credit,1,0,4.4,119.56
51859,1390,2024-06-27,Samara Oblast,Samara,Web,Organic Search,electronics,Smart Watch,180.54,1,20,Credit,3,1,4.1,180.54
51860,1362,2024-06-28,Altai Krai,Barnaul,App,Paid Search,beauty,Makeup Palette,35.78,1,3,Credit,3,0,5.0,35.78
51861,1485,2024-06-29,Saratov Oblast,Saratov,Web,Email,electronics,Smart Watch,145.94,1,5,SBP,4,0,4.9,145.94
51862,1747,2024-06-30,Irkutsk Oblast,Irkutsk,App,Marketplace,beauty,Hair Dryer,68.54,1,12,Credit,4,0,4.4,68.54
51863,1475,2024-07-01,Krasnoyarsk Krai,Krasnoyarsk,App,Marketplace,clothes,Basic T-Shirt,29.35,1,25,Cash,4,0,4.5,29.35
51864,1757,2024-07-02,Yaroslavl Oblast,Yaroslavl,App,Social,books,Python Book,33.06,1,3,Credit,3,0,4.7,33.06
51865,1360,2024-07-03,Stavropol Krai,Stavropol,App,Social,electronics,Wireless Headphones,96.15,1,10,Card,4,0,4.6,96.15
51866,1067,2024-07-04,Bashkortostan,Ufa,Web,Marketplace,electronics,Smartphone Samsung,335.8,1,3,Cash,2,0,4.6,335.8
51867,1817,2024-07-05,Stavropol Krai,Stavropol,Web,Marketplace,beauty,Hair Dryer,73.02,1,10,Card,4,0,4.2,73.02
51868,1692,2024-07-06,Krasnodar Krai,Krasnodar,Web,Social,electronics,Wireless Headphones,117.55,1,18,Credit,3,0,4.5,117.55
51869,1083,2024-07-07,Altai Krai,Barnaul,App,Direct,home,Desk Lamp,38.43,1,10,SBP,3,0,4.5,38.43
51870,1321,2024-07-08,Saratov Oblast,Saratov,Web,Marketplace,kids,Lego Set,68.38,1,7,Cash,4,0,4.4,68.38
51871,1144,2024-07-09,Kaliningrad Oblast,Kaliningrad,Mobile,Organic Search,beauty,Face Serum,35.33,2,7,Card,4,0,4.7,70.66
51872,1030,2024-07-10,Volgograd Oblast,Volgograd,App,Organic Search,home,Bed Linen Set,59.87,2,15,SBP,3,0,4.8,119.74
51873,1241,2024-07-11,Irkutsk Oblast,Irkutsk,App,Direct,electronics,Smart Watch,163.96,1,3,SBP,3,1,3.8,163.96
51874,1694,2024-07-12,Tatarstan,Kazan,Mobile,Social,sports,Dumbbells Set,83.31,2,15,Credit,1,0,4.5,166.62
51875,1093,2024-07-13,Omsk Oblast,Omsk,Mobile,Email,home,Coffee Machine,130.82,2,20,SBP,3,0,4.6,261.64
51876,1262,2024-07-14,Saratov Oblast,Saratov,App,Email,electronics,Smartphone Samsung,386.73,2,0,Cash,4,1,4.1,773.46
51877,1199,2024-07-15,Chelyabinsk Oblast,Chelyabinsk,App,Organic Search,sports,Running Shoes,97.45,1,5,Card,2,0,4.5,97.45
51878,1681,2024-07-16,Irkutsk Oblast,Irkutsk,Web,Email,books,Business Book,27.93,1,15,Credit,5,0,4.2,27.93
51879,1348,2024-07-17,Chelyabinsk Oblast,Chelyabinsk,App,Organic Search,electronics,Laptop Lenovo IdeaPad,584.09,1,20,Card,2,0,4.5,584.09
51880,1101,2024-07-18,Stavropol Krai,Stavropol,App,Organic Search,beauty,Perfume,84.94,2,15,Cash,1,0,4.7,169.88
51881,1463,2024-07-19,Tyumen Oblast,Tyumen,Web,Organic Search,beauty,Face Serum,36.37,2,0,Credit,3,0,4.7,72.74
51882,1829,2024-07-20,Moscow,Moscow,App,Paid Search,sports,Running Shoes,157.48,1,18,Cash,2,1,4.0,157.48
51883,1057,2024-07-21,Moscow,Moscow,Web,Paid Search,electronics,Smart Watch,174.17,1,18,Cash,2,0,4.5,174.17
51884,1702,2024-07-22,Krasnoyarsk Krai,Krasnoyarsk,App,Organic Search,home,Bed Linen Set,47.74,1,0,Credit,4,0,4.1,47.74
51885,1136,2024-07-23,Volgograd Oblast,Volgograd,Web,Marketplace,sports,Bicycle Helmet,42.17,1,0,Credit,4,0,4.6,42.17
51886,1174,2024-07-24,Rostov Oblast,Rostov-on-Don,App,Email,electronics,Wireless Headphones,85.54,1,0,SBP,4,0,4.5,85.54
51887,1228,2024-07-25,Orenburg Oblast,Orenburg,Web,Marketplace,home,Coffee Machine,127.33,3,12,Credit,2,0,4.6,381.99
51888,1498,2024-07-26,Tomsk Oblast,Tomsk,Web,Marketplace,electronics,Laptop Lenovo IdeaPad,691.1,1,0,Credit,4,0,4.2,691.1
51889,1248,2024-07-27,Chelyabinsk Oblast,Chelyabinsk,App,Email,home,Coffee Machine,121.77,1,0,SBP,3,0,4.7,121.77
51890,1800,2024-07-28,Primorsky Krai,Vladivostok,Web,Marketplace,sports,Bicycle Helmet,56.45,1,3,Card,5,0,4.4,56.45
51891,1439,2024-01-01,Krasnoyarsk Krai,Krasnoyarsk,App,Social,home,Desk Lamp,41.02,1,5,Credit,3,0,4.7,41.02
51892,1110,2024-01-02,Tatarstan,Kazan,Web,Direct,home,Bed Linen Set,65.61,1,15,Cash,3,0,4.5,65.61
51893,1538,2024-01-03,Yaroslavl Oblast,Yaroslavl,Mobile,Organic Search,sports,Dumbbells Set,84.66,1,10,Credit,2,0,4.7,84.66
51894,1807,2024-01-04,Yaroslavl Oblast,Yaroslavl,App,Email,home,Coffee Machine,134.19,2,20,Credit,1,0,4.2,268.38
51895,1179,2024-01-05,Altai Krai,Barnaul,App,Marketplace,sports,Dumbbells Set,68.2,2,0,Card,2,0,4.8,136.4
51896,1321,2024-01-06,Bashkortostan,Ufa,App,Organic Search,home,Vacuum Cleaner,246.57,1,20,Credit,3,0,4.7,246.57
51897,1499,2024-01-07,Primorsky Krai,Vladivostok,Web,Organic Search,auto,Motor Oil,51.57,1,15,Cash,5,0,4.4,51.57
51898,1172,2024-01-08,Tyumen Oblast,Tyumen,Web,Paid Search,kids,Lego Set,113.63,1,20,Credit,4,0,4.5,113.63
51899,1463,2024-01-09,Stavropol Krai,Stavropol,Web,Social,electronics,Wireless Headphones,74.03,1,15,Cash,3,1,3.6,74.03
51900,1848,2024-01-10,Krasnodar Krai,Sochi,App,Paid Search,beauty,Hair Dryer,70.05,1,12,Credit,4,0,4.0,70.05
51901,1503,2024-01-11,Perm Krai,Perm,Web,Organic Search,clothes,Adidas Sneakers,132.62,1,10,Card,2,1,4.4,132.62
51902,1444,2024-01-12,Krasnodar Krai,Krasnodar,Web,Organic Search,home,Bed Linen Set,56.23,1,10,Card,5,0,4.7,56.23
51903,1460,2024-01-13,Chelyabinsk Oblast,Chelyabinsk,App,Email,home,Desk Lamp,33.22,2,0,Cash,1,0,4.8,66.44
51904,1539,2024-01-14,Yaroslavl Oblast,Yaroslavl,App,Paid Search,books,Notebook Set,16.21,1,10,Card,4,0,4.6,16.21
51905,1713,2024-01-15,Tyumen Oblast,Tyumen,Web,Direct,beauty,Perfume,125.76,1,0,Cash,4,0,4.5,125.76
51906,1047,2024-01-16,Krasnodar Krai,Krasnodar,App,Direct,sports,Yoga Mat,39.34,1,18,SBP,2,0,4.9,39.34
51907,1841,2024-01-17,Kaliningrad Oblast,Kaliningrad,App,Marketplace,clothes,Basic T-Shirt,24.49,1,10,Cash,3,0,4.8,24.49
51908,1449,2024-01-18,Volgograd Oblast,Volgograd,App,Social,clothes,Basic T-Shirt,29.65,1,0,SBP,2,0,5.0,29.65
51909,1109,2024-01-19,Tatarstan,Kazan,App,Direct,books,Business Book,32.07,3,15,Cash,3,0,4.3,96.21
51910,1326,2024-01-20,Kaliningrad Oblast,Kaliningrad,App,Paid Search,home,Coffee Machine,161.99,1,3,Cash,4,0,4.2,161.99
51911,1637,2024-01-21,Krasnodar Krai,Krasnodar,Web,Paid Search,home,Vacuum Cleaner,193.58,2,10,Card,1,0,4.6,387.16
51912,1181,2024-01-22,Saratov Oblast,Saratov,App,Paid Search,clothes,Adidas Sneakers,112.33,1,12,Card,2,0,4.5,112.33
51913,1464,2024-01-23,Omsk Oblast,Omsk,App,Direct,beauty,Perfume,94.1,1,3,Card,4,0,4.5,94.1
51914,1277,2024-01-24,Chelyabinsk Oblast,Chelyabinsk,App,Email,clothes,Basic T-Shirt,26.71,2,3,Card,4,0,4.6,53.42
51915,1558,2024-01-25,Kaliningrad Oblast,Kaliningrad,Web,Direct,clothes,Zara Jacket,136.83,1,3,Card,3,1,4.3,136.83
51916,1251,2024-01-26,Saratov Oblast,Saratov,App,Social,kids,Board Game,32.15,2,0,SBP,3,0,4.6,64.3
51917,1281,2024-01-27,Moscow,Moscow,App,Social,clothes,Adidas Sneakers,155.2,1,15,Card,1,0,4.7,155.2
51918,1652,2024-01-28,Krasnoyarsk Krai,Krasnoyarsk,App,Organic Search,books,Cookbook,22.76,1,0,Cash,4,0,4.6,22.76
51919,1659,2024-01-29,Nizhny Novgorod Oblast,Nizhny Novgorod,Web,Paid Search,books,Python Book,31.91,1,18,Cash,2,1,3.5,31.91
51920,1680,2024-01-30,Perm Krai,Perm,App,Paid Search,sports,Running Shoes,118.61,1,3,Credit,2,0,4.7,118.61
51921,1197,2024-01-31,Krasnoyarsk Krai,Krasnoyarsk,Web,Email,home,Vacuum Cleaner,188.78,1,0,Card,5,0,4.6,188.78
51922,1193,2024-02-01,Tomsk Oblast,Tomsk,Web,Social,clothes,Zara Jacket,106.71,2,5,SBP,3,0,4.9,213.42
51923,1447,2024-02-02,Voronezh Oblast,Voronezh,Web,Paid Search,home,Desk Lamp,41.95,1,7,SBP,4,0,4.9,41.95
51924,1338,2024-02-03,Yaroslavl Oblast,Yaroslavl,Web,Social,electronics,Smart Watch,176.47,1,10,SBP,2,1,4.1,176.47
51925,1383,2024-02-04,Moscow,Moscow,App,Direct,sports,Yoga Mat,42.63,4,18,SBP,1,0,4.3,170.52
51926,1099,2024-02-05,Altai Krai,Barnaul,Web,Direct,auto,Motor Oil,33.35,3,18,Credit,3,0,4.7,100.05
51927,1282,2024-02-06,Tyumen Oblast,Tyumen,App,Paid Search,sports,Running Shoes,215.01,2,5,SBP,4,0,4.7,430.02
51928,1469,2024-02-07,Yaroslavl Oblast,Yaroslavl,Web,Paid Search,kids,Toy Car,27.92,1,10,Card,2,0,4.7,27.92
51929,1816,2024-02-08,Kemerovo Oblast,Kemerovo,Web,Direct,books,Notebook Set,18.83,3,0,Credit,4,0,4.5,56.49
51930,1099,2024-02-09,Krasnodar Krai,Krasnodar,Web,Organic Search,sports,Dumbbells Set,85.13,2,0,Credit,3,1,3.7,170.26
51931,1590,2024-02-10,Chelyabinsk Oblast,Chelyabinsk,Web,Marketplace,clothes,Adidas Sneakers,120.16,2,20,SBP,2,0,5.0,240.32
51932,1047,2024-02-11,Moscow,Moscow,App,Direct,auto,Dash Camera,122.32,1,12,Cash,2,0,4.5,122.32
51933,1035,2024-02-12,Tomsk Oblast,Tomsk,Mobile,Paid Search,clothes,Adidas Sneakers,111.2,2,10,Cash,5,1,3.4,222.4
51934,1645,2024-02-13,Perm Krai,Perm,Web,Marketplace,electronics,Smartphone Samsung,501.04,1,5,Credit,4,0,4.3,501.04
51935,1087,2024-02-14,Udmurtia,Izhevsk,Web,Marketplace,kids,Board Game,27.65,1,5,Card,3,1,4.1,27.65
51936,1516,2024-02-15,Udmurtia,Izhevsk,App,Paid Search,electronics,Smartphone Samsung,378.68,1,10,SBP,4,0,4.9,378.68
51937,1433,2024-02-16,Krasnodar Krai,Sochi,App,Paid Search,auto,Motor Oil,43.3,3,5,Cash,3,0,4.7,129.9
51938,1691,2024-02-17,Samara Oblast,Samara,App,Paid Search,home,Desk Lamp,38.21,1,15,Cash,3,0,4.5,38.21
51939,1287,2024-02-18,Sverdlovsk Oblast,Yekaterinburg,Web,Direct,home,Bed Linen Set,60.95,3,7,SBP,3,0,4.8,182.85
51940,1568,2024-02-19,Omsk Oblast,Omsk,App,Organic Search,beauty,Makeup Palette,48.35,3,7,Credit,3,0,4.7,145.05
51941,1363,2024-02-20,Tomsk Oblast,Tomsk,Mobile,Social,beauty,Makeup Palette,45.58,2,20,Cash,4,1,3.5,91.16
51942,1154,2024-02-21,Omsk Oblast,Omsk,Mobile,Direct,kids,Board Game,34.15,1,7,Card,3,0,4.6,34.15
51943,1213,2024-02-22,Kemerovo Oblast,Kemerovo,App,Social,beauty,Makeup Palette,42.88,1,0,Card,4,0,4.1,42.88
51944,1763,2024-02-23,Krasnoyarsk Krai,Krasnoyarsk,Web,Direct,clothes,Basic T-Shirt,27.0,1,7,SBP,3,1,4.1,27.0
51945,1422,2024-02-24,Yaroslavl Oblast,Yaroslavl,Web,Social,home,Vacuum Cleaner,218.45,1,20,Credit,4,1,3.5,218.45
51946,1772,2024-02-25,Saint Petersburg,Saint Petersburg,Mobile,Direct,clothes,Basic T-Shirt,47.83,2,0,SBP,2,0,4.2,95.66
51947,1326,2024-02-26,Tomsk Oblast,Tomsk,Web,Paid Search,sports,Bicycle Helmet,50.38,1,5,Cash,5,0,4.5,50.38
51948,1499,2024-02-27,Yaroslavl Oblast,Yaroslavl,App,Direct,auto,Dash Camera,85.83,1,20,Card,1,0,4.6,85.83
51949,1378,2024-02-28,Samara Oblast,Samara,App,Marketplace,kids,Toy Car,27.77,1,0,Credit,2,0,4.4,27.77
51950,1191,2024-02-29,Perm Krai,Perm,App,Marketplace,auto,Dash Camera,96.44,1,3,Credit,3,0,5.0,96.44
51951,1091,2024-03-01,Voronezh Oblast,Voronezh,App,Organic Search,auto,Car Vacuum,56.56,1,20,Credit,3,1,3.9,56.56
51952,1307,2024-03-02,Tyumen Oblast,Tyumen,App,Email,electronics,Smart Watch,152.8,1,7,SBP,3,0,4.4,152.8
51953,1232,2024-03-03,Tomsk Oblast,Tomsk,App,Social,electronics,Smartphone Samsung,661.33,2,0,SBP,3,0,4.3,1322.66
51954,1145,2024-03-04,Tatarstan,Kazan,App,Organic Search,beauty,Makeup Palette,46.87,1,3,SBP,2,0,4.8,46.87
51955,1654,2024-03-05,Irkutsk Oblast,Irkutsk,Mobile,Organic Search,sports,Running Shoes,129.64,1,3,Cash,3,0,4.5,129.64
51956,1568,2024-03-06,Kaliningrad Oblast,Kaliningrad,App,Paid Search,electronics,Wireless Headphones,182.92,1,18,Credit,4,1,3.7,182.92
51957,1586,2024-03-07,Perm Krai,Perm,App,Social,sports,Bicycle Helmet,55.64,1,20,Card,4,0,4.6,55.64
51958,1178,2024-03-08,Primorsky Krai,Vladivostok,Web,Email,auto,Car Vacuum,69.98,1,5,SBP,4,0,4.9,69.98
51959,1322,2024-03-09,Stavropol Krai,Stavropol,Web,Marketplace,electronics,Wireless Headphones,102.55,2,15,Cash,3,1,3.8,205.1
51960,1056,2024-03-10,Chelyabinsk Oblast,Chelyabinsk,App,Direct,auto,Dash Camera,82.52,1,0,Card,4,0,4.4,82.52
51961,1759,2024-03-11,Perm Krai,Perm,App,Social,home,Vacuum Cleaner,186.48,1,12,Credit,4,0,4.6,186.48
51962,1311,2024-03-12,Bashkortostan,Ufa,Web,Social,clothes,Adidas Sneakers,106.98,2,7,Card,3,0,4.5,213.96
51963,1085,2024-03-13,Orenburg Oblast,Orenburg,Web,Direct,beauty,Perfume,84.02,2,10,Card,3,0,4.7,168.04
51964,1720,2024-03-14,Moscow,Moscow,Mobile,Marketplace,sports,Bicycle Helmet,60.17,2,0,Cash,3,0,4.8,120.34
51965,1365,2024-03-15,Rostov Oblast,Rostov-on-Don,Web,Direct,clothes,Zara Jacket,123.54,2,20,Credit,3,0,4.7,247.08
51966,1089,2024-03-16,Rostov Oblast,Rostov-on-Don,Web,Paid Search,clothes,Winter Hoodie,70.49,1,3,Card,3,0,4.9,70.49
51967,1721,2024-03-17,Moscow,Moscow,App,Marketplace,sports,Yoga Mat,43.57,1,10,Cash,2,0,4.4,43.57
51968,1475,2024-03-18,Rostov Oblast,Rostov-on-Don,Mobile,Marketplace,electronics,Laptop Lenovo IdeaPad,701.28,1,10,Card,3,0,4.5,701.28
51969,1151,2024-03-19,Krasnodar Krai,Sochi,App,Email,clothes,Basic T-Shirt,33.65,1,25,Credit,4,1,3.5,33.65
51970,1270,2024-03-20,Moscow,Moscow,App,Direct,books,Python Book,41.09,1,0,Credit,2,0,4.2,41.09
51971,1705,2024-03-21,Orenburg Oblast,Orenburg,App,Paid Search,sports,Running Shoes,89.1,1,25,SBP,3,0,4.6,89.1
51972,1391,2024-03-22,Sverdlovsk Oblast,Yekaterinburg,App,Social,electronics,Smart Watch,165.0,1,10,SBP,2,0,4.6,165.0
51973,1819,2024-03-23,Voronezh Oblast,Voronezh,App,Organic Search,clothes,Zara Jacket,212.95,3,0,Cash,1,0,4.4,638.85
51974,1213,2024-03-24,Primorsky Krai,Vladivostok,App,Paid Search,sports,Running Shoes,114.91,3,0,SBP,4,0,4.5,344.73
51975,1076,2024-03-25,Krasnodar Krai,Krasnodar,Web,Paid Search,kids,Board Game,33.06,1,3,Card,4,0,4.8,33.06
51976,1655,2024-03-26,Samara Oblast,Samara,Mobile,Email,beauty,Face Serum,35.35,1,5,Card,4,0,4.7,35.35
51977,1424,2024-03-27,Tomsk Oblast,Tomsk,App,Marketplace,beauty,Perfume,151.35,2,15,SBP,3,0,4.8,302.7
51978,1735,2024-03-28,Tyumen Oblast,Tyumen,Web,Email,clothes,Zara Jacket,133.0,2,12,Card,3,0,4.6,266.0
51979,1433,2024-03-29,Udmurtia,Izhevsk,App,Social,kids,Kids Backpack,29.42,1,5,Credit,3,0,4.6,29.42
51980,1589,2024-03-30,Stavropol Krai,Stavropol,App,Paid Search,sports,Dumbbells Set,95.3,2,3,Credit,4,0,4.5,190.6
51981,1516,2024-03-31,Perm Krai,Perm,App,Email,electronics,Smartphone Samsung,345.22,1,12,Credit,3,0,4.4,345.22
51982,1439,2024-04-01,Samara Oblast,Samara,Mobile,Direct,beauty,Makeup Palette,54.07,1,25,Credit,1,0,5.0,54.07
51983,1798,2024-04-02,Perm Krai,Perm,Web,Paid Search,kids,Lego Set,84.96,1,10,Credit,3,0,4.8,84.96
51984,1838,2024-04-03,Nizhny Novgorod Oblast,Nizhny Novgorod,App,Paid Search,auto,Motor Oil,39.74,1,15,Cash,2,0,4.6,39.74
51985,1537,2024-04-04,Saint Petersburg,Saint Petersburg,Web,Direct,books,Notebook Set,16.95,1,12,SBP,3,0,5.0,16.95
51986,1711,2024-04-05,Udmurtia,Izhevsk,App,Marketplace,beauty,Perfume,101.31,1,0,Card,2,0,4.4,101.31
51987,1384,2024-04-06,Tatarstan,Kazan,App,Email,books,Python Book,35.9,1,15,Credit,2,0,4.8,35.9
51988,1448,2024-04-07,Tyumen Oblast,Tyumen,App,Social,auto,Motor Oil,41.2,3,5,Credit,1,1,3.7,123.6
51989,1110,2024-04-08,Kemerovo Oblast,Kemerovo,Web,Email,home,Bed Linen Set,76.06,1,20,Cash,4,0,4.4,76.06
51990,1366,2024-04-09,Kaliningrad Oblast,Kaliningrad,App,Marketplace,beauty,Hair Dryer,82.67,2,5,SBP,6,0,4.4,165.34
51991,1267,2024-04-10,Yaroslavl Oblast,Yaroslavl,Web,Direct,auto,Phone Holder,23.05,2,10,Cash,3,0,4.7,46.1
51992,1085,2024-04-11,Krasnoyarsk Krai,Krasnoyarsk,Web,Social,sports,Dumbbells Set,78.4,1,10,Card,5,0,4.0,78.4
51993,1211,2024-04-12,Krasnoyarsk Krai,Krasnoyarsk,App,Social,beauty,Makeup Palette,37.43,2,5,Card,4,0,4.2,74.86
51994,1389,2024-04-13,Voronezh Oblast,Voronezh,Web,Marketplace,auto,Phone Holder,23.31,2,12,SBP,2,0,4.7,46.62
51995,1443,2024-04-14,Khabarovsk Krai,Khabarovsk,App,Social,auto,Motor Oil,39.61,2,12,Credit,4,0,4.4,79.22
51996,1415,2024-04-15,Volgograd Oblast,Volgograd,Web,Paid Search,beauty,Hair Dryer,59.18,1,10,Cash,3,1,3.5,59.18
51997,1466,2024-04-16,Nizhny Novgorod Oblast,Nizhny Novgorod,App,Paid Search,books,Cookbook,23.62,1,0,Cash,3,0,4.8,23.62
51998,1513,2024-04-17,Udmurtia,Izhevsk,App,Direct,home,Desk Lamp,43.99,2,7,SBP,4,0,5.0,87.98
51999,1635,2024-04-18,Tyumen Oblast,Tyumen,App,Marketplace,home,Vacuum Cleaner,270.31,1,7,SBP,2,0,4.9,270.31
52000,1500,2024-04-19,Krasnodar Krai,Sochi,Web,Social,home,Vacuum Cleaner,367.58,2,15,SBP,4,0,4.3,735.16
52001,1245,2024-04-20,Stavropol Krai,Stavropol,App,Email,beauty,Makeup Palette,47.64,2,5,Cash,2,0,4.4,95.28
52002,1748,2024-04-21,Yaroslavl Oblast,Yaroslavl,App,Social,kids,Board Game,24.37,1,10,Credit,4,1,3.7,24.37
52003,1382,2024-04-22,Volgograd Oblast,Volgograd,Mobile,Direct,clothes,Zara Jacket,126.0,1,25,Credit,2,0,4.6,126.0
52004,1768,2024-04-23,Saint Petersburg,Saint Petersburg,App,Organic Search,electronics,Laptop Lenovo IdeaPad,682.96,1,12,Card,2,1,3.8,682.96
52005,1160,2024-04-24,Tyumen Oblast,Tyumen,Web,Organic Search,beauty,Hair Dryer,79.23,1,10,Card,3,0,4.7,79.23
52006,1690,2024-04-25,Yaroslavl Oblast,Yaroslavl,Web,Paid Search,kids,Kids Backpack,34.14,1,25,SBP,3,0,4.4,34.14
52007,1840,2024-04-26,Kaliningrad Oblast,Kaliningrad,App,Direct,beauty,Makeup Palette,48.22,1,5,Card,4,0,4.6,48.22
52008,1415,2024-04-27,Udmurtia,Izhevsk,App,Email,home,Coffee Machine,117.15,2,0,Cash,2,0,4.2,234.3
52009,1681,2024-04-28,Perm Krai,Perm,App,Direct,beauty,Makeup Palette,51.58,3,3,Card,4,0,3.9,154.74
52010,1186,2024-04-29,Stavropol Krai,Stavropol,Web,Marketplace,beauty,Perfume,96.94,2,5,Credit,4,0,4.5,193.88
52011,1107,2024-04-30,Novosibirsk Oblast,Novosibirsk,Web,Social,auto,Motor Oil,45.8,1,10,Card,3,0,4.4,45.8
52012,1501,2024-05-01,Orenburg Oblast,Orenburg,Mobile,Email,electronics,Smartphone Samsung,333.28,1,18,Cash,4,1,3.7,333.28
52013,1839,2024-05-02,Tomsk Oblast,Tomsk,App,Social,sports,Running Shoes,111.99,1,5,SBP,3,0,4.8,111.99
52014,1461,2024-05-03,Samara Oblast,Samara,App,Direct,home,Coffee Machine,175.42,2,15,Cash,3,0,4.6,350.84
52015,1526,2024-05-04,Irkutsk Oblast,Irkutsk,App,Email,auto,Dash Camera,95.95,1,12,SBP,4,0,4.9,95.95
52016,1332,2024-05-05,Udmurtia,Izhevsk,Mobile,Direct,electronics,Wireless Headphones,79.45,1,20,SBP,3,0,4.9,79.45
52017,1480,2024-05-06,Saint Petersburg,Saint Petersburg,App,Email,auto,Car Vacuum,63.37,1,0,Credit,1,0,4.7,63.37
52018,1003,2024-05-07,Saint Petersburg,Saint Petersburg,Mobile,Marketplace,kids,Lego Set,106.41,4,3,Credit,1,0,4.7,425.64
52019,1307,2024-05-08,Voronezh Oblast,Voronezh,Web,Email,clothes,Basic T-Shirt,29.56,1,10,Card,3,1,3.7,29.56
52020,1603,2024-05-09,Irkutsk Oblast,Irkutsk,App,Marketplace,sports,Yoga Mat,28.98,2,15,Card,4,0,4.8,57.96
52021,1661,2024-05-10,Tyumen Oblast,Tyumen,Web,Direct,electronics,Smartphone Samsung,443.6,2,10,Card,4,0,4.4,887.2
52022,1103,2024-05-11,Novosibirsk Oblast,Novosibirsk,Web,Direct,home,Desk Lamp,46.88,2,0,Cash,5,0,4.6,93.76
52023,1408,2024-05-12,Tyumen Oblast,Tyumen,Web,Organic Search,auto,Phone Holder,28.2,1,20,Cash,3,0,4.6,28.2
52024,1812,2024-05-13,Udmurtia,Izhevsk,App,Direct,books,Business Book,22.94,1,20,SBP,5,0,4.4,22.94
52025,1371,2024-05-14,Irkutsk Oblast,Irkutsk,App,Social,electronics,Smartphone Samsung,433.03,2,3,Credit,5,1,3.4,866.06
52026,1167,2024-05-15,Novosibirsk Oblast,Novosibirsk,Web,Organic Search,auto,Dash Camera,90.33,1,3,Card,3,1,3.7,90.33
52027,1013,2024-05-16,Nizhny Novgorod Oblast,Nizhny Novgorod,App,Paid Search,electronics,Laptop Lenovo IdeaPad,644.42,1,10,Cash,2,0,4.4,644.42
52028,1587,2024-05-17,Perm Krai,Perm,App,Organic Search,books,Notebook Set,14.45,1,0,SBP,2,1,4.0,14.45
52029,1459,2024-05-18,Tatarstan,Kazan,App,Direct,electronics,Smart Watch,199.84,2,15,Credit,2,0,4.4,399.68
52030,1672,2024-05-19,Primorsky Krai,Vladivostok,Web,Organic Search,home,Bed Linen Set,61.05,1,0,Credit,4,0,4.6,61.05
52031,1740,2024-05-20,Volgograd Oblast,Volgograd,Web,Marketplace,clothes,Zara Jacket,136.38,1,3,Credit,3,0,5.0,136.38
52032,1311,2024-05-21,Perm Krai,Perm,Mobile,Social,auto,Motor Oil,47.7,2,5,Credit,3,1,4.2,95.4
52033,1369,2024-05-22,Yaroslavl Oblast,Yaroslavl,Web,Social,books,Python Book,36.4,2,0,SBP,4,0,4.6,72.8
52034,1429,2024-05-23,Orenburg Oblast,Orenburg,App,Direct,beauty,Face Serum,35.39,1,5,SBP,3,0,4.7,35.39
52035,1011,2024-05-24,Omsk Oblast,Omsk,App,Organic Search,electronics,Smart Watch,159.4,1,5,SBP,4,0,4.5,159.4
52036,1418,2024-05-25,Volgograd Oblast,Volgograd,Web,Direct,sports,Running Shoes,127.45,1,10,Card,5,0,4.1,127.45
52037,1776,2024-05-26,Sverdlovsk Oblast,Yekaterinburg,Web,Organic Search,beauty,Makeup Palette,38.66,1,7,Cash,1,0,4.7,38.66
52038,1057,2024-05-27,Khabarovsk Krai,Khabarovsk,App,Email,beauty,Makeup Palette,47.22,2,15,Credit,5,0,4.4,94.44
52039,1295,2024-05-28,Udmurtia,Izhevsk,App,Paid Search,home,Desk Lamp,40.48,2,0,Cash,1,0,4.5,80.96
52040,1029,2024-05-29,Rostov Oblast,Rostov-on-Don,App,Email,home,Vacuum Cleaner,183.57,1,5,Credit,4,0,4.6,183.57
52041,1798,2024-05-30,Khabarovsk Krai,Khabarovsk,Web,Marketplace,auto,Dash Camera,116.78,1,0,Cash,4,0,4.7,116.78
52042,1570,2024-05-31,Krasnoyarsk Krai,Krasnoyarsk,App,Email,home,Vacuum Cleaner,210.45,1,5,SBP,4,0,4.5,210.45
52043,1319,2024-06-01,Nizhny Novgorod Oblast,Nizhny Novgorod,App,Direct,beauty,Hair Dryer,85.48,2,10,Cash,3,0,4.7,170.96
52044,1435,2024-06-02,Irkutsk Oblast,Irkutsk,App,Organic Search,books,Cookbook,22.86,4,5,Credit,4,0,4.3,91.44
52045,1637,2024-06-03,Primorsky Krai,Vladivostok,App,Marketplace,sports,Yoga Mat,37.76,1,18,SBP,5,0,4.4,37.76
52046,1532,2024-06-04,Primorsky Krai,Vladivostok,Mobile,Paid Search,sports,Dumbbells Set,101.29,1,7,Credit,3,0,4.6,101.29
52047,1402,2024-06-05,Sverdlovsk Oblast,Yekaterinburg,App,Email,books,Python Book,46.53,2,3,SBP,3,0,4.4,93.06
52048,1320,2024-06-06,Nizhny Novgorod Oblast,Nizhny Novgorod,App,Email,electronics,Laptop Lenovo IdeaPad,731.64,1,0,SBP,3,0,4.7,731.64
52049,1069,2024-06-07,Volgograd Oblast,Volgograd,App,Email,electronics,Laptop Lenovo IdeaPad,746.43,1,12,Credit,2,0,4.7,746.43
52050,1799,2024-06-08,Samara Oblast,Samara,Web,Marketplace,beauty,Perfume,87.32,1,7,Card,3,0,4.5,87.32
52051,1556,2024-06-09,Bashkortostan,Ufa,App,Email,home,Bed Linen Set,64.28,2,0,Cash,1,0,4.6,128.56
52052,1091,2024-06-10,Sverdlovsk Oblast,Yekaterinburg,App,Organic Search,electronics,Wireless Headphones,86.06,1,7,SBP,3,1,3.9,86.06
52053,1098,2024-06-11,Perm Krai,Perm,App,Organic Search,sports,Yoga Mat,32.72,2,5,SBP,3,0,4.4,65.44
52054,1739,2024-06-12,Saint Petersburg,Saint Petersburg,App,Organic Search,kids,Toy Car,38.4,1,0,SBP,3,0,4.8,38.4
52055,1608,2024-06-13,Krasnodar Krai,Sochi,Mobile,Organic Search,home,Vacuum Cleaner,266.16,1,18,Card,3,0,4.4,266.16
52056,1807,2024-06-14,Perm Krai,Perm,Mobile,Direct,beauty,Hair Dryer,57.7,2,10,Credit,4,0,4.7,115.4
52057,1163,2024-06-15,Perm Krai,Perm,App,Direct,books,Notebook Set,20.94,3,5,Credit,4,0,4.1,62.82
52058,1461,2024-06-16,Krasnodar Krai,Sochi,App,Paid Search,sports,Bicycle Helmet,51.66,1,10,Cash,5,0,4.3,51.66
52059,1312,2024-06-17,Udmurtia,Izhevsk,Web,Organic Search,auto,Motor Oil,37.7,1,3,Credit,3,0,4.9,37.7
52060,1161,2024-06-18,Irkutsk Oblast,Irkutsk,App,Direct,beauty,Makeup Palette,41.55,2,5,Card,5,0,4.1,83.1
52061,1052,2024-06-19,Udmurtia,Izhevsk,Mobile,Marketplace,books,Cookbook,17.88,1,10,SBP,3,1,3.9,17.88
52062,1142,2024-06-20,Moscow,Moscow,Web,Organic Search,clothes,Winter Hoodie,69.16,1,0,Cash,1,0,4.9,69.16
52063,1061,2024-06-21,Bashkortostan,Ufa,Mobile,Email,home,Vacuum Cleaner,198.16,1,15,Card,3,0,4.5,198.16
52064,1337,2024-06-22,Volgograd Oblast,Volgograd,App,Marketplace,sports,Dumbbells Set,67.86,2,7,Credit,4,0,4.4,135.72
52065,1755,2024-06-23,Khabarovsk Krai,Khabarovsk,Mobile,Marketplace,auto,Car Vacuum,47.55,3,15,SBP,5,0,4.6,142.65
52066,1711,2024-06-24,Omsk Oblast,Omsk,App,Paid Search,books,Business Book,28.39,3,10,Credit,3,0,4.9,85.17
52067,1413,2024-06-25,Orenburg Oblast,Orenburg,Mobile,Email,beauty,Face Serum,54.91,1,20,SBP,3,0,4.4,54.91
52068,1320,2024-06-26,Moscow,Moscow,App,Paid Search,electronics,Smartphone Samsung,748.42,1,5,SBP,1,0,4.7,748.42
52069,1411,2024-06-27,Krasnodar Krai,Sochi,App,Marketplace,beauty,Makeup Palette,54.26,2,0,Credit,4,0,4.5,108.52
52070,1589,2024-06-28,Krasnoyarsk Krai,Krasnoyarsk,Web,Organic Search,electronics,Laptop Lenovo IdeaPad,860.23,1,10,Credit,3,0,4.5,860.23
52071,1228,2024-06-29,Khabarovsk Krai,Khabarovsk,Web,Marketplace,electronics,Wireless Headphones,111.12,1,25,SBP,4,0,4.7,111.12
52072,1236,2024-06-30,Omsk Oblast,Omsk,Mobile,Email,home,Coffee Machine,115.54,1,3,Credit,4,1,3.6,115.54
52073,1046,2024-07-01,Nizhny Novgorod Oblast,Nizhny Novgorod,App,Organic Search,electronics,Smartphone Samsung,790.42,1,12,SBP,2,0,4.7,790.42
52074,1056,2024-07-02,Stavropol Krai,Stavropol,App,Email,electronics,Laptop Lenovo IdeaPad,634.05,1,0,SBP,4,0,4.5,634.05
52075,1161,2024-07-03,Saratov Oblast,Saratov,App,Email,auto,Car Vacuum,59.86,2,20,SBP,3,0,4.7,119.72
52076,1751,2024-07-04,Tomsk Oblast,Tomsk,App,Email,sports,Bicycle Helmet,50.57,3,15,SBP,4,0,4.6,151.71
52077,1510,2024-07-05,Altai Krai,Barnaul,Web,Social,electronics,Smartphone Samsung,407.43,2,0,SBP,3,0,4.4,814.86
52078,1803,2024-07-06,Bashkortostan,Ufa,Mobile,Organic Search,beauty,Face Serum,36.16,3,10,Credit,3,0,4.8,108.48
52079,1798,2024-07-07,Krasnodar Krai,Krasnodar,Web,Direct,kids,Kids Backpack,39.67,2,18,Card,3,1,3.7,79.34
52080,1457,2024-07-08,Omsk Oblast,Omsk,App,Social,sports,Bicycle Helmet,41.4,1,5,Credit,4,0,4.2,41.4
52081,1784,2024-07-09,Altai Krai,Barnaul,Web,Marketplace,electronics,Smartphone Samsung,817.38,1,15,Credit,4,0,4.5,817.38
52082,1401,2024-07-10,Yaroslavl Oblast,Yaroslavl,Web,Paid Search,electronics,Laptop Lenovo IdeaPad,603.63,1,10,Card,2,0,4.6,603.63
52083,1047,2024-07-11,Tyumen Oblast,Tyumen,App,Paid Search,auto,Car Vacuum,58.83,1,10,SBP,2,0,4.2,58.83
52084,1732,2024-07-12,Saratov Oblast,Saratov,App,Organic Search,electronics,Smart Watch,165.79,1,7,Credit,3,0,4.6,165.79
52085,1742,2024-07-13,Rostov Oblast,Rostov-on-Don,Web,Social,books,Python Book,37.74,1,5,Card,3,0,4.9,37.74
52086,1562,2024-07-14,Primorsky Krai,Vladivostok,Web,Paid Search,home,Bed Linen Set,68.72,4,5,Cash,4,0,4.4,274.88
52087,1782,2024-07-15,Voronezh Oblast,Voronezh,App,Organic Search,beauty,Face Serum,48.98,1,12,Credit,2,0,4.7,48.98
52088,1092,2024-07-16,Altai Krai,Barnaul,App,Organic Search,electronics,Smart Watch,118.14,2,15,Card,4,0,4.7,236.28
52089,1481,2024-07-17,Stavropol Krai,Stavropol,App,Email,clothes,Winter Hoodie,70.21,2,5,Credit,2,0,5.0,140.42
52090,1561,2024-07-18,Chelyabinsk Oblast,Chelyabinsk,Web,Direct,kids,Lego Set,79.26,1,10,Credit,4,0,4.7,79.26
52091,1303,2024-07-19,Volgograd Oblast,Volgograd,App,Marketplace,electronics,Laptop Lenovo IdeaPad,559.19,1,5,Card,3,0,4.9,559.19
52092,1139,2024-07-20,Irkutsk Oblast,Irkutsk,Web,Paid Search,auto,Car Vacuum,63.66,1,10,SBP,4,0,4.4,63.66
52093,1630,2024-07-21,Tyumen Oblast,Tyumen,App,Social,electronics,Smartphone Samsung,417.4,2,0,SBP,2,0,4.6,834.8
52094,1397,2024-07-22,Krasnoyarsk Krai,Krasnoyarsk,App,Marketplace,auto,Car Vacuum,50.49,1,20,Cash,1,0,5.0,50.49
52095,1170,2024-07-23,Irkutsk Oblast,Irkutsk,App,Paid Search,clothes,Zara Jacket,134.08,1,0,Cash,4,1,3.5,134.08
52096,1676,2024-07-24,Novosibirsk Oblast,Novosibirsk,Mobile,Social,electronics,Smartphone Samsung,359.63,1,18,SBP,4,0,4.5,359.63
52097,1413,2024-07-25,Irkutsk Oblast,Irkutsk,Web,Direct,beauty,Face Serum,44.06,1,18,Credit,4,1,3.7,44.06
52098,1391,2024-07-26,Saint Petersburg,Saint Petersburg,Web,Email,clothes,Basic T-Shirt,30.41,1,15,Cash,1,0,4.7,30.41
52099,1819,2024-07-27,Voronezh Oblast,Voronezh,App,Paid Search,electronics,Smartphone Samsung,382.16,2,18,SBP,2,1,4.0,764.32
52100,1076,2024-07-28,Kaliningrad Oblast,Kaliningrad,Web,Organic Search,beauty,Hair Dryer,68.72,2,3,Card,4,0,4.6,137.44
52101,1007,2024-01-01,Stavropol Krai,Stavropol,App,Organic Search,beauty,Perfume,104.83,3,15,Credit,2,0,4.5,314.49
52102,1752,2024-01-02,Tatarstan,Kazan,Mobile,Direct,electronics,Smart Watch,193.69,2,15,SBP,3,0,4.3,387.38
52103,1288,2024-01-03,Kemerovo Oblast,Kemerovo,Mobile,Marketplace,auto,Phone Holder,20.05,2,3,Card,4,0,4.5,40.1
52104,1652,2024-01-04,Sverdlovsk Oblast,Yekaterinburg,App,Paid Search,kids,Lego Set,98.44,3,5,Card,4,0,4.7,295.32
52105,1465,2024-01-05,Omsk Oblast,Omsk,App,Organic Search,books,Python Book,29.35,1,15,Card,4,0,4.1,29.35
52106,1783,2024-01-06,Nizhny Novgorod Oblast,Nizhny Novgorod,Web,Direct,clothes,Winter Hoodie,51.47,2,5,Cash,3,0,4.6,102.94
52107,1595,2024-01-07,Omsk Oblast,Omsk,Web,Direct,sports,Dumbbells Set,77.35,1,18,Credit,4,0,4.5,77.35
52108,1308,2024-01-08,Moscow,Moscow,App,Direct,clothes,Zara Jacket,171.4,3,10,Card,3,0,4.9,514.2
52109,1407,2024-01-09,Moscow,Moscow,App,Organic Search,books,Python Book,52.41,1,0,Cash,1,0,4.6,52.41
52110,1296,2024-01-10,Tatarstan,Kazan,App,Paid Search,clothes,Basic T-Shirt,28.46,1,15,Card,3,1,4.0,28.46
52111,1521,2024-01-11,Saint Petersburg,Saint Petersburg,Mobile,Organic Search,home,Desk Lamp,46.89,1,15,SBP,1,0,4.3,46.89
52112,1456,2024-01-12,Irkutsk Oblast,Irkutsk,Mobile,Email,electronics,Laptop Lenovo IdeaPad,684.44,1,20,Credit,3,0,4.7,684.44
52113,1076,2024-01-13,Udmurtia,Izhevsk,App,Social,books,Notebook Set,17.34,2,20,Credit,3,0,4.7,34.68
52114,1607,2024-01-14,Krasnodar Krai,Krasnodar,Web,Direct,clothes,Winter Hoodie,105.34,1,5,Credit,4,0,4.4,105.34
52115,1582,2024-01-15,Omsk Oblast,Omsk,App,Marketplace,home,Vacuum Cleaner,196.18,2,25,Card,4,1,3.7,392.36
52116,1598,2024-01-16,Chelyabinsk Oblast,Chelyabinsk,Web,Marketplace,kids,Lego Set,74.35,1,20,Cash,4,0,4.6,74.35
52117,1582,2024-01-17,Tyumen Oblast,Tyumen,App,Organic Search,clothes,Adidas Sneakers,138.94,1,10,SBP,2,0,4.7,138.94
52118,1386,2024-01-18,Udmurtia,Izhevsk,App,Organic Search,sports,Yoga Mat,34.32,3,15,SBP,4,0,4.1,102.96
52119,1591,2024-01-19,Volgograd Oblast,Volgograd,Mobile,Marketplace,home,Vacuum Cleaner,224.32,2,5,Cash,5,0,4.6,448.64
52120,1623,2024-01-20,Orenburg Oblast,Orenburg,Mobile,Organic Search,electronics,Smart Watch,183.37,1,10,Cash,3,0,4.7,183.37
52121,1310,2024-01-21,Krasnodar Krai,Krasnodar,App,Social,auto,Car Vacuum,45.67,1,10,Credit,4,0,4.4,45.67
52122,1257,2024-01-22,Sverdlovsk Oblast,Yekaterinburg,App,Social,books,Notebook Set,20.36,1,7,Cash,3,0,4.5,20.36
52123,1338,2024-01-23,Chelyabinsk Oblast,Chelyabinsk,Web,Organic Search,clothes,Basic T-Shirt,23.61,3,5,Card,4,0,4.8,70.83
52124,1335,2024-01-24,Krasnoyarsk Krai,Krasnoyarsk,Mobile,Direct,auto,Motor Oil,33.76,3,15,Credit,3,1,3.6,101.28
52125,1002,2024-01-25,Tatarstan,Kazan,App,Social,sports,Dumbbells Set,99.78,2,10,Card,4,0,4.8,199.56
52126,1726,2024-01-26,Volgograd Oblast,Volgograd,Web,Email,kids,Kids Backpack,34.54,4,15,Credit,2,0,4.4,138.16
52127,1423,2024-01-27,Chelyabinsk Oblast,Chelyabinsk,App,Social,electronics,Smartphone Samsung,434.93,1,18,SBP,5,0,4.3,434.93
52128,1539,2024-01-28,Perm Krai,Perm,Web,Email,kids,Lego Set,102.15,1,0,Credit,4,0,4.7,102.15
52129,1643,2024-01-29,Tomsk Oblast,Tomsk,App,Marketplace,home,Bed Linen Set,59.13,1,0,Credit,4,0,4.7,59.13
52130,1592,2024-01-30,Krasnoyarsk Krai,Krasnoyarsk,App,Marketplace,home,Vacuum Cleaner,221.44,2,7,Card,4,0,4.5,442.88
52131,1180,2024-01-31,Kaliningrad Oblast,Kaliningrad,Web,Social,clothes,Zara Jacket,121.09,1,18,Credit,4,0,4.1,121.09
52132,1780,2024-02-01,Altai Krai,Barnaul,Web,Paid Search,clothes,Winter Hoodie,66.19,2,0,SBP,4,0,4.6,132.38
52133,1119,2024-02-02,Samara Oblast,Samara,Web,Email,home,Desk Lamp,47.61,1,12,Card,2,0,4.6,47.61
52134,1720,2024-02-03,Nizhny Novgorod Oblast,Nizhny Novgorod,App,Organic Search,kids,Kids Backpack,32.41,1,5,SBP,2,0,4.7,32.41
52135,1101,2024-02-04,Krasnoyarsk Krai,Krasnoyarsk,Web,Organic Search,clothes,Basic T-Shirt,28.37,1,7,Cash,3,0,4.6,28.37
52136,1195,2024-02-05,Moscow,Moscow,Mobile,Email,clothes,Adidas Sneakers,141.54,1,12,SBP,1,0,4.9,141.54
52137,1816,2024-02-06,Irkutsk Oblast,Irkutsk,App,Social,home,Coffee Machine,143.56,1,7,Cash,4,0,4.2,143.56
52138,1076,2024-02-07,Krasnoyarsk Krai,Krasnoyarsk,Web,Social,books,Notebook Set,20.12,3,15,Card,4,0,4.8,60.36
52139,1107,2024-02-08,Chelyabinsk Oblast,Chelyabinsk,Mobile,Organic Search,clothes,Winter Hoodie,48.57,1,20,Card,2,0,4.8,48.57
52140,1150,2024-02-09,Rostov Oblast,Rostov-on-Don,Web,Email,sports,Running Shoes,129.13,1,7,Cash,3,0,5.0,129.13
52141,1208,2024-02-10,Saratov Oblast,Saratov,App,Email,home,Vacuum Cleaner,233.88,1,0,Card,4,0,4.3,233.88
52142,1024,2024-02-11,Rostov Oblast,Rostov-on-Don,Web,Social,clothes,Zara Jacket,142.3,1,3,SBP,3,0,4.7,142.3
52143,1068,2024-02-12,Krasnodar Krai,Sochi,Web,Direct,beauty,Hair Dryer,78.03,1,12,Cash,3,0,4.5,78.03
52144,1263,2024-02-13,Krasnoyarsk Krai,Krasnoyarsk,App,Direct,kids,Board Game,59.76,3,0,Cash,4,0,4.6,179.28
52145,1542,2024-02-14,Krasnodar Krai,Sochi,App,Direct,sports,Yoga Mat,30.31,4,0,Cash,3,0,4.7,121.24
52146,1446,2024-02-15,Moscow,Moscow,Web,Marketplace,clothes,Zara Jacket,134.96,1,25,Cash,1,1,4.0,134.96
52147,1572,2024-02-16,Kemerovo Oblast,Kemerovo,Mobile,Direct,auto,Car Vacuum,58.05,1,7,Credit,4,0,4.4,58.05
52148,1476,2024-02-17,Yaroslavl Oblast,Yaroslavl,App,Direct,clothes,Basic T-Shirt,22.89,1,20,Card,2,0,4.8,22.89
52149,1710,2024-02-18,Moscow,Moscow,App,Marketplace,clothes,Adidas Sneakers,191.12,2,7,Cash,1,0,4.9,382.24
52150,1426,2024-02-19,Irkutsk Oblast,Irkutsk,App,Direct,electronics,Smartphone Samsung,400.68,1,10,Card,4,0,4.2,400.68
52151,1050,2024-02-20,Yaroslavl Oblast,Yaroslavl,App,Email,clothes,Zara Jacket,138.01,2,12,SBP,4,0,4.8,276.02
52152,1509,2024-02-21,Irkutsk Oblast,Irkutsk,Mobile,Marketplace,books,Business Book,28.03,1,5,Credit,5,0,4.5,28.03
52153,1186,2024-02-22,Rostov Oblast,Rostov-on-Don,Web,Direct,auto,Phone Holder,24.16,3,15,Credit,3,0,4.5,72.48
52154,1822,2024-02-23,Omsk Oblast,Omsk,App,Email,clothes,Zara Jacket,99.99,1,0,Card,3,0,4.8,99.99
52155,1226,2024-02-24,Kaliningrad Oblast,Kaliningrad,App,Paid Search,kids,Toy Car,25.47,2,5,SBP,4,0,4.4,50.94
52156,1614,2024-02-25,Kaliningrad Oblast,Kaliningrad,Web,Social,sports,Running Shoes,133.89,1,15,Card,3,0,4.6,133.89
52157,1786,2024-02-26,Krasnodar Krai,Krasnodar,Mobile,Paid Search,clothes,Winter Hoodie,58.49,2,7,Card,4,0,4.5,116.98
52158,1172,2024-02-27,Tatarstan,Kazan,Web,Social,auto,Car Vacuum,68.81,3,0,Cash,2,0,4.2,206.43
52159,1134,2024-02-28,Krasnodar Krai,Krasnodar,App,Paid Search,kids,Kids Backpack,38.52,1,10,Cash,3,0,4.9,38.52
52160,1609,2024-02-29,Moscow,Moscow,App,Direct,clothes,Winter Hoodie,85.41,2,10,Cash,2,0,4.4,170.82
52161,1362,2024-03-01,Omsk Oblast,Omsk,Web,Direct,electronics,Wireless Headphones,102.87,1,10,Cash,2,0,4.7,102.87
52162,1583,2024-03-02,Irkutsk Oblast,Irkutsk,App,Direct,sports,Dumbbells Set,85.63,2,20,Card,3,1,4.0,171.26
52163,1474,2024-03-03,Saratov Oblast,Saratov,App,Social,electronics,Smartphone Samsung,422.02,2,20,SBP,3,0,4.5,844.04
52164,1292,2024-03-04,Kemerovo Oblast,Kemerovo,App,Direct,kids,Board Game,27.86,2,15,Cash,5,0,4.6,55.72
52165,1529,2024-03-05,Nizhny Novgorod Oblast,Nizhny Novgorod,Mobile,Direct,kids,Board Game,56.39,1,5,SBP,2,0,4.4,56.39
52166,1689,2024-03-06,Saratov Oblast,Saratov,App,Paid Search,clothes,Basic T-Shirt,26.4,1,10,Credit,3,0,4.9,26.4
52167,1454,2024-03-07,Perm Krai,Perm,App,Paid Search,sports,Bicycle Helmet,46.43,4,12,Card,1,0,4.7,185.72
52168,1521,2024-03-08,Orenburg Oblast,Orenburg,App,Organic Search,clothes,Winter Hoodie,50.05,1,3,Cash,3,1,3.6,50.05
52169,1568,2024-03-09,Tyumen Oblast,Tyumen,App,Marketplace,clothes,Zara Jacket,152.73,1,20,SBP,2,0,4.8,152.73
52170,1339,2024-03-10,Volgograd Oblast,Volgograd,App,Email,kids,Kids Backpack,40.09,1,3,Card,2,0,4.7,40.09
52171,1338,2024-03-11,Nizhny Novgorod Oblast,Nizhny Novgorod,App,Marketplace,clothes,Zara Jacket,106.24,1,5,Card,2,0,4.7,106.24
52172,1076,2024-03-12,Khabarovsk Krai,Khabarovsk,App,Social,home,Desk Lamp,47.63,1,25,Cash,5,0,4.4,47.63
52173,1679,2024-03-13,Voronezh Oblast,Voronezh,Mobile,Social,auto,Dash Camera,93.36,2,0,Card,3,0,4.9,186.72
52174,1243,2024-03-14,Saratov Oblast,Saratov,Web,Social,electronics,Laptop Lenovo IdeaPad,545.43,1,0,Card,4,0,4.2,545.43
52175,1053,2024-03-15,Bashkortostan,Ufa,App,Marketplace,sports,Running Shoes,108.53,3,5,Cash,2,0,5.0,325.59
52176,1500,2024-03-16,Voronezh Oblast,Voronezh,App,Organic Search,home,Desk Lamp,40.21,1,12,Credit,3,0,4.6,40.21
52177,1840,2024-03-17,Kemerovo Oblast,Kemerovo,App,Organic Search,auto,Car Vacuum,40.87,2,15,Cash,3,0,4.8,81.74
52178,1621,2024-03-18,Voronezh Oblast,Voronezh,App,Marketplace,auto,Car Vacuum,45.89,1,20,Card,2,0,4.5,45.89
52179,1627,2024-03-19,Voronezh Oblast,Voronezh,App,Marketplace,clothes,Winter Hoodie,50.48,1,0,Card,3,0,5.0,50.48
52180,1753,2024-03-20,Omsk Oblast,Omsk,Mobile,Direct,sports,Dumbbells Set,75.02,1,3,Card,4,0,4.9,75.02
52181,1573,2024-03-21,Yaroslavl Oblast,Yaroslavl,Web,Paid Search,clothes,Winter Hoodie,76.94,1,0,Cash,3,0,4.9,76.94
52182,1549,2024-03-22,Altai Krai,Barnaul,Web,Organic Search,electronics,Smartphone Samsung,429.26,2,5,Credit,3,0,4.5,858.52
52183,1172,2024-03-23,Orenburg Oblast,Orenburg,App,Email,electronics,Smartphone Samsung,345.64,1,12,Credit,3,0,4.1,345.64
52184,1427,2024-03-24,Khabarovsk Krai,Khabarovsk,App,Marketplace,beauty,Hair Dryer,73.15,1,15,Card,4,0,4.7,73.15
52185,1257,2024-03-25,Saratov Oblast,Saratov,App,Marketplace,sports,Running Shoes,116.36,4,3,Credit,2,0,4.7,465.44
52186,1445,2024-03-26,Chelyabinsk Oblast,Chelyabinsk,App,Direct,beauty,Hair Dryer,76.86,1,5,Card,2,1,4.0,76.86
52187,1411,2024-03-27,Krasnodar Krai,Sochi,Mobile,Email,auto,Motor Oil,46.46,1,15,Card,4,0,4.8,46.46
52188,1747,2024-03-28,Kaliningrad Oblast,Kaliningrad,App,Organic Search,clothes,Winter Hoodie,56.39,2,0,Credit,3,0,4.6,112.78
52189,1597,2024-03-29,Primorsky Krai,Vladivostok,App,Marketplace,beauty,Perfume,107.95,1,18,Cash,5,1,3.4,107.95
52190,1019,2024-03-30,Altai Krai,Barnaul,Web,Social,electronics,Smartphone Samsung,331.51,1,5,Card,3,0,4.6,331.51
52191,1106,2024-03-31,Khabarovsk Krai,Khabarovsk,Web,Paid Search,clothes,Adidas Sneakers,120.94,1,0,SBP,3,0,4.6,120.94
52192,1750,2024-04-01,Rostov Oblast,Rostov-on-Don,Web,Marketplace,electronics,Smart Watch,187.18,1,5,Credit,3,0,5.0,187.18
52193,1053,2024-04-02,Krasnoyarsk Krai,Krasnoyarsk,Web,Social,sports,Yoga Mat,33.09,1,0,Credit,5,0,4.5,33.09
52194,1781,2024-04-03,Saint Petersburg,Saint Petersburg,Web,Social,books,Notebook Set,16.47,1,0,Cash,1,0,4.4,16.47
52195,1664,2024-04-04,Kaliningrad Oblast,Kaliningrad,App,Direct,clothes,Zara Jacket,170.28,3,7,Credit,5,0,4.2,510.84
52196,1155,2024-04-05,Volgograd Oblast,Volgograd,Web,Paid Search,clothes,Adidas Sneakers,108.27,2,7,Credit,2,0,5.0,216.54
52197,1813,2024-04-06,Volgograd Oblast,Volgograd,Web,Email,clothes,Adidas Sneakers,91.58,1,5,SBP,3,1,3.7,91.58
52198,1623,2024-04-07,Tatarstan,Kazan,App,Paid Search,auto,Phone Holder,25.63,2,15,Credit,1,0,4.8,51.26
52199,1820,2024-04-08,Tyumen Oblast,Tyumen,Web,Direct,beauty,Makeup Palette,55.36,1,0,SBP,3,0,4.5,55.36
52200,1176,2024-04-09,Irkutsk Oblast,Irkutsk,App,Direct,home,Bed Linen Set,52.09,1,0,SBP,6,0,4.2,52.09
52201,1149,2024-04-10,Yaroslavl Oblast,Yaroslavl,App,Social,electronics,Wireless Headphones,86.54,1,7,Credit,3,0,4.8,86.54
52202,1435,2024-04-11,Yaroslavl Oblast,Yaroslavl,Mobile,Direct,clothes,Basic T-Shirt,44.86,1,12,SBP,4,0,4.6,44.86
52203,1667,2024-04-12,Krasnoyarsk Krai,Krasnoyarsk,App,Social,home,Vacuum Cleaner,240.22,1,3,SBP,4,0,4.3,240.22
52204,1138,2024-04-13,Kaliningrad Oblast,Kaliningrad,Mobile,Direct,auto,Car Vacuum,69.47,2,5,Card,2,0,5.0,138.94
52205,1145,2024-04-14,Perm Krai,Perm,Web,Email,books,Cookbook,26.29,3,7,Card,4,0,4.1,78.87
52206,1467,2024-04-15,Kemerovo Oblast,Kemerovo,App,Marketplace,kids,Board Game,25.58,1,5,Card,4,0,4.5,25.58
52207,1148,2024-04-16,Chelyabinsk Oblast,Chelyabinsk,Web,Email,kids,Board Game,24.35,1,10,Cash,2,0,4.6,24.35
52208,1338,2024-04-17,Voronezh Oblast,Voronezh,Web,Paid Search,sports,Dumbbells Set,82.03,1,10,SBP,2,0,4.7,82.03
52209,1219,2024-04-18,Altai Krai,Barnaul,Mobile,Email,beauty,Hair Dryer,59.34,1,25,Credit,3,0,4.4,59.34
52210,1256,2024-04-19,Altai Krai,Barnaul,Mobile,Organic Search,auto,Dash Camera,74.94,2,0,Card,3,0,4.5,149.88
52211,1072,2024-04-20,Krasnodar Krai,Krasnodar,Web,Paid Search,electronics,Wireless Headphones,89.33,1,7,SBP,3,1,3.7,89.33
52212,1629,2024-04-21,Voronezh Oblast,Voronezh,App,Email,beauty,Makeup Palette,46.64,3,20,SBP,3,0,4.6,139.92
52213,1451,2024-04-22,Irkutsk Oblast,Irkutsk,Mobile,Direct,electronics,Wireless Headphones,89.29,1,10,Cash,4,0,4.7,89.29
52214,1826,2024-04-23,Orenburg Oblast,Orenburg,App,Organic Search,auto,Motor Oil,40.56,1,18,Card,3,1,4.0,40.56
52215,1080,2024-04-24,Krasnodar Krai,Sochi,Web,Direct,clothes,Zara Jacket,144.11,1,7,SBP,3,0,4.6,144.11
52216,1030,2024-04-25,Kaliningrad Oblast,Kaliningrad,Web,Paid Search,auto,Dash Camera,96.59,1,7,Cash,3,0,4.5,96.59
52217,1629,2024-04-26,Saratov Oblast,Saratov,App,Direct,books,Business Book,32.04,1,10,SBP,3,0,4.7,32.04
52218,1249,2024-04-27,Tyumen Oblast,Tyumen,App,Paid Search,clothes,Adidas Sneakers,147.94,2,25,Card,3,1,3.9,295.88
52219,1018,2024-04-28,Volgograd Oblast,Volgograd,Web,Paid Search,home,Vacuum Cleaner,203.5,1,15,Cash,4,0,4.4,203.5
52220,1680,2024-04-29,Kemerovo Oblast,Kemerovo,Web,Social,sports,Dumbbells Set,66.06,2,7,SBP,3,0,4.8,132.12
52221,1082,2024-04-30,Rostov Oblast,Rostov-on-Don,Web,Direct,beauty,Makeup Palette,48.53,1,20,Card,2,0,4.7,48.53
52222,1351,2024-05-01,Voronezh Oblast,Voronezh,Web,Social,home,Vacuum Cleaner,212.46,2,15,Credit,4,0,4.4,424.92
52223,1482,2024-05-02,Rostov Oblast,Rostov-on-Don,Web,Organic Search,home,Vacuum Cleaner,207.62,1,3,Cash,3,0,4.9,207.62
52224,1727,2024-05-03,Saint Petersburg,Saint Petersburg,App,Marketplace,auto,Motor Oil,49.66,1,15,Cash,3,1,3.4,49.66
52225,1470,2024-05-04,Orenburg Oblast,Orenburg,App,Social,home,Vacuum Cleaner,180.01,1,15,Card,2,0,4.1,180.01
52226,1661,2024-05-05,Nizhny Novgorod Oblast,Nizhny Novgorod,App,Paid Search,electronics,Smart Watch,162.3,1,10,Credit,1,0,4.3,162.3
52227,1234,2024-05-06,Novosibirsk Oblast,Novosibirsk,App,Direct,beauty,Hair Dryer,68.02,1,20,Cash,3,0,5.0,68.02
52228,1434,2024-05-07,Rostov Oblast,Rostov-on-Don,Mobile,Email,clothes,Basic T-Shirt,23.44,1,7,Cash,3,0,4.6,23.44
52229,1569,2024-05-08,Novosibirsk Oblast,Novosibirsk,Mobile,Paid Search,clothes,Adidas Sneakers,138.41,1,0,SBP,3,1,4.2,138.41
52230,1094,2024-05-09,Sverdlovsk Oblast,Yekaterinburg,Mobile,Direct,electronics,Smartphone Samsung,405.1,1,0,Credit,4,0,4.8,405.1
52231,1120,2024-05-10,Krasnodar Krai,Sochi,App,Paid Search,beauty,Perfume,122.73,3,15,SBP,4,1,3.9,368.19
52232,1327,2024-05-11,Tomsk Oblast,Tomsk,App,Email,home,Bed Linen Set,52.17,1,12,Credit,3,0,4.7,52.17
52233,1027,2024-05-12,Bashkortostan,Ufa,App,Paid Search,clothes,Adidas Sneakers,123.36,3,5,SBP,2,0,4.9,370.08
52234,1294,2024-05-13,Perm Krai,Perm,Web,Organic Search,auto,Phone Holder,18.12,1,0,Card,1,0,4.6,18.12
52235,1685,2024-05-14,Primorsky Krai,Vladivostok,Mobile,Marketplace,home,Desk Lamp,41.56,2,5,Cash,5,0,4.3,83.12
52236,1303,2024-05-15,Udmurtia,Izhevsk,Web,Direct,kids,Toy Car,25.64,2,0,SBP,4,0,4.3,51.28
52237,1561,2024-05-16,Krasnodar Krai,Sochi,App,Marketplace,electronics,Smartphone Samsung,407.24,2,18,Cash,3,0,4.7,814.48
52238,1293,2024-05-17,Nizhny Novgorod Oblast,Nizhny Novgorod,Web,Social,auto,Phone Holder,23.62,2,0,Card,4,0,5.0,47.24
52239,1843,2024-05-18,Yaroslavl Oblast,Yaroslavl,Mobile,Organic Search,clothes,Zara Jacket,113.38,2,0,Card,2,0,4.8,226.76
52240,1140,2024-05-19,Bashkortostan,Ufa,App,Paid Search,clothes,Zara Jacket,117.71,2,5,Cash,4,0,4.2,235.42
52241,1239,2024-05-20,Altai Krai,Barnaul,App,Direct,electronics,Wireless Headphones,87.99,3,15,SBP,4,0,4.7,263.97
52242,1191,2024-05-21,Orenburg Oblast,Orenburg,App,Email,beauty,Hair Dryer,59.62,1,12,Credit,4,0,4.4,59.62
52243,1041,2024-05-22,Novosibirsk Oblast,Novosibirsk,App,Direct,home,Vacuum Cleaner,185.5,1,18,Card,3,0,4.4,185.5
52244,1423,2024-05-23,Nizhny Novgorod Oblast,Nizhny Novgorod,Web,Email,clothes,Adidas Sneakers,123.57,1,10,SBP,2,0,4.6,123.57
52245,1576,2024-05-24,Orenburg Oblast,Orenburg,App,Paid Search,sports,Yoga Mat,26.77,1,10,Cash,4,0,4.6,26.77
52246,1071,2024-05-25,Krasnodar Krai,Krasnodar,App,Organic Search,sports,Yoga Mat,40.46,1,25,Credit,4,0,4.5,40.46
52247,1115,2024-05-26,Tatarstan,Kazan,Web,Paid Search,electronics,Smartphone Samsung,376.64,1,15,Cash,2,0,4.8,376.64
52248,1487,2024-05-27,Yaroslavl Oblast,Yaroslavl,App,Email,home,Vacuum Cleaner,186.42,1,7,Credit,3,0,4.6,186.42
52249,1121,2024-05-28,Bashkortostan,Ufa,App,Marketplace,electronics,Smart Watch,134.44,2,0,Credit,4,0,4.6,268.88
52250,1707,2024-05-29,Moscow,Moscow,Mobile,Paid Search,books,Notebook Set,23.91,4,12,Credit,2,0,4.6,95.64
52251,1623,2024-05-30,Kemerovo Oblast,Kemerovo,Web,Paid Search,auto,Phone Holder,21.09,1,7,SBP,4,0,4.5,21.09
52252,1761,2024-05-31,Tyumen Oblast,Tyumen,App,Paid Search,auto,Motor Oil,39.74,4,3,SBP,3,0,4.6,158.96
52253,1346,2024-06-01,Irkutsk Oblast,Irkutsk,Web,Direct,books,Python Book,51.87,1,3,Credit,4,0,4.6,51.87
52254,1333,2024-06-02,Nizhny Novgorod Oblast,Nizhny Novgorod,Web,Marketplace,home,Vacuum Cleaner,181.67,1,0,Cash,2,0,4.6,181.67
52255,1220,2024-06-03,Volgograd Oblast,Volgograd,Web,Social,sports,Running Shoes,103.44,1,15,SBP,5,0,4.1,103.44
52256,1247,2024-06-04,Irkutsk Oblast,Irkutsk,App,Paid Search,books,Business Book,29.39,2,3,Card,5,0,4.1,58.78
52257,1273,2024-06-05,Saint Petersburg,Saint Petersburg,App,Organic Search,home,Vacuum Cleaner,224.74,1,15,Card,1,0,4.6,224.74
52258,1367,2024-06-06,Tyumen Oblast,Tyumen,App,Organic Search,home,Coffee Machine,149.04,1,0,SBP,2,0,4.7,149.04
52259,1071,2024-06-07,Moscow,Moscow,Web,Social,beauty,Face Serum,41.53,1,10,Card,1,0,4.3,41.53
52260,1023,2024-06-08,Voronezh Oblast,Voronezh,App,Organic Search,beauty,Face Serum,42.6,2,0,SBP,2,0,4.6,85.2
52261,1798,2024-06-09,Perm Krai,Perm,App,Social,sports,Running Shoes,133.34,1,20,Cash,2,0,4.9,133.34
52262,1691,2024-06-10,Chelyabinsk Oblast,Chelyabinsk,Web,Email,beauty,Hair Dryer,62.39,1,12,Credit,3,0,4.8,62.39
52263,1226,2024-06-11,Orenburg Oblast,Orenburg,App,Direct,sports,Bicycle Helmet,55.72,3,10,Credit,4,0,4.7,167.16
52264,1238,2024-06-12,Orenburg Oblast,Orenburg,Web,Marketplace,clothes,Adidas Sneakers,92.52,3,7,SBP,4,0,4.4,277.56
52265,1588,2024-06-13,Volgograd Oblast,Volgograd,Mobile,Social,kids,Lego Set,94.87,1,15,Card,3,0,4.7,94.87
52266,1282,2024-06-14,Voronezh Oblast,Voronezh,App,Direct,clothes,Adidas Sneakers,93.2,2,3,SBP,4,1,3.5,186.4
52267,1727,2024-06-15,Primorsky Krai,Vladivostok,Web,Direct,home,Bed Linen Set,49.86,2,20,Card,4,0,4.8,99.72
52268,1713,2024-06-16,Nizhny Novgorod Oblast,Nizhny Novgorod,App,Paid Search,books,Cookbook,26.41,1,0,SBP,4,0,4.7,26.41
52269,1458,2024-06-17,Kemerovo Oblast,Kemerovo,App,Paid Search,sports,Dumbbells Set,92.06,3,18,Cash,5,1,3.4,276.18
52270,1433,2024-06-18,Samara Oblast,Samara,Web,Social,home,Desk Lamp,43.87,2,15,SBP,2,0,4.4,87.74
52271,1700,2024-06-19,Stavropol Krai,Stavropol,Web,Marketplace,kids,Toy Car,26.97,1,7,SBP,1,0,4.8,26.97
52272,1289,2024-06-20,Saratov Oblast,Saratov,App,Direct,clothes,Winter Hoodie,65.8,2,18,Card,3,0,4.1,131.6
52273,1834,2024-06-21,Kaliningrad Oblast,Kaliningrad,App,Marketplace,auto,Dash Camera,120.26,2,5,Cash,3,0,4.8,240.52
52274,1142,2024-06-22,Saratov Oblast,Saratov,Web,Organic Search,home,Vacuum Cleaner,213.92,2,10,Credit,2,1,3.8,427.84
52275,1538,2024-06-23,Altai Krai,Barnaul,Web,Marketplace,sports,Running Shoes,105.75,1,10,Credit,5,1,3.4,105.75
52276,1264,2024-06-24,Saint Petersburg,Saint Petersburg,App,Marketplace,clothes,Adidas Sneakers,157.46,1,0,SBP,1,0,4.7,157.46
52277,1502,2024-06-25,Tyumen Oblast,Tyumen,Mobile,Paid Search,clothes,Basic T-Shirt,32.2,2,7,Cash,3,0,4.5,64.4
52278,1470,2024-06-26,Yaroslavl Oblast,Yaroslavl,Mobile,Email,books,Cookbook,21.01,2,25,Card,1,0,4.5,42.02
52279,1564,2024-06-27,Saint Petersburg,Saint Petersburg,Web,Social,beauty,Face Serum,38.53,1,0,Cash,1,0,4.3,38.53
52280,1209,2024-06-28,Udmurtia,Izhevsk,Web,Paid Search,electronics,Smart Watch,121.73,1,12,Cash,4,0,4.7,121.73
52281,1194,2024-06-29,Tomsk Oblast,Tomsk,App,Organic Search,clothes,Adidas Sneakers,105.28,2,0,Credit,5,0,4.6,210.56
52282,1446,2024-06-30,Moscow,Moscow,App,Email,books,Python Book,47.16,1,10,Cash,1,0,4.2,47.16
52283,1451,2024-07-01,Rostov Oblast,Rostov-on-Don,Web,Paid Search,electronics,Laptop Lenovo IdeaPad,634.88,1,12,Credit,3,0,4.4,634.88
52284,1370,2024-07-02,Stavropol Krai,Stavropol,App,Organic Search,clothes,Winter Hoodie,68.03,1,5,SBP,3,0,4.8,68.03
52285,1342,2024-07-03,Tatarstan,Kazan,App,Organic Search,kids,Kids Backpack,45.5,1,5,Cash,3,0,4.3,45.5
52286,1262,2024-07-04,Udmurtia,Izhevsk,App,Email,electronics,Smartphone Samsung,381.9,1,3,SBP,4,0,4.3,381.9
52287,1795,2024-07-05,Rostov Oblast,Rostov-on-Don,Mobile,Email,auto,Dash Camera,84.04,2,0,Card,5,0,4.4,168.08
52288,1572,2024-07-06,Yaroslavl Oblast,Yaroslavl,App,Paid Search,sports,Running Shoes,108.06,1,7,Cash,2,0,4.7,108.06
52289,1505,2024-07-07,Chelyabinsk Oblast,Chelyabinsk,App,Social,kids,Lego Set,94.97,1,20,Credit,1,0,4.9,94.97
52290,1834,2024-07-08,Novosibirsk Oblast,Novosibirsk,App,Paid Search,home,Desk Lamp,51.09,1,20,Cash,2,0,4.6,51.09
52291,1557,2024-07-09,Chelyabinsk Oblast,Chelyabinsk,App,Paid Search,clothes,Zara Jacket,183.98,2,15,SBP,3,1,3.6,367.96
52292,1642,2024-07-10,Krasnodar Krai,Sochi,Mobile,Direct,clothes,Adidas Sneakers,115.44,1,3,Cash,4,1,3.7,115.44
52293,1607,2024-07-11,Primorsky Krai,Vladivostok,Web,Direct,home,Bed Linen Set,52.7,3,10,SBP,6,0,4.3,158.1
52294,1366,2024-07-12,Udmurtia,Izhevsk,App,Organic Search,auto,Car Vacuum,52.47,1,25,SBP,3,0,4.5,52.47
52295,1731,2024-07-13,Nizhny Novgorod Oblast,Nizhny Novgorod,App,Organic Search,kids,Kids Backpack,38.4,1,10,Cash,3,0,4.8,38.4
52296,1651,2024-07-14,Saratov Oblast,Saratov,Web,Paid Search,books,Business Book,26.39,1,5,Card,4,0,4.5,26.39
52297,1523,2024-07-15,Novosibirsk Oblast,Novosibirsk,Mobile,Marketplace,clothes,Winter Hoodie,70.55,2,0,SBP,3,1,4.0,141.1
52298,1755,2024-07-16,Udmurtia,Izhevsk,Mobile,Social,clothes,Winter Hoodie,66.09,2,0,Credit,4,0,4.5,132.18
52299,1439,2024-07-17,Saratov Oblast,Saratov,App,Organic Search,clothes,Basic T-Shirt,21.62,1,0,Cash,3,0,4.9,21.62
52300,1361,2024-07-18,Krasnodar Krai,Sochi,Web,Direct,beauty,Hair Dryer,143.01,1,0,Credit,3,1,3.9,143.01
52301,1570,2024-07-19,Novosibirsk Oblast,Novosibirsk,App,Paid Search,auto,Motor Oil,45.27,1,3,SBP,2,1,4.2,45.27
52302,1757,2024-07-20,Perm Krai,Perm,App,Organic Search,kids,Board Game,33.43,1,7,Card,3,1,3.9,33.43
52303,1738,2024-07-21,Moscow,Moscow,Mobile,Organic Search,clothes,Winter Hoodie,83.22,2,0,Cash,1,0,4.3,166.44
52304,1127,2024-07-22,Rostov Oblast,Rostov-on-Don,App,Paid Search,auto,Phone Holder,21.33,1,0,Card,3,0,4.6,21.33
52305,1793,2024-07-23,Krasnoyarsk Krai,Krasnoyarsk,App,Marketplace,electronics,Smart Watch,130.08,4,15,Cash,3,0,4.7,520.32
52306,1203,2024-07-24,Volgograd Oblast,Volgograd,Web,Marketplace,beauty,Hair Dryer,80.45,4,15,Credit,3,1,3.6,321.8
52307,1733,2024-07-25,Krasnodar Krai,Krasnodar,Mobile,Marketplace,auto,Dash Camera,104.11,3,0,SBP,2,0,5.0,312.33
52308,1806,2024-07-26,Voronezh Oblast,Voronezh,App,Organic Search,sports,Running Shoes,126.53,3,10,SBP,3,0,4.2,379.59
52309,1454,2024-07-27,Krasnodar Krai,Sochi,Web,Organic Search,beauty,Face Serum,41.18,1,3,Card,1,0,4.5,41.18
52310,1405,2024-07-28,Khabarovsk Krai,Khabarovsk,Mobile,Social,beauty,Perfume,98.87,1,15,Cash,3,0,4.6,98.87
52311,1272,2024-01-01,Yaroslavl Oblast,Yaroslavl,App,Paid Search,sports,Yoga Mat,38.16,2,5,Cash,2,0,4.8,76.32
52312,1241,2024-01-02,Nizhny Novgorod Oblast,Nizhny Novgorod,App,Paid Search,kids,Kids Backpack,34.58,4,3,Credit,3,1,4.0,138.32
52313,1266,2024-01-03,Tatarstan,Kazan,App,Social,electronics,Laptop Lenovo IdeaPad,731.64,1,20,Credit,2,0,4.6,731.64
52314,1697,2024-01-04,Samara Oblast,Samara,Web,Direct,beauty,Face Serum,37.2,1,5,Credit,3,0,4.6,37.2
52315,1310,2024-01-05,Kaliningrad Oblast,Kaliningrad,Web,Organic Search,home,Desk Lamp,49.79,2,10,Card,4,0,4.5,99.58
52316,1324,2024-01-06,Perm Krai,Perm,App,Social,beauty,Perfume,86.37,2,12,Card,5,0,4.4,172.74
52317,1363,2024-01-07,Udmurtia,Izhevsk,Web,Organic Search,books,Business Book,23.52,1,18,Credit,4,0,4.5,23.52
52318,1195,2024-01-08,Krasnodar Krai,Krasnodar,Mobile,Paid Search,auto,Car Vacuum,46.37,2,0,Credit,2,0,4.9,92.74
52319,1546,2024-01-09,Saratov Oblast,Saratov,App,Social,kids,Board Game,27.11,2,15,Credit,2,0,4.4,54.22
52320,1572,2024-01-10,Tatarstan,Kazan,App,Direct,beauty,Makeup Palette,47.98,1,0,SBP,3,0,4.4,47.98
52321,1139,2024-01-11,Moscow,Moscow,Web,Direct,beauty,Face Serum,39.66,1,0,Card,2,0,4.5,39.66
52322,1570,2024-01-12,Khabarovsk Krai,Khabarovsk,App,Direct,books,Cookbook,29.78,1,12,SBP,5,0,4.3,29.78
52323,1759,2024-01-13,Tyumen Oblast,Tyumen,App,Direct,electronics,Smart Watch,165.18,2,18,Cash,5,0,4.3,330.36
52324,1568,2024-01-14,Yaroslavl Oblast,Yaroslavl,Mobile,Organic Search,electronics,Smartphone Samsung,436.52,1,7,Credit,2,1,3.9,436.52
52325,1227,2024-01-15,Saint Petersburg,Saint Petersburg,Web,Direct,books,Python Book,47.2,2,10,Cash,2,0,5.0,94.4
52326,1292,2024-01-16,Saint Petersburg,Saint Petersburg,Web,Marketplace,home,Desk Lamp,47.74,2,0,SBP,1,0,4.7,95.48
52327,1353,2024-01-17,Krasnoyarsk Krai,Krasnoyarsk,Web,Paid Search,sports,Bicycle Helmet,56.85,1,7,Cash,2,0,4.5,56.85
52328,1260,2024-01-18,Tatarstan,Kazan,Web,Organic Search,electronics,Laptop Lenovo IdeaPad,604.02,2,15,SBP,4,0,4.4,1208.04
52329,1280,2024-01-19,Yaroslavl Oblast,Yaroslavl,Web,Paid Search,kids,Toy Car,25.41,1,0,Credit,4,0,4.6,25.41
52330,1036,2024-01-20,Khabarovsk Krai,Khabarovsk,Web,Social,sports,Running Shoes,100.2,1,15,Credit,4,0,4.1,100.2
52331,1499,2024-01-21,Tomsk Oblast,Tomsk,App,Organic Search,electronics,Smart Watch,150.63,2,10,SBP,4,0,4.4,301.26
52332,1442,2024-01-22,Krasnodar Krai,Sochi,App,Email,clothes,Adidas Sneakers,140.1,1,5,Cash,6,0,3.9,140.1
52333,1508,2024-01-23,Perm Krai,Perm,App,Organic Search,books,Cookbook,24.23,2,3,Cash,5,0,4.7,48.46
52334,1397,2024-01-24,Irkutsk Oblast,Irkutsk,App,Social,auto,Motor Oil,43.39,1,10,Cash,6,0,4.3,43.39
52335,1277,2024-01-25,Krasnoyarsk Krai,Krasnoyarsk,App,Organic Search,books,Notebook Set,17.33,1,7,Credit,4,0,4.3,17.33
52336,1065,2024-01-26,Altai Krai,Barnaul,App,Direct,beauty,Makeup Palette,34.55,1,10,SBP,2,1,3.9,34.55
52337,1035,2024-01-27,Tomsk Oblast,Tomsk,App,Marketplace,auto,Phone Holder,25.1,1,20,Card,3,0,4.8,25.1
52338,1750,2024-01-28,Irkutsk Oblast,Irkutsk,Web,Direct,sports,Running Shoes,114.42,3,0,Cash,4,0,4.5,343.26
52339,1153,2024-01-29,Perm Krai,Perm,App,Direct,home,Coffee Machine,150.99,1,5,Cash,5,0,4.3,150.99
52340,1834,2024-01-30,Krasnodar Krai,Sochi,App,Direct,electronics,Laptop Lenovo IdeaPad,926.08,1,20,SBP,4,1,3.7,926.08
52341,1698,2024-01-31,Stavropol Krai,Stavropol,App,Direct,clothes,Basic T-Shirt,27.73,2,10,Credit,3,0,5.0,55.46
52342,1638,2024-02-01,Altai Krai,Barnaul,Web,Social,books,Business Book,21.41,3,7,Card,3,0,4.6,64.23
52343,1773,2024-02-02,Irkutsk Oblast,Irkutsk,Mobile,Marketplace,electronics,Laptop Lenovo IdeaPad,731.35,1,25,Credit,3,0,4.9,731.35
52344,1515,2024-02-03,Orenburg Oblast,Orenburg,App,Organic Search,home,Desk Lamp,38.59,3,5,Cash,4,0,4.6,115.77
52345,1540,2024-02-04,Sverdlovsk Oblast,Yekaterinburg,Web,Email,kids,Toy Car,23.54,1,10,Cash,3,0,4.8,23.54
52346,1452,2024-02-05,Primorsky Krai,Vladivostok,Mobile,Social,electronics,Laptop Lenovo IdeaPad,719.82,2,3,Credit,5,0,4.4,1439.64
52347,1682,2024-02-06,Chelyabinsk Oblast,Chelyabinsk,Web,Paid Search,sports,Dumbbells Set,68.34,1,5,Cash,3,1,3.7,68.34
52348,1727,2024-02-07,Saint Petersburg,Saint Petersburg,App,Marketplace,clothes,Adidas Sneakers,152.34,3,10,Cash,1,0,4.6,457.02
52349,1825,2024-02-08,Tyumen Oblast,Tyumen,App,Social,electronics,Laptop Lenovo IdeaPad,845.95,1,20,Credit,3,1,4.2,845.95
52350,1071,2024-02-09,Tatarstan,Kazan,App,Paid Search,home,Desk Lamp,49.32,3,5,Credit,2,0,4.7,147.96
52351,1026,2024-02-10,Krasnodar Krai,Krasnodar,App,Email,books,Cookbook,28.62,3,0,Card,2,1,4.0,85.86
52352,1071,2024-02-11,Yaroslavl Oblast,Yaroslavl,App,Social,home,Desk Lamp,42.77,2,10,Card,2,0,4.9,85.54
52353,1468,2024-02-12,Tomsk Oblast,Tomsk,App,Marketplace,auto,Motor Oil,47.72,1,5,Credit,3,0,4.5,47.72
52354,1571,2024-02-13,Stavropol Krai,Stavropol,App,Social,home,Vacuum Cleaner,361.3,1,0,Card,4,0,4.9,361.3
52355,1569,2024-02-14,Stavropol Krai,Stavropol,App,Email,books,Python Book,39.76,2,18,Credit,4,0,4.3,79.52
52356,1461,2024-02-15,Nizhny Novgorod Oblast,Nizhny Novgorod,App,Organic Search,beauty,Makeup Palette,36.12,1,25,Credit,3,1,3.7,36.12
52357,1551,2024-02-16,Kaliningrad Oblast,Kaliningrad,App,Email,electronics,Smartphone Samsung,524.5,1,10,Cash,5,0,4.2,524.5
52358,1369,2024-02-17,Chelyabinsk Oblast,Chelyabinsk,Web,Email,beauty,Hair Dryer,66.19,1,3,Credit,4,0,4.1,66.19
52359,1670,2024-02-18,Khabarovsk Krai,Khabarovsk,Mobile,Organic Search,electronics,Laptop Lenovo IdeaPad,805.82,1,10,SBP,5,0,4.4,805.82
52360,1268,2024-02-19,Sverdlovsk Oblast,Yekaterinburg,Web,Paid Search,auto,Dash Camera,84.0,2,25,Cash,3,1,3.7,168.0
52361,1386,2024-02-20,Krasnodar Krai,Krasnodar,Web,Organic Search,electronics,Smart Watch,168.65,2,0,SBP,1,0,4.5,337.3
52362,1587,2024-02-21,Saratov Oblast,Saratov,App,Organic Search,auto,Car Vacuum,56.32,3,15,SBP,4,0,4.2,168.96
52363,1501,2024-02-22,Rostov Oblast,Rostov-on-Don,App,Email,electronics,Smartphone Samsung,498.24,2,3,Credit,3,0,4.5,996.48
52364,1610,2024-02-23,Omsk Oblast,Omsk,App,Social,sports,Dumbbells Set,80.98,1,0,Card,4,0,4.4,80.98
52365,1696,2024-02-24,Khabarovsk Krai,Khabarovsk,Mobile,Marketplace,sports,Bicycle Helmet,55.62,1,10,Credit,5,0,4.5,55.62
52366,1768,2024-02-25,Kemerovo Oblast,Kemerovo,Mobile,Direct,sports,Running Shoes,90.26,1,5,Cash,4,0,4.5,90.26
52367,1394,2024-02-26,Voronezh Oblast,Voronezh,Web,Direct,auto,Motor Oil,35.46,1,0,SBP,2,0,4.1,35.46
52368,1028,2024-02-27,Tomsk Oblast,Tomsk,App,Marketplace,beauty,Face Serum,44.0,1,0,Credit,5,0,4.4,44.0
52369,1470,2024-02-28,Omsk Oblast,Omsk,App,Email,clothes,Winter Hoodie,56.6,1,12,Cash,5,0,4.7,56.6
52370,1107,2024-02-29,Voronezh Oblast,Voronezh,App,Paid Search,home,Vacuum Cleaner,225.64,1,0,SBP,3,0,4.9,225.64
52371,1478,2024-03-01,Bashkortostan,Ufa,Web,Email,auto,Motor Oil,44.51,1,0,Credit,2,0,4.9,44.51
52372,1704,2024-03-02,Sverdlovsk Oblast,Yekaterinburg,Web,Organic Search,clothes,Zara Jacket,110.06,1,5,Credit,1,0,4.6,110.06
52373,1301,2024-03-03,Udmurtia,Izhevsk,Web,Organic Search,electronics,Wireless Headphones,77.31,1,20,Cash,4,0,4.2,77.31
52374,1360,2024-03-04,Kaliningrad Oblast,Kaliningrad,App,Organic Search,auto,Motor Oil,36.57,1,7,Credit,3,0,4.7,36.57
52375,1081,2024-03-05,Orenburg Oblast,Orenburg,Web,Paid Search,books,Cookbook,21.99,1,3,SBP,3,0,4.6,21.99
52376,1454,2024-03-06,Bashkortostan,Ufa,App,Organic Search,books,Business Book,33.09,2,12,Credit,3,0,4.7,66.18
52377,1028,2024-03-07,Rostov Oblast,Rostov-on-Don,Web,Social,clothes,Basic T-Shirt,27.59,1,5,Cash,3,0,5.0,27.59
52378,1413,2024-03-08,Omsk Oblast,Omsk,App,Direct,books,Cookbook,24.72,1,3,Cash,4,0,4.9,24.72
52379,1470,2024-03-09,Rostov Oblast,Rostov-on-Don,App,Paid Search,kids,Lego Set,82.75,1,12,Cash,3,0,5.0,82.75
52380,1822,2024-03-10,Saint Petersburg,Saint Petersburg,App,Direct,auto,Dash Camera,117.37,1,25,Cash,2,1,4.0,117.37
52381,1709,2024-03-11,Voronezh Oblast,Voronezh,Mobile,Organic Search,sports,Yoga Mat,34.32,1,5,Credit,2,0,4.8,34.32
52382,1055,2024-03-12,Kemerovo Oblast,Kemerovo,App,Email,sports,Bicycle Helmet,55.51,2,10,SBP,4,0,4.7,111.02
52383,1402,2024-03-13,Tomsk Oblast,Tomsk,Mobile,Direct,books,Python Book,32.82,1,15,SBP,5,0,4.7,32.82
52384,1330,2024-03-14,Irkutsk Oblast,Irkutsk,App,Marketplace,home,Bed Linen Set,56.63,4,18,Credit,4,0,4.5,226.52
52385,1703,2024-03-15,Kemerovo Oblast,Kemerovo,Web,Organic Search,clothes,Adidas Sneakers,109.41,1,20,Cash,5,0,4.2,109.41
52386,1555,2024-03-16,Voronezh Oblast,Voronezh,App,Organic Search,electronics,Smart Watch,175.81,1,7,Card,1,0,4.7,175.81
52387,1603,2024-03-17,Rostov Oblast,Rostov-on-Don,Mobile,Organic Search,clothes,Zara Jacket,150.69,1,0,SBP,2,0,4.7,150.69
52388,1593,2024-03-18,Volgograd Oblast,Volgograd,Mobile,Email,electronics,Smartphone Samsung,407.17,1,5,Card,3,1,3.5,407.17
52389,1661,2024-03-19,Udmurtia,Izhevsk,Web,Social,electronics,Smart Watch,186.05,1,0,SBP,3,0,4.7,186.05
52390,1676,2024-03-20,Omsk Oblast,Omsk,App,Email,beauty,Hair Dryer,75.06,1,15,SBP,2,0,4.7,75.06
52391,1519,2024-03-21,Kaliningrad Oblast,Kaliningrad,Mobile,Paid Search,clothes,Adidas Sneakers,109.36,1,0,Cash,4,0,4.7,109.36
52392,1268,2024-03-22,Orenburg Oblast,Orenburg,Web,Social,clothes,Winter Hoodie,53.77,1,15,SBP,3,0,4.9,53.77
52393,1731,2024-03-23,Altai Krai,Barnaul,Mobile,Paid Search,electronics,Wireless Headphones,76.12,1,10,SBP,2,0,4.8,76.12
52394,1391,2024-03-24,Krasnodar Krai,Sochi,App,Social,sports,Bicycle Helmet,49.8,2,18,Cash,2,0,4.5,99.6
52395,1121,2024-03-25,Novosibirsk Oblast,Novosibirsk,Mobile,Social,electronics,Smartphone Samsung,506.05,1,0,SBP,3,0,4.9,506.05
52396,1572,2024-03-26,Samara Oblast,Samara,Web,Marketplace,books,Python Book,38.77,1,0,SBP,4,0,4.5,38.77
52397,1057,2024-03-27,Moscow,Moscow,App,Marketplace,electronics,Smartphone Samsung,617.96,1,25,SBP,3,1,3.5,617.96
52398,1845,2024-03-28,Irkutsk Oblast,Irkutsk,Web,Direct,books,Python Book,45.0,1,12,Credit,4,0,4.8,45.0
52399,1384,2024-03-29,Krasnoyarsk Krai,Krasnoyarsk,Web,Paid Search,sports,Yoga Mat,40.49,2,5,Card,4,0,4.4,80.98
52400,1517,2024-03-30,Primorsky Krai,Vladivostok,Web,Email,electronics,Smartphone Samsung,510.33,1,5,SBP,5,0,4.5,510.33
52401,1055,2024-03-31,Rostov Oblast,Rostov-on-Don,Web,Marketplace,books,Cookbook,22.95,1,12,Card,3,1,4.1,22.95
52402,1568,2024-04-01,Khabarovsk Krai,Khabarovsk,Web,Social,sports,Running Shoes,136.19,1,15,SBP,6,0,4.3,136.19
52403,1423,2024-04-02,Khabarovsk Krai,Khabarovsk,Web,Paid Search,kids,Board Game,33.53,1,12,SBP,6,1,3.6,33.53
52404,1338,2024-04-03,Bashkortostan,Ufa,App,Social,kids,Kids Backpack,35.35,1,15,SBP,3,0,4.7,35.35
52405,1152,2024-04-04,Omsk Oblast,Omsk,Web,Organic Search,kids,Toy Car,20.18,1,5,SBP,3,0,4.5,20.18
52406,1318,2024-04-05,Yaroslavl Oblast,Yaroslavl,App,Organic Search,clothes,Zara Jacket,171.06,1,5,Credit,1,0,5.0,171.06
52407,1227,2024-04-06,Omsk Oblast,Omsk,App,Email,auto,Car Vacuum,44.7,2,12,SBP,3,0,4.7,89.4
52408,1157,2024-04-07,Altai Krai,Barnaul,Web,Organic Search,electronics,Smartphone Samsung,381.29,2,5,Credit,4,0,4.6,762.58
52409,1653,2024-04-08,Krasnodar Krai,Sochi,App,Direct,clothes,Winter Hoodie,84.02,3,12,Card,3,0,4.7,252.06
52410,1126,2024-04-09,Saint Petersburg,Saint Petersburg,App,Email,sports,Running Shoes,149.52,1,5,Credit,3,0,4.2,149.52
52411,1777,2024-04-10,Primorsky Krai,Vladivostok,App,Marketplace,auto,Phone Holder,23.41,2,7,Card,6,0,4.4,46.82
52412,1163,2024-04-11,Nizhny Novgorod Oblast,Nizhny Novgorod,App,Organic Search,auto,Car Vacuum,82.66,1,5,Card,2,0,4.9,82.66
52413,1697,2024-04-12,Saratov Oblast,Saratov,Web,Email,clothes,Winter Hoodie,57.32,1,20,Credit,3,1,3.8,57.32
52414,1178,2024-04-13,Saint Petersburg,Saint Petersburg,Web,Direct,beauty,Hair Dryer,141.85,2,3,Card,2,0,4.7,283.7
52415,1190,2024-04-14,Rostov Oblast,Rostov-on-Don,App,Marketplace,sports,Bicycle Helmet,44.92,1,3,Card,2,0,4.6,44.92
52416,1291,2024-04-15,Volgograd Oblast,Volgograd,Web,Marketplace,clothes,Zara Jacket,120.55,2,20,Credit,2,0,4.5,241.1
52417,1525,2024-04-16,Irkutsk Oblast,Irkutsk,Web,Organic Search,electronics,Smart Watch,152.03,1,15,Card,4,0,4.5,152.03
52418,1785,2024-04-17,Rostov Oblast,Rostov-on-Don,App,Organic Search,home,Bed Linen Set,52.16,1,5,Cash,4,0,4.6,52.16
52419,1280,2024-04-18,Udmurtia,Izhevsk,App,Organic Search,beauty,Makeup Palette,43.31,1,12,Cash,2,0,4.6,43.31
52420,1095,2024-04-19,Nizhny Novgorod Oblast,Nizhny Novgorod,Web,Social,sports,Dumbbells Set,99.89,2,3,SBP,3,0,4.4,199.78
52421,1569,2024-04-20,Perm Krai,Perm,App,Email,books,Notebook Set,15.27,3,10,Credit,4,1,3.5,45.81
52422,1801,2024-04-21,Samara Oblast,Samara,App,Marketplace,kids,Toy Car,29.13,3,0,Cash,3,0,4.6,87.39
52423,1055,2024-04-22,Novosibirsk Oblast,Novosibirsk,App,Paid Search,clothes,Zara Jacket,133.39,1,7,Credit,3,0,5.0,133.39
52424,1807,2024-04-23,Volgograd Oblast,Volgograd,App,Organic Search,clothes,Zara Jacket,144.28,4,20,SBP,2,0,4.7,577.12
52425,1576,2024-04-24,Perm Krai,Perm,Web,Organic Search,clothes,Adidas Sneakers,121.82,2,15,Card,2,0,4.9,243.64
52426,1220,2024-04-25,Saint Petersburg,Saint Petersburg,App,Marketplace,auto,Dash Camera,91.47,2,12,Credit,2,0,4.8,182.94
52427,1155,2024-04-26,Stavropol Krai,Stavropol,App,Organic Search,home,Bed Linen Set,46.16,1,18,Card,3,1,3.8,46.16
52428,1356,2024-04-27,Volgograd Oblast,Volgograd,App,Marketplace,beauty,Makeup Palette,35.68,1,5,Card,3,0,4.6,35.68
52429,1191,2024-04-28,Orenburg Oblast,Orenburg,Web,Email,sports,Running Shoes,98.14,1,0,Cash,4,0,4.6,98.14
52430,1213,2024-04-29,Kaliningrad Oblast,Kaliningrad,Mobile,Organic Search,beauty,Makeup Palette,53.34,2,12,Cash,3,0,4.6,106.68
52431,1084,2024-04-30,Primorsky Krai,Vladivostok,App,Marketplace,electronics,Smart Watch,192.39,1,15,SBP,5,1,3.7,192.39
52432,1440,2024-05-01,Bashkortostan,Ufa,Web,Organic Search,beauty,Hair Dryer,66.48,1,0,Card,4,0,4.5,66.48
52433,1227,2024-05-02,Krasnodar Krai,Krasnodar,App,Paid Search,books,Business Book,59.74,1,7,Card,3,0,4.3,59.74
52434,1458,2024-05-03,Voronezh Oblast,Voronezh,Mobile,Email,electronics,Smartphone Samsung,346.18,1,5,Cash,4,1,3.6,346.18
52435,1180,2024-05-04,Tomsk Oblast,Tomsk,App,Paid Search,electronics,Wireless Headphones,77.96,2,3,Cash,3,0,4.7,155.92
52436,1143,2024-05-05,Sverdlovsk Oblast,Yekaterinburg,Mobile,Social,sports,Dumbbells Set,90.55,1,7,Card,2,0,4.8,90.55
52437,1702,2024-05-06,Volgograd Oblast,Volgograd,Web,Email,home,Bed Linen Set,53.95,1,18,Credit,2,0,4.9,53.95
52438,1705,2024-05-07,Primorsky Krai,Vladivostok,Web,Social,beauty,Makeup Palette,47.46,1,3,Cash,4,0,4.4,47.46
52439,1752,2024-05-08,Orenburg Oblast,Orenburg,App,Email,home,Vacuum Cleaner,202.8,2,3,SBP,3,0,4.5,405.6
52440,1181,2024-05-09,Tatarstan,Kazan,App,Direct,books,Notebook Set,21.97,1,18,Credit,2,0,4.5,21.97
52441,1067,2024-05-10,Volgograd Oblast,Volgograd,Web,Marketplace,home,Desk Lamp,37.06,1,12,SBP,3,0,5.0,37.06
52442,1783,2024-05-11,Kaliningrad Oblast,Kaliningrad,Web,Direct,home,Coffee Machine,138.17,1,15,Cash,3,0,4.5,138.17
52443,1270,2024-05-12,Moscow,Moscow,Web,Email,home,Desk Lamp,50.33,1,15,Cash,2,0,4.6,50.33
52444,1721,2024-05-13,Omsk Oblast,Omsk,Web,Email,auto,Car Vacuum,42.58,2,15,Cash,3,0,4.7,85.16
52445,1465,2024-05-14,Primorsky Krai,Vladivostok,Mobile,Marketplace,auto,Phone Holder,26.64,1,10,Credit,5,0,4.2,26.64
52446,1059,2024-05-15,Krasnoyarsk Krai,Krasnoyarsk,App,Direct,sports,Bicycle Helmet,52.35,3,15,SBP,4,1,4.1,157.05
52447,1660,2024-05-16,Yaroslavl Oblast,Yaroslavl,Web,Paid Search,sports,Bicycle Helmet,56.46,2,0,Credit,1,0,4.3,112.92
52448,1758,2024-05-17,Moscow,Moscow,Web,Direct,beauty,Hair Dryer,83.43,2,5,SBP,2,0,4.6,166.86
52449,1481,2024-05-18,Khabarovsk Krai,Khabarovsk,App,Marketplace,home,Desk Lamp,44.08,1,5,SBP,4,0,4.4,44.08
52450,1758,2024-05-19,Voronezh Oblast,Voronezh,App,Paid Search,electronics,Smartphone Samsung,439.05,1,0,Card,4,0,4.4,439.05
52451,1586,2024-05-20,Krasnodar Krai,Krasnodar,Web,Direct,beauty,Face Serum,46.96,2,7,Card,4,0,4.5,93.92
52452,1683,2024-05-21,Tomsk Oblast,Tomsk,App,Email,beauty,Makeup Palette,52.36,1,0,Credit,6,0,4.3,52.36
52453,1344,2024-05-22,Omsk Oblast,Omsk,Web,Direct,books,Notebook Set,15.17,1,5,Credit,5,1,4.0,15.17
52454,1115,2024-05-23,Saratov Oblast,Saratov,App,Direct,clothes,Winter Hoodie,71.34,1,20,Cash,2,0,4.9,71.34
52455,1544,2024-05-24,Krasnodar Krai,Sochi,Mobile,Social,electronics,Laptop Lenovo IdeaPad,768.68,2,10,Cash,3,0,4.4,1537.36
52456,1565,2024-05-25,Bashkortostan,Ufa,App,Organic Search,electronics,Smart Watch,154.45,2,10,Cash,3,0,4.5,308.9
52457,1695,2024-05-26,Yaroslavl Oblast,Yaroslavl,App,Organic Search,electronics,Smart Watch,184.9,1,3,SBP,3,0,4.4,184.9
52458,1627,2024-05-27,Saratov Oblast,Saratov,Web,Social,beauty,Perfume,93.87,1,0,Cash,2,0,5.0,93.87
52459,1216,2024-05-28,Saint Petersburg,Saint Petersburg,App,Paid Search,clothes,Adidas Sneakers,113.15,1,10,SBP,1,0,4.4,113.15
52460,1742,2024-05-29,Novosibirsk Oblast,Novosibirsk,Web,Email,clothes,Zara Jacket,148.35,1,5,Credit,3,0,4.7,148.35
52461,1517,2024-05-30,Bashkortostan,Ufa,Web,Email,home,Desk Lamp,39.82,1,12,Card,3,0,4.1,39.82
52462,1593,2024-05-31,Krasnodar Krai,Krasnodar,App,Marketplace,home,Vacuum Cleaner,224.17,1,7,Cash,2,0,4.6,224.17
52463,1660,2024-06-01,Tatarstan,Kazan,App,Social,sports,Dumbbells Set,144.07,2,12,Card,3,0,4.4,288.14
52464,1217,2024-06-02,Perm Krai,Perm,Web,Organic Search,sports,Dumbbells Set,89.84,1,7,SBP,4,0,5.0,89.84
52465,1052,2024-06-03,Saratov Oblast,Saratov,App,Marketplace,home,Desk Lamp,32.57,1,0,SBP,1,0,4.4,32.57
52466,1103,2024-06-04,Irkutsk Oblast,Irkutsk,App,Marketplace,electronics,Smartphone Samsung,486.67,1,7,Credit,5,0,4.3,486.67
52467,1280,2024-06-05,Primorsky Krai,Vladivostok,Mobile,Paid Search,sports,Dumbbells Set,92.43,1,15,SBP,5,0,4.9,92.43
52468,1118,2024-06-06,Orenburg Oblast,Orenburg,App,Email,electronics,Laptop Lenovo IdeaPad,773.4,1,5,Card,4,0,4.7,773.4
52469,1643,2024-06-07,Krasnodar Krai,Krasnodar,App,Marketplace,books,Python Book,42.05,3,10,Cash,3,0,4.8,126.15
52470,1470,2024-06-08,Bashkortostan,Ufa,App,Social,sports,Running Shoes,129.43,1,0,SBP,3,0,4.6,129.43
52471,1291,2024-06-09,Tyumen Oblast,Tyumen,Mobile,Organic Search,electronics,Laptop Lenovo IdeaPad,710.82,2,5,Credit,2,0,5.0,1421.64
52472,1005,2024-06-10,Rostov Oblast,Rostov-on-Don,Mobile,Email,electronics,Smartphone Samsung,397.74,1,12,Credit,4,0,4.8,397.74
52473,1266,2024-06-11,Tomsk Oblast,Tomsk,App,Social,books,Notebook Set,15.5,3,20,Credit,4,0,4.0,46.5
52474,1195,2024-06-12,Volgograd Oblast,Volgograd,App,Email,electronics,Laptop Lenovo IdeaPad,800.88,1,0,SBP,2,1,3.7,800.88
52475,1622,2024-06-13,Krasnodar Krai,Sochi,Web,Direct,electronics,Laptop Lenovo IdeaPad,935.69,1,7,SBP,2,1,4.0,935.69
52476,1349,2024-06-14,Voronezh Oblast,Voronezh,Web,Social,home,Coffee Machine,134.54,2,7,Card,2,0,5.0,269.08
52477,1756,2024-06-15,Perm Krai,Perm,Web,Organic Search,auto,Dash Camera,97.48,1,7,SBP,3,0,4.7,97.48
52478,1113,2024-06-16,Khabarovsk Krai,Khabarovsk,Web,Direct,home,Coffee Machine,172.35,1,10,SBP,5,1,3.5,172.35
52479,1158,2024-06-17,Moscow,Moscow,Web,Social,kids,Kids Backpack,47.2,1,3,Card,3,0,4.9,47.2
52480,1447,2024-06-18,Altai Krai,Barnaul,Web,Direct,electronics,Smartphone Samsung,327.46,1,0,Credit,5,0,4.2,327.46
52481,1335,2024-06-19,Tyumen Oblast,Tyumen,Web,Marketplace,sports,Running Shoes,129.83,3,10,Card,3,0,4.9,389.49
52482,1098,2024-06-20,Stavropol Krai,Stavropol,Web,Paid Search,sports,Running Shoes,94.66,1,15,Card,3,1,3.6,94.66
52483,1257,2024-06-21,Sverdlovsk Oblast,Yekaterinburg,Mobile,Email,electronics,Wireless Headphones,84.44,2,15,Card,3,0,4.5,168.88
52484,1776,2024-06-22,Yaroslavl Oblast,Yaroslavl,App,Organic Search,electronics,Wireless Headphones,92.07,1,15,SBP,3,0,4.7,92.07
52485,1650,2024-06-23,Rostov Oblast,Rostov-on-Don,App,Direct,home,Bed Linen Set,64.68,1,15,Credit,2,0,4.4,64.68
52486,1460,2024-06-24,Saratov Oblast,Saratov,Web,Organic Search,clothes,Winter Hoodie,55.15,2,18,SBP,1,1,3.9,110.3
52487,1732,2024-06-25,Rostov Oblast,Rostov-on-Don,App,Email,kids,Lego Set,94.07,1,0,Credit,2,0,4.3,94.07
52488,1607,2024-06-26,Stavropol Krai,Stavropol,Web,Email,electronics,Smart Watch,142.01,1,18,Cash,1,0,4.8,142.01
52489,1815,2024-06-27,Khabarovsk Krai,Khabarovsk,Web,Marketplace,home,Bed Linen Set,66.23,1,3,Cash,4,0,4.5,66.23
52490,1041,2024-06-28,Stavropol Krai,Stavropol,Mobile,Marketplace,sports,Yoga Mat,27.84,1,7,SBP,5,0,4.5,27.84
52491,1437,2024-06-29,Rostov Oblast,Rostov-on-Don,App,Organic Search,clothes,Zara Jacket,142.87,1,10,Cash,3,1,3.9,142.87
52492,1491,2024-06-30,Volgograd Oblast,Volgograd,App,Social,electronics,Smartphone Samsung,441.88,1,15,SBP,6,1,3.4,441.88
52493,1425,2024-07-01,Moscow,Moscow,Web,Marketplace,kids,Board Game,38.87,3,3,Cash,1,0,4.8,116.61
52494,1380,2024-07-02,Udmurtia,Izhevsk,Web,Paid Search,electronics,Laptop Lenovo IdeaPad,628.9,2,10,SBP,3,0,4.5,1257.8
52495,1766,2024-07-03,Perm Krai,Perm,Web,Marketplace,electronics,Smartphone Samsung,387.03,1,10,Card,4,1,4.1,387.03
52496,1344,2024-07-04,Moscow,Moscow,App,Direct,clothes,Winter Hoodie,83.26,2,7,Card,1,0,4.8,166.52
52497,1041,2024-07-05,Samara Oblast,Samara,App,Email,electronics,Smartphone Samsung,370.44,1,12,Cash,4,0,4.2,370.44
52498,1584,2024-07-06,Altai Krai,Barnaul,App,Paid Search,auto,Phone Holder,16.79,1,18,Cash,5,0,4.1,16.79
52499,1325,2024-07-07,Bashkortostan,Ufa,Web,Marketplace,auto,Dash Camera,99.86,2,20,Credit,4,0,4.8,199.72
52500,1548,2024-07-08,Novosibirsk Oblast,Novosibirsk,Mobile,Email,kids,Toy Car,20.39,2,3,Credit,4,1,3.8,40.78
52501,1546,2024-07-09,Rostov Oblast,Rostov-on-Don,Web,Marketplace,auto,Car Vacuum,60.3,1,3,Card,3,0,4.6,60.3
52502,1078,2024-07-10,Irkutsk Oblast,Irkutsk,Web,Social,books,Business Book,29.23,1,0,SBP,4,0,4.5,29.23
52503,1189,2024-07-11,Moscow,Moscow,App,Paid Search,beauty,Makeup Palette,49.38,1,10,Card,1,0,4.6,49.38
52504,1210,2024-07-12,Nizhny Novgorod Oblast,Nizhny Novgorod,Mobile,Direct,beauty,Makeup Palette,39.64,1,3,SBP,2,0,4.9,39.64
52505,1125,2024-07-13,Nizhny Novgorod Oblast,Nizhny Novgorod,App,Direct,electronics,Laptop Lenovo IdeaPad,828.11,1,7,Cash,4,1,3.9,828.11
52506,1366,2024-07-14,Perm Krai,Perm,Web,Email,sports,Dumbbells Set,67.11,4,0,Credit,3,0,4.3,268.44
52507,1597,2024-07-15,Udmurtia,Izhevsk,App,Direct,books,Notebook Set,16.61,1,10,Credit,3,0,4.2,16.61
52508,1219,2024-07-16,Kaliningrad Oblast,Kaliningrad,App,Organic Search,beauty,Makeup Palette,53.85,2,3,Card,2,0,4.7,107.7
52509,1327,2024-07-17,Primorsky Krai,Vladivostok,Web,Marketplace,auto,Phone Holder,24.87,1,7,SBP,5,0,4.4,24.87
52510,1674,2024-07-18,Yaroslavl Oblast,Yaroslavl,Web,Organic Search,beauty,Face Serum,42.16,1,10,Credit,2,0,4.4,42.16
52511,1786,2024-07-19,Udmurtia,Izhevsk,App,Marketplace,home,Coffee Machine,160.99,1,5,SBP,3,0,4.8,160.99
52512,1032,2024-07-20,Novosibirsk Oblast,Novosibirsk,App,Social,clothes,Zara Jacket,151.77,2,10,Credit,2,0,4.8,303.54
52513,1057,2024-07-21,Novosibirsk Oblast,Novosibirsk,Mobile,Direct,beauty,Makeup Palette,59.63,1,15,SBP,3,0,4.9,59.63
52514,1608,2024-07-22,Bashkortostan,Ufa,Web,Email,clothes,Adidas Sneakers,123.64,3,15,Credit,1,0,4.8,370.92
52515,1683,2024-07-23,Omsk Oblast,Omsk,Web,Marketplace,beauty,Perfume,82.86,1,20,Card,3,1,3.7,82.86
52516,1016,2024-07-24,Stavropol Krai,Stavropol,App,Direct,home,Desk Lamp,47.71,1,0,SBP,2,0,4.8,47.71
52517,1789,2024-07-25,Krasnodar Krai,Krasnodar,Mobile,Social,auto,Car Vacuum,57.85,1,7,SBP,3,0,4.6,57.85
52518,1015,2024-07-26,Nizhny Novgorod Oblast,Nizhny Novgorod,App,Social,books,Notebook Set,18.45,1,15,Cash,4,0,4.5,18.45
52519,1434,2024-07-27,Novosibirsk Oblast,Novosibirsk,Web,Marketplace,electronics,Smart Watch,150.37,2,0,Credit,3,0,4.8,300.74
52520,1759,2024-07-28,Volgograd Oblast,Volgograd,Web,Marketplace,auto,Car Vacuum,57.98,3,10,Cash,4,0,4.7,173.94
52521,1296,2024-01-01,Samara Oblast,Samara,App,Direct,sports,Yoga Mat,31.28,1,20,Cash,3,0,4.7,31.28
52522,1487,2024-01-02,Krasnodar Krai,Sochi,Mobile,Marketplace,home,Desk Lamp,44.41,1,0,Card,2,0,4.7,44.41
52523,1833,2024-01-03,Moscow,Moscow,Mobile,Organic Search,home,Vacuum Cleaner,231.38,1,18,SBP,2,1,3.7,231.38
52524,1028,2024-01-04,Sverdlovsk Oblast,Yekaterinburg,App,Marketplace,sports,Running Shoes,133.95,1,5,Cash,3,0,4.7,133.95
52525,1317,2024-01-05,Moscow,Moscow,App,Marketplace,sports,Dumbbells Set,99.18,1,0,SBP,2,0,4.6,99.18
52526,1794,2024-01-06,Rostov Oblast,Rostov-on-Don,Web,Organic Search,clothes,Winter Hoodie,67.26,2,5,Credit,3,1,4.1,134.52
52527,1088,2024-01-07,Krasnodar Krai,Krasnodar,App,Marketplace,electronics,Smart Watch,152.21,1,10,SBP,3,0,4.8,152.21
52528,1627,2024-01-08,Kemerovo Oblast,Kemerovo,App,Social,books,Cookbook,22.32,1,12,SBP,3,1,3.8,22.32
52529,1644,2024-01-09,Saint Petersburg,Saint Petersburg,App,Social,home,Vacuum Cleaner,243.28,2,10,SBP,1,0,4.1,486.56
52530,1462,2024-01-10,Altai Krai,Barnaul,App,Organic Search,clothes,Basic T-Shirt,21.8,2,10,Cash,2,0,4.4,43.6
52531,1400,2024-01-11,Bashkortostan,Ufa,Mobile,Social,home,Desk Lamp,35.75,1,7,SBP,3,0,5.0,35.75
52532,1129,2024-01-12,Orenburg Oblast,Orenburg,App,Social,clothes,Basic T-Shirt,34.4,1,18,Credit,4,0,4.4,34.4
52533,1022,2024-01-13,Bashkortostan,Ufa,App,Paid Search,books,Business Book,25.23,4,5,Card,3,0,4.5,100.92
52534,1062,2024-01-14,Krasnodar Krai,Sochi,App,Email,electronics,Wireless Headphones,121.18,4,15,Cash,3,0,4.6,484.72
52535,1207,2024-01-15,Krasnodar Krai,Sochi,App,Organic Search,books,Cookbook,27.39,1,12,Card,4,0,4.5,27.39
52536,1612,2024-01-16,Volgograd Oblast,Volgograd,App,Social,sports,Bicycle Helmet,40.41,2,25,SBP,3,0,4.5,80.82
52537,1744,2024-01-17,Samara Oblast,Samara,Web,Social,auto,Motor Oil,35.57,1,15,SBP,1,0,4.7,35.57
52538,1198,2024-01-18,Perm Krai,Perm,Web,Marketplace,auto,Dash Camera,106.83,1,7,Card,3,0,4.6,106.83
52539,1025,2024-01-19,Chelyabinsk Oblast,Chelyabinsk,Web,Marketplace,clothes,Adidas Sneakers,125.54,1,3,Cash,4,0,4.1,125.54
52540,1284,2024-01-20,Sverdlovsk Oblast,Yekaterinburg,App,Marketplace,clothes,Zara Jacket,161.21,1,7,Card,3,0,4.3,161.21
52541,1140,2024-01-21,Samara Oblast,Samara,App,Social,kids,Toy Car,20.27,1,10,Cash,5,0,4.2,20.27
52542,1139,2024-01-22,Primorsky Krai,Vladivostok,App,Marketplace,clothes,Zara Jacket,127.44,1,0,Credit,6,0,4.2,127.44
52543,1468,2024-01-23,Udmurtia,Izhevsk,App,Social,auto,Motor Oil,33.09,1,5,Cash,4,0,4.4,33.09
52544,1389,2024-01-24,Yaroslavl Oblast,Yaroslavl,Web,Email,kids,Toy Car,24.52,1,0,Card,3,1,3.9,24.52
52545,1392,2024-01-25,Chelyabinsk Oblast,Chelyabinsk,App,Email,sports,Yoga Mat,37.4,3,12,SBP,2,0,4.9,112.2
52546,1465,2024-01-26,Sverdlovsk Oblast,Yekaterinburg,App,Social,books,Python Book,40.98,1,3,Cash,2,1,3.8,40.98
52547,1198,2024-01-27,Moscow,Moscow,App,Paid Search,clothes,Adidas Sneakers,126.43,1,15,SBP,2,0,5.0,126.43
52548,1153,2024-01-28,Tatarstan,Kazan,App,Email,kids,Board Game,35.02,3,5,Credit,1,1,3.5,105.06
52549,1771,2024-01-29,Primorsky Krai,Vladivostok,Web,Organic Search,clothes,Basic T-Shirt,38.46,1,18,SBP,5,0,4.4,38.46
52550,1476,2024-01-30,Bashkortostan,Ufa,Web,Direct,home,Desk Lamp,34.92,2,15,SBP,5,0,4.1,69.84
52551,1620,2024-01-31,Krasnodar Krai,Krasnodar,Web,Direct,beauty,Makeup Palette,40.64,2,10,SBP,1,0,4.6,81.28
52552,1358,2024-02-01,Tatarstan,Kazan,App,Marketplace,beauty,Face Serum,36.34,3,0,Credit,1,0,4.6,109.02
52553,1255,2024-02-02,Perm Krai,Perm,Mobile,Direct,sports,Running Shoes,118.33,1,5,Credit,3,0,5.0,118.33
52554,1813,2024-02-03,Voronezh Oblast,Voronezh,App,Email,clothes,Winter Hoodie,61.35,1,20,Cash,2,1,4.2,61.35
52555,1303,2024-02-04,Saratov Oblast,Saratov,Mobile,Marketplace,beauty,Hair Dryer,79.99,1,0,Cash,4,0,4.4,79.99
52556,1712,2024-02-05,Kemerovo Oblast,Kemerovo,App,Marketplace,clothes,Adidas Sneakers,119.29,1,0,Credit,2,0,4.5,119.29
52557,1155,2024-02-06,Khabarovsk Krai,Khabarovsk,Web,Organic Search,beauty,Hair Dryer,68.57,2,0,Credit,3,0,4.2,137.14
52558,1589,2024-02-07,Nizhny Novgorod Oblast,Nizhny Novgorod,Web,Marketplace,auto,Motor Oil,42.28,3,3,Cash,2,0,4.7,126.84
52559,1560,2024-02-08,Altai Krai,Barnaul,Web,Social,books,Notebook Set,17.48,4,20,Card,3,0,4.8,69.92
52560,1443,2024-02-09,Samara Oblast,Samara,App,Marketplace,sports,Running Shoes,123.44,1,10,Cash,2,0,4.7,123.44
52561,1190,2024-02-10,Udmurtia,Izhevsk,Web,Marketplace,electronics,Smartphone Samsung,343.19,1,15,Card,4,0,4.7,343.19
52562,1186,2024-02-11,Krasnodar Krai,Sochi,App,Social,books,Python Book,42.64,1,15,SBP,4,0,4.6,42.64
52563,1621,2024-02-12,Udmurtia,Izhevsk,App,Paid Search,sports,Bicycle Helmet,53.8,2,5,Card,2,0,4.7,107.6
52564,1331,2024-02-13,Kaliningrad Oblast,Kaliningrad,App,Social,auto,Car Vacuum,49.6,1,10,Credit,3,0,4.8,49.6
52565,1045,2024-02-14,Yaroslavl Oblast,Yaroslavl,Web,Marketplace,auto,Dash Camera,96.83,2,15,Credit,3,0,4.6,193.66
52566,1082,2024-02-15,Saint Petersburg,Saint Petersburg,Mobile,Direct,electronics,Wireless Headphones,122.19,1,7,Credit,3,0,4.6,122.19
52567,1448,2024-02-16,Nizhny Novgorod Oblast,Nizhny Novgorod,App,Paid Search,auto,Dash Camera,92.5,1,15,Cash,2,0,4.8,92.5
52568,1125,2024-02-17,Kemerovo Oblast,Kemerovo,Mobile,Marketplace,electronics,Wireless Headphones,86.72,1,5,Cash,5,0,4.3,86.72
52569,1513,2024-02-18,Nizhny Novgorod Oblast,Nizhny Novgorod,App,Social,kids,Toy Car,20.76,3,10,Credit,2,0,5.0,62.28
52570,1837,2024-02-19,Rostov Oblast,Rostov-on-Don,Web,Email,sports,Running Shoes,96.8,1,3,Cash,4,0,4.2,96.8
52571,1265,2024-02-20,Krasnodar Krai,Krasnodar,App,Marketplace,home,Coffee Machine,180.63,3,12,SBP,4,0,4.5,541.89
52572,1604,2024-02-21,Voronezh Oblast,Voronezh,App,Marketplace,beauty,Makeup Palette,38.99,1,12,Cash,2,0,4.8,38.99
52573,1410,2024-02-22,Khabarovsk Krai,Khabarovsk,App,Marketplace,electronics,Laptop Lenovo IdeaPad,697.86,1,20,SBP,5,0,3.9,697.86
52574,1657,2024-02-23,Tomsk Oblast,Tomsk,App,Social,beauty,Makeup Palette,43.23,1,0,Cash,2,0,4.6,43.23
52575,1514,2024-02-24,Khabarovsk Krai,Khabarovsk,Mobile,Email,sports,Running Shoes,102.26,1,10,Credit,3,0,4.6,102.26
52576,1610,2024-02-25,Krasnodar Krai,Sochi,Web,Email,beauty,Hair Dryer,69.2,2,10,Credit,3,0,4.4,138.4
52577,1252,2024-02-26,Orenburg Oblast,Orenburg,Web,Social,clothes,Winter Hoodie,48.61,1,5,Cash,4,0,4.3,48.61
52578,1112,2024-02-27,Orenburg Oblast,Orenburg,App,Email,books,Cookbook,18.72,4,15,Card,4,0,4.9,74.88
52579,1158,2024-02-28,Orenburg Oblast,Orenburg,Web,Organic Search,books,Cookbook,21.15,1,10,Credit,3,0,4.8,21.15
52580,1586,2024-02-29,Krasnodar Krai,Krasnodar,App,Paid Search,sports,Running Shoes,119.43,1,20,Cash,3,0,4.7,119.43
52581,1828,2024-03-01,Saratov Oblast,Saratov,Web,Social,beauty,Face Serum,33.43,1,10,SBP,4,0,4.5,33.43
52582,1630,2024-03-02,Kaliningrad Oblast,Kaliningrad,Web,Direct,auto,Motor Oil,44.11,1,20,Card,3,1,3.9,44.11
52583,1701,2024-03-03,Udmurtia,Izhevsk,App,Organic Search,books,Notebook Set,19.64,1,12,SBP,4,0,4.6,19.64
52584,1833,2024-03-04,Krasnodar Krai,Sochi,Web,Organic Search,sports,Running Shoes,156.21,1,10,Card,4,1,3.4,156.21
52585,1010,2024-03-05,Krasnodar Krai,Sochi,Web,Paid Search,clothes,Winter Hoodie,78.71,4,5,Cash,3,1,3.6,314.84
52586,1816,2024-03-06,Primorsky Krai,Vladivostok,App,Email,auto,Motor Oil,37.19,1,0,Credit,5,0,4.4,37.19
52587,1695,2024-03-07,Rostov Oblast,Rostov-on-Don,App,Email,books,Cookbook,20.35,1,7,SBP,3,0,4.5,20.35
52588,1322,2024-03-08,Saint Petersburg,Saint Petersburg,App,Email,beauty,Hair Dryer,77.69,2,0,SBP,2,0,4.8,155.38
52589,1287,2024-03-09,Kemerovo Oblast,Kemerovo,App,Social,clothes,Adidas Sneakers,125.55,3,10,SBP,5,1,4.1,376.65
52590,1144,2024-03-10,Moscow,Moscow,Web,Email,kids,Kids Backpack,51.63,2,10,SBP,3,0,4.4,103.26
52591,1133,2024-03-11,Samara Oblast,Samara,App,Paid Search,electronics,Smartphone Samsung,347.68,2,3,Credit,2,0,4.3,695.36
52592,1318,2024-03-12,Chelyabinsk Oblast,Chelyabinsk,App,Social,clothes,Zara Jacket,115.31,1,0,Card,2,0,5.0,115.31
52593,1131,2024-03-13,Nizhny Novgorod Oblast,Nizhny Novgorod,App,Organic Search,beauty,Face Serum,36.52,3,3,SBP,3,0,5.0,109.56
52594,1052,2024-03-14,Rostov Oblast,Rostov-on-Don,Web,Direct,beauty,Face Serum,35.21,1,18,Credit,3,0,4.5,35.21
52595,1619,2024-03-15,Rostov Oblast,Rostov-on-Don,App,Social,beauty,Hair Dryer,80.26,1,18,Card,1,0,4.5,80.26
52596,1090,2024-03-16,Novosibirsk Oblast,Novosibirsk,Web,Direct,sports,Bicycle Helmet,45.87,1,10,SBP,3,0,4.5,45.87
52597,1091,2024-03-17,Orenburg Oblast,Orenburg,App,Marketplace,home,Coffee Machine,126.74,2,12,Card,4,0,4.2,253.48
52598,1429,2024-03-18,Moscow,Moscow,App,Social,clothes,Adidas Sneakers,165.44,1,3,Card,2,0,5.0,165.44
52599,1521,2024-03-19,Samara Oblast,Samara,Web,Organic Search,electronics,Laptop Lenovo IdeaPad,765.07,1,7,Card,3,1,3.7,765.07
52600,1045,2024-03-20,Kemerovo Oblast,Kemerovo,Mobile,Social,clothes,Winter Hoodie,62.7,1,3,Card,3,1,3.8,62.7
52601,1379,2024-03-21,Altai Krai,Barnaul,App,Email,electronics,Smart Watch,135.69,1,20,Credit,5,0,4.2,135.69
52602,1363,2024-03-22,Krasnodar Krai,Krasnodar,Mobile,Marketplace,beauty,Hair Dryer,59.88,2,10,Credit,3,0,5.0,119.76
52603,1775,2024-03-23,Kemerovo Oblast,Kemerovo,Mobile,Direct,books,Cookbook,20.51,2,5,Card,3,0,4.7,41.02
52604,1419,2024-03-24,Tomsk Oblast,Tomsk,App,Marketplace,auto,Dash Camera,104.85,1,5,SBP,3,0,4.4,104.85
52605,1405,2024-03-25,Orenburg Oblast,Orenburg,Web,Marketplace,sports,Bicycle Helmet,57.12,1,3,SBP,3,0,4.5,57.12
52606,1650,2024-03-26,Irkutsk Oblast,Irkutsk,App,Paid Search,home,Vacuum Cleaner,178.84,1,0,SBP,4,0,4.7,178.84
52607,1634,2024-03-27,Tomsk Oblast,Tomsk,Web,Email,kids,Toy Car,23.09,1,5,Credit,4,1,3.7,23.09
52608,1688,2024-03-28,Saint Petersburg,Saint Petersburg,Web,Email,beauty,Perfume,103.39,1,10,Cash,2,0,4.9,103.39
52609,1825,2024-03-29,Krasnoyarsk Krai,Krasnoyarsk,App,Marketplace,electronics,Wireless Headphones,115.02,3,10,Credit,5,1,3.5,345.06
52610,1704,2024-03-30,Volgograd Oblast,Volgograd,App,Direct,clothes,Adidas Sneakers,131.02,3,12,Card,2,0,4.3,393.06
52611,1840,2024-03-31,Saint Petersburg,Saint Petersburg,App,Social,auto,Motor Oil,42.73,1,10,Card,2,0,4.5,42.73
52612,1343,2024-04-01,Volgograd Oblast,Volgograd,App,Organic Search,auto,Dash Camera,90.23,2,20,Credit,4,0,4.5,180.46
52613,1251,2024-04-02,Rostov Oblast,Rostov-on-Don,App,Paid Search,clothes,Zara Jacket,141.69,2,15,SBP,2,0,5.0,283.38
52614,1697,2024-04-03,Kaliningrad Oblast,Kaliningrad,Mobile,Marketplace,books,Notebook Set,20.5,3,12,Cash,3,0,4.8,61.5
52615,1388,2024-04-04,Samara Oblast,Samara,App,Direct,clothes,Winter Hoodie,52.64,3,10,Credit,3,1,3.8,157.92
52616,1261,2024-04-05,Rostov Oblast,Rostov-on-Don,Web,Marketplace,beauty,Makeup Palette,44.86,1,25,Card,4,0,4.5,44.86
52617,1554,2024-04-06,Udmurtia,Izhevsk,App,Organic Search,home,Desk Lamp,40.86,2,3,Cash,3,0,4.7,81.72
52618,1809,2024-04-07,Kaliningrad Oblast,Kaliningrad,Web,Paid Search,clothes,Basic T-Shirt,22.92,2,5,Cash,3,1,3.9,45.84
52619,1514,2024-04-08,Chelyabinsk Oblast,Chelyabinsk,Web,Paid Search,auto,Phone Holder,35.68,2,0,SBP,3,0,4.6,71.36
52620,1696,2024-04-09,Rostov Oblast,Rostov-on-Don,App,Direct,electronics,Smartphone Samsung,401.57,1,3,Card,4,0,4.2,401.57
52621,1638,2024-04-10,Nizhny Novgorod Oblast,Nizhny Novgorod,App,Organic Search,kids,Kids Backpack,29.3,1,20,SBP,2,1,3.9,29.3
52622,1672,2024-04-11,Krasnoyarsk Krai,Krasnoyarsk,App,Organic Search,electronics,Smartphone Samsung,431.56,1,12,Card,5,0,4.4,431.56
52623,1523,2024-04-12,Omsk Oblast,Omsk,Web,Email,sports,Running Shoes,123.7,1,5,Credit,4,0,5.0,123.7
52624,1464,2024-04-13,Krasnodar Krai,Krasnodar,App,Marketplace,sports,Bicycle Helmet,53.4,1,7,Card,1,0,4.3,53.4
52625,1745,2024-04-14,Krasnodar Krai,Sochi,Mobile,Social,beauty,Perfume,95.52,2,15,Cash,1,0,4.6,191.04
52626,1272,2024-04-15,Nizhny Novgorod Oblast,Nizhny Novgorod,App,Email,clothes,Basic T-Shirt,22.46,2,0,Card,4,0,4.2,44.92
52627,1479,2024-04-16,Primorsky Krai,Vladivostok,App,Organic Search,home,Desk Lamp,42.87,2,0,SBP,5,1,3.8,85.74
52628,1480,2024-04-17,Yaroslavl Oblast,Yaroslavl,App,Organic Search,home,Vacuum Cleaner,340.72,1,7,Credit,4,0,4.8,340.72
52629,1176,2024-04-18,Yaroslavl Oblast,Yaroslavl,App,Direct,electronics,Laptop Lenovo IdeaPad,656.57,2,15,Card,2,1,4.0,1313.14
52630,1288,2024-04-19,Krasnoyarsk Krai,Krasnoyarsk,App,Social,clothes,Basic T-Shirt,23.13,1,12,Card,3,0,4.8,23.13
52631,1801,2024-04-20,Saint Petersburg,Saint Petersburg,App,Social,clothes,Basic T-Shirt,23.48,1,10,Credit,1,1,4.0,23.48
52632,1042,2024-04-21,Irkutsk Oblast,Irkutsk,Web,Direct,home,Bed Linen Set,62.82,2,25,SBP,3,0,4.5,125.64
52633,1141,2024-04-22,Stavropol Krai,Stavropol,App,Direct,beauty,Hair Dryer,56.66,1,7,Cash,2,0,4.5,56.66
52634,1547,2024-04-23,Khabarovsk Krai,Khabarovsk,App,Social,electronics,Smartphone Samsung,379.54,1,3,Card,6,0,4.3,379.54
52635,1487,2024-04-24,Tatarstan,Kazan,App,Email,auto,Car Vacuum,53.14,1,12,Card,1,0,4.3,53.14
52636,1646,2024-04-25,Yaroslavl Oblast,Yaroslavl,Web,Social,electronics,Laptop Lenovo IdeaPad,716.23,2,10,Card,3,0,4.5,1432.46
52637,1674,2024-04-26,Rostov Oblast,Rostov-on-Don,Web,Organic Search,auto,Dash Camera,103.06,1,5,Card,2,0,4.2,103.06
52638,1599,2024-04-27,Khabarovsk Krai,Khabarovsk,App,Social,electronics,Laptop Lenovo IdeaPad,855.43,1,15,SBP,4,0,4.7,855.43
52639,1478,2024-04-28,Krasnodar Krai,Sochi,Web,Direct,home,Bed Linen Set,64.1,2,7,Card,3,0,4.7,128.2
52640,1331,2024-04-29,Krasnodar Krai,Sochi,Web,Social,auto,Phone Holder,26.51,1,7,Cash,4,0,4.4,26.51
52641,1179,2024-04-30,Yaroslavl Oblast,Yaroslavl,Web,Marketplace,electronics,Wireless Headphones,100.15,1,10,Credit,3,0,4.4,100.15
52642,1628,2024-05-01,Rostov Oblast,Rostov-on-Don,App,Marketplace,clothes,Zara Jacket,120.13,2,0,Cash,3,0,4.5,240.26
52643,1571,2024-05-02,Khabarovsk Krai,Khabarovsk,App,Paid Search,beauty,Makeup Palette,53.06,1,10,Cash,4,0,4.8,53.06
52644,1160,2024-05-03,Perm Krai,Perm,Web,Social,kids,Toy Car,19.74,1,15,Credit,2,0,4.8,19.74
52645,1799,2024-05-04,Novosibirsk Oblast,Novosibirsk,Web,Social,sports,Yoga Mat,40.66,1,0,Card,4,0,4.7,40.66
52646,1819,2024-05-05,Krasnodar Krai,Krasnodar,App,Organic Search,home,Vacuum Cleaner,233.03,2,5,Credit,4,0,4.5,466.06
52647,1209,2024-05-06,Rostov Oblast,Rostov-on-Don,App,Direct,auto,Phone Holder,19.83,1,12,SBP,3,0,4.2,19.83
52648,1784,2024-05-07,Kemerovo Oblast,Kemerovo,App,Direct,home,Vacuum Cleaner,189.93,1,5,Card,3,0,4.5,189.93
52649,1418,2024-05-08,Saratov Oblast,Saratov,App,Marketplace,beauty,Hair Dryer,74.87,1,18,SBP,4,1,3.9,74.87
52650,1331,2024-05-09,Udmurtia,Izhevsk,Mobile,Marketplace,beauty,Perfume,92.87,1,10,Cash,3,0,4.7,92.87
52651,1667,2024-05-10,Saratov Oblast,Saratov,App,Marketplace,auto,Motor Oil,39.52,1,0,Card,1,0,4.7,39.52
52652,1333,2024-05-11,Orenburg Oblast,Orenburg,App,Paid Search,beauty,Hair Dryer,58.61,1,5,Cash,2,0,4.7,58.61
52653,1173,2024-05-12,Tatarstan,Kazan,App,Organic Search,electronics,Laptop Lenovo IdeaPad,904.39,1,7,SBP,1,0,4.3,904.39
52654,1610,2024-05-13,Sverdlovsk Oblast,Yekaterinburg,Mobile,Marketplace,kids,Lego Set,90.15,2,10,Credit,3,0,4.7,180.3
52655,1010,2024-05-14,Novosibirsk Oblast,Novosibirsk,Web,Email,kids,Board Game,35.82,1,10,Credit,4,0,4.4,35.82
52656,1046,2024-05-15,Tatarstan,Kazan,App,Social,books,Cookbook,26.05,3,5,Card,4,1,4.3,78.15
52657,1655,2024-05-16,Stavropol Krai,Stavropol,App,Organic Search,home,Coffee Machine,126.82,1,7,Cash,5,0,4.4,126.82
52658,1390,2024-05-17,Krasnodar Krai,Krasnodar,Web,Direct,auto,Car Vacuum,51.2,1,0,Credit,4,0,4.6,51.2
52659,1501,2024-05-18,Irkutsk Oblast,Irkutsk,App,Direct,books,Business Book,30.4,1,5,Cash,4,0,4.6,30.4
52660,1468,2024-05-19,Novosibirsk Oblast,Novosibirsk,App,Social,clothes,Winter Hoodie,68.04,2,15,SBP,3,0,4.3,136.08
52661,1676,2024-05-20,Volgograd Oblast,Volgograd,App,Organic Search,beauty,Makeup Palette,46.16,1,3,Cash,3,0,4.9,46.16
52662,1837,2024-05-21,Tyumen Oblast,Tyumen,App,Marketplace,sports,Bicycle Helmet,92.98,1,12,Cash,2,0,4.6,92.98
52663,1436,2024-05-22,Khabarovsk Krai,Khabarovsk,App,Organic Search,electronics,Smartphone Samsung,496.35,1,15,Card,4,0,4.3,496.35
52664,1091,2024-05-23,Kemerovo Oblast,Kemerovo,App,Marketplace,clothes,Zara Jacket,117.62,1,7,SBP,5,1,3.3,117.62
52665,1514,2024-05-24,Krasnodar Krai,Sochi,App,Marketplace,sports,Yoga Mat,34.52,1,15,SBP,4,0,4.4,34.52
52666,1339,2024-05-25,Orenburg Oblast,Orenburg,App,Social,clothes,Zara Jacket,108.95,1,3,Card,4,0,4.2,108.95
52667,1745,2024-05-26,Tomsk Oblast,Tomsk,Mobile,Social,sports,Dumbbells Set,91.47,3,7,SBP,4,0,4.3,274.41
52668,1656,2024-05-27,Yaroslavl Oblast,Yaroslavl,App,Email,auto,Phone Holder,18.63,2,10,Card,2,0,4.9,37.26
52669,1439,2024-05-28,Tatarstan,Kazan,Web,Email,clothes,Adidas Sneakers,141.76,1,3,SBP,2,0,5.0,141.76
52670,1276,2024-05-29,Altai Krai,Barnaul,App,Marketplace,electronics,Smart Watch,167.11,1,0,Card,4,0,4.6,167.11
52671,1227,2024-05-30,Omsk Oblast,Omsk,Web,Social,electronics,Wireless Headphones,90.59,1,0,SBP,3,0,4.6,90.59
52672,1445,2024-05-31,Tatarstan,Kazan,Web,Paid Search,clothes,Zara Jacket,157.23,1,0,Cash,2,0,4.7,157.23
52673,1460,2024-06-01,Moscow,Moscow,App,Organic Search,home,Desk Lamp,57.1,3,0,Cash,1,0,4.6,171.3
52674,1493,2024-06-02,Irkutsk Oblast,Irkutsk,Mobile,Paid Search,home,Bed Linen Set,66.54,1,10,Card,4,0,4.9,66.54
52675,1542,2024-06-03,Orenburg Oblast,Orenburg,App,Email,auto,Motor Oil,33.76,2,3,SBP,3,0,4.6,67.52
52676,1163,2024-06-04,Novosibirsk Oblast,Novosibirsk,App,Email,sports,Dumbbells Set,93.87,3,0,Card,2,1,4.0,281.61
52677,1468,2024-06-05,Saint Petersburg,Saint Petersburg,App,Marketplace,clothes,Winter Hoodie,85.28,1,7,Credit,2,0,4.9,85.28
52678,1791,2024-06-06,Nizhny Novgorod Oblast,Nizhny Novgorod,App,Direct,sports,Running Shoes,103.86,1,10,Card,3,0,4.3,103.86
52679,1256,2024-06-07,Krasnodar Krai,Krasnodar,App,Email,auto,Phone Holder,23.35,1,0,Cash,2,0,4.4,23.35
52680,1147,2024-06-08,Saratov Oblast,Saratov,App,Marketplace,auto,Car Vacuum,56.71,4,10,Credit,2,0,5.0,226.84
52681,1835,2024-06-09,Samara Oblast,Samara,Web,Organic Search,electronics,Smartphone Samsung,348.06,2,5,Credit,4,0,4.5,696.12
52682,1256,2024-06-10,Voronezh Oblast,Voronezh,Mobile,Paid Search,electronics,Smart Watch,183.52,1,0,Card,2,0,4.3,183.52
52683,1370,2024-06-11,Rostov Oblast,Rostov-on-Don,App,Social,clothes,Basic T-Shirt,29.12,1,12,Cash,4,0,4.8,29.12
52684,1736,2024-06-12,Omsk Oblast,Omsk,App,Paid Search,beauty,Face Serum,30.64,4,10,SBP,4,0,4.3,122.56
52685,1301,2024-06-13,Tomsk Oblast,Tomsk,App,Marketplace,clothes,Basic T-Shirt,23.47,2,12,SBP,3,0,5.0,46.94
52686,1756,2024-06-14,Voronezh Oblast,Voronezh,App,Paid Search,home,Desk Lamp,32.13,3,0,Credit,4,0,4.1,96.39
52687,1702,2024-06-15,Chelyabinsk Oblast,Chelyabinsk,App,Direct,beauty,Hair Dryer,76.22,1,7,SBP,3,0,4.3,76.22
52688,1516,2024-06-16,Tyumen Oblast,Tyumen,Web,Paid Search,beauty,Face Serum,44.1,1,15,Card,5,0,4.3,44.1
52689,1255,2024-06-17,Saint Petersburg,Saint Petersburg,Web,Organic Search,kids,Board Game,34.89,2,10,Card,2,1,4.3,69.78
52690,1182,2024-06-18,Voronezh Oblast,Voronezh,App,Organic Search,electronics,Wireless Headphones,94.24,2,0,Credit,3,0,4.5,188.48
52691,1347,2024-06-19,Bashkortostan,Ufa,Web,Marketplace,home,Vacuum Cleaner,240.81,2,15,Card,3,0,4.4,481.62
52692,1694,2024-06-20,Bashkortostan,Ufa,Mobile,Organic Search,clothes,Winter Hoodie,63.16,1,15,Credit,4,0,4.6,63.16
52693,1015,2024-06-21,Tatarstan,Kazan,Web,Paid Search,books,Notebook Set,21.93,1,7,SBP,2,0,4.4,21.93
52694,1381,2024-06-22,Khabarovsk Krai,Khabarovsk,App,Organic Search,auto,Dash Camera,84.2,1,10,Card,4,1,3.8,84.2
52695,1320,2024-06-23,Irkutsk Oblast,Irkutsk,Web,Direct,electronics,Smart Watch,164.24,1,12,Credit,5,0,4.3,164.24
52696,1060,2024-06-24,Khabarovsk Krai,Khabarovsk,Web,Paid Search,beauty,Hair Dryer,83.47,1,7,SBP,5,0,4.7,83.47
52697,1257,2024-06-25,Rostov Oblast,Rostov-on-Don,App,Email,beauty,Face Serum,35.87,4,3,Cash,2,1,4.1,143.48
52698,1093,2024-06-26,Novosibirsk Oblast,Novosibirsk,App,Social,electronics,Laptop Lenovo IdeaPad,712.98,2,0,Credit,1,0,5.0,1425.96
52699,1357,2024-06-27,Novosibirsk Oblast,Novosibirsk,Web,Social,beauty,Face Serum,41.81,1,7,Credit,3,0,4.8,41.81
52700,1009,2024-06-28,Chelyabinsk Oblast,Chelyabinsk,App,Social,home,Desk Lamp,38.04,1,10,Card,3,0,4.7,38.04
52701,1212,2024-06-29,Sverdlovsk Oblast,Yekaterinburg,App,Direct,books,Business Book,27.23,2,3,SBP,1,0,4.8,54.46
52702,1704,2024-06-30,Krasnodar Krai,Sochi,Web,Organic Search,clothes,Zara Jacket,119.9,2,0,Credit,5,0,4.3,239.8
52703,1106,2024-07-01,Kemerovo Oblast,Kemerovo,App,Organic Search,books,Cookbook,26.19,1,3,Card,3,1,3.6,26.19
52704,1632,2024-07-02,Saratov Oblast,Saratov,App,Paid Search,auto,Car Vacuum,41.67,1,7,SBP,2,0,4.8,41.67
52705,1626,2024-07-03,Chelyabinsk Oblast,Chelyabinsk,Web,Email,home,Coffee Machine,141.74,1,5,Card,4,0,4.5,141.74
52706,1160,2024-07-04,Kaliningrad Oblast,Kaliningrad,Mobile,Direct,home,Desk Lamp,52.07,1,10,SBP,4,0,4.9,52.07
52707,1056,2024-07-05,Yaroslavl Oblast,Yaroslavl,Mobile,Social,sports,Dumbbells Set,80.27,1,5,SBP,3,0,4.3,80.27
52708,1619,2024-07-06,Tyumen Oblast,Tyumen,App,Direct,beauty,Face Serum,34.83,1,0,Card,4,0,4.3,34.83
52709,1589,2024-07-07,Irkutsk Oblast,Irkutsk,App,Email,sports,Yoga Mat,39.23,1,0,Card,3,0,4.5,39.23
52710,1769,2024-07-08,Novosibirsk Oblast,Novosibirsk,App,Social,sports,Bicycle Helmet,52.26,1,20,Credit,3,0,4.8,52.26
52711,1595,2024-07-09,Krasnodar Krai,Krasnodar,Web,Marketplace,books,Cookbook,29.04,1,18,SBP,3,0,4.8,29.04
52712,1549,2024-07-10,Sverdlovsk Oblast,Yekaterinburg,Web,Social,clothes,Adidas Sneakers,123.04,4,18,Credit,4,0,4.7,492.16
52713,1193,2024-07-11,Perm Krai,Perm,Web,Direct,clothes,Basic T-Shirt,27.3,1,5,Cash,3,0,4.8,27.3
52714,1032,2024-07-12,Sverdlovsk Oblast,Yekaterinburg,Mobile,Paid Search,beauty,Hair Dryer,84.38,1,0,Credit,3,0,4.6,84.38
52715,1229,2024-07-13,Tyumen Oblast,Tyumen,Web,Organic Search,electronics,Wireless Headphones,83.23,1,25,Cash,3,1,3.9,83.23
52716,1018,2024-07-14,Primorsky Krai,Vladivostok,Mobile,Email,auto,Car Vacuum,47.18,1,7,Cash,2,0,4.7,47.18
52717,1003,2024-07-15,Saratov Oblast,Saratov,Web,Paid Search,sports,Running Shoes,98.14,1,7,SBP,3,0,4.7,98.14
52718,1207,2024-07-16,Tyumen Oblast,Tyumen,App,Social,clothes,Adidas Sneakers,145.26,1,7,Cash,3,0,4.7,145.26
52719,1677,2024-07-17,Tatarstan,Kazan,Web,Marketplace,sports,Bicycle Helmet,65.65,1,10,Card,1,0,4.6,65.65
52720,1430,2024-07-18,Udmurtia,Izhevsk,Web,Direct,sports,Dumbbells Set,90.04,4,0,Cash,3,0,4.6,360.16
52721,1324,2024-07-19,Perm Krai,Perm,Web,Direct,home,Bed Linen Set,60.42,1,5,Credit,4,0,4.2,60.42
52722,1452,2024-07-20,Udmurtia,Izhevsk,App,Paid Search,kids,Lego Set,87.28,3,7,Cash,1,0,4.6,261.84
52723,1589,2024-07-21,Saratov Oblast,Saratov,App,Organic Search,home,Bed Linen Set,59.98,1,20,SBP,2,0,4.6,59.98
52724,1727,2024-07-22,Khabarovsk Krai,Khabarovsk,Web,Email,sports,Bicycle Helmet,45.93,1,0,Cash,4,0,4.3,45.93
52725,1592,2024-07-23,Bashkortostan,Ufa,App,Paid Search,clothes,Basic T-Shirt,27.06,1,5,SBP,3,0,4.4,27.06
52726,1727,2024-07-24,Tatarstan,Kazan,Web,Paid Search,books,Cookbook,26.5,1,12,Credit,2,0,4.5,26.5
52727,1073,2024-07-25,Volgograd Oblast,Volgograd,App,Organic Search,sports,Dumbbells Set,65.32,2,15,Cash,1,0,4.6,130.64
52728,1200,2024-07-26,Udmurtia,Izhevsk,App,Email,auto,Dash Camera,90.37,1,3,Card,3,0,4.7,90.37
52729,1395,2024-07-27,Irkutsk Oblast,Irkutsk,App,Email,electronics,Smartphone Samsung,458.23,1,10,Credit,4,1,3.6,458.23
52730,1482,2024-07-28,Novosibirsk Oblast,Novosibirsk,App,Social,beauty,Face Serum,46.06,1,0,Credit,3,1,4.3,46.06
52731,1782,2024-01-01,Saint Petersburg,Saint Petersburg,App,Organic Search,sports,Dumbbells Set,96.04,4,15,Card,2,0,4.4,384.16
52732,1014,2024-01-02,Kemerovo Oblast,Kemerovo,Web,Organic Search,home,Vacuum Cleaner,178.35,1,10,Cash,4,0,4.4,178.35
52733,1350,2024-01-03,Voronezh Oblast,Voronezh,App,Organic Search,electronics,Smart Watch,128.94,1,15,Credit,1,0,4.7,128.94
52734,1182,2024-01-04,Tatarstan,Kazan,App,Organic Search,home,Bed Linen Set,60.35,1,12,SBP,2,0,4.8,60.35
52735,1050,2024-01-05,Omsk Oblast,Omsk,Web,Paid Search,clothes,Adidas Sneakers,110.81,1,12,Card,2,0,4.2,110.81
52736,1328,2024-01-06,Tomsk Oblast,Tomsk,Web,Direct,beauty,Face Serum,41.58,1,18,Credit,4,0,4.3,41.58
52737,1208,2024-01-07,Voronezh Oblast,Voronezh,App,Direct,home,Bed Linen Set,58.93,1,18,Cash,3,0,4.6,58.93
52738,1765,2024-01-08,Tatarstan,Kazan,App,Social,books,Business Book,32.98,1,10,SBP,2,0,4.7,32.98
52739,1348,2024-01-09,Tyumen Oblast,Tyumen,Web,Paid Search,home,Vacuum Cleaner,234.35,1,18,Card,4,0,4.8,234.35
52740,1276,2024-01-10,Perm Krai,Perm,Web,Paid Search,books,Cookbook,27.39,1,10,Cash,5,0,4.4,27.39
52741,1754,2024-01-11,Omsk Oblast,Omsk,Web,Marketplace,electronics,Laptop Lenovo IdeaPad,714.17,2,12,SBP,4,0,4.4,1428.34
52742,1712,2024-01-12,Chelyabinsk Oblast,Chelyabinsk,Mobile,Email,sports,Yoga Mat,55.24,1,25,Cash,2,0,4.7,55.24
52743,1719,2024-01-13,Voronezh Oblast,Voronezh,Mobile,Paid Search,beauty,Perfume,86.43,3,0,Cash,3,0,4.1,259.29
52744,1377,2024-01-14,Krasnodar Krai,Sochi,Mobile,Organic Search,beauty,Face Serum,36.85,1,18,SBP,4,0,4.7,36.85
52745,1029,2024-01-15,Tatarstan,Kazan,App,Paid Search,books,Business Book,35.29,1,15,Cash,3,0,4.7,35.29
52746,1390,2024-01-16,Altai Krai,Barnaul,App,Email,auto,Phone Holder,18.53,1,5,SBP,2,0,4.8,18.53
52747,1550,2024-01-17,Omsk Oblast,Omsk,Web,Direct,electronics,Smart Watch,129.86,2,0,SBP,2,0,4.9,259.72
52748,1371,2024-01-18,Tyumen Oblast,Tyumen,App,Organic Search,home,Vacuum Cleaner,185.49,2,20,Credit,3,0,4.7,370.98
52749,1481,2024-01-19,Rostov Oblast,Rostov-on-Don,App,Marketplace,beauty,Hair Dryer,62.88,1,3,Cash,3,1,3.8,62.88
52750,1684,2024-01-20,Yaroslavl Oblast,Yaroslavl,App,Direct,sports,Yoga Mat,29.68,3,5,Credit,4,0,4.6,89.04
52751,1707,2024-01-21,Nizhny Novgorod Oblast,Nizhny Novgorod,App,Email,clothes,Basic T-Shirt,23.37,1,25,Card,5,1,3.8,23.37
52752,1631,2024-01-22,Tyumen Oblast,Tyumen,App,Email,sports,Dumbbells Set,92.83,1,0,Credit,3,0,4.4,92.83
52753,1045,2024-01-23,Krasnodar Krai,Sochi,App,Direct,electronics,Wireless Headphones,111.45,1,0,Card,1,0,5.0,111.45
52754,1843,2024-01-24,Rostov Oblast,Rostov-on-Don,App,Paid Search,books,Python Book,30.98,1,12,Credit,4,0,4.9,30.98
52755,1848,2024-01-25,Altai Krai,Barnaul,App,Direct,books,Cookbook,21.01,1,5,Cash,5,0,4.4,21.01
52756,1015,2024-01-26,Stavropol Krai,Stavropol,App,Email,electronics,Wireless Headphones,105.12,3,15,Credit,2,0,4.6,315.36
52757,1032,2024-01-27,Tatarstan,Kazan,Web,Email,books,Python Book,42.92,1,12,Credit,3,0,4.7,42.92
52758,1366,2024-01-28,Voronezh Oblast,Voronezh,Web,Email,sports,Running Shoes,132.86,2,10,SBP,3,0,4.8,265.72
52759,1688,2024-01-29,Yaroslavl Oblast,Yaroslavl,Web,Paid Search,books,Business Book,30.63,2,3,Card,4,0,4.5,61.26
52760,1835,2024-01-30,Bashkortostan,Ufa,App,Paid Search,kids,Kids Backpack,40.39,1,15,Cash,4,1,3.6,40.39
52761,1065,2024-01-31,Voronezh Oblast,Voronezh,App,Direct,clothes,Zara Jacket,142.35,1,3,Cash,2,0,4.5,142.35
52762,1246,2024-02-01,Altai Krai,Barnaul,App,Marketplace,clothes,Zara Jacket,129.86,2,0,Cash,3,0,4.9,259.72
52763,1749,2024-02-02,Irkutsk Oblast,Irkutsk,App,Marketplace,auto,Dash Camera,106.95,1,3,SBP,3,0,4.5,106.95
52764,1665,2024-02-03,Yaroslavl Oblast,Yaroslavl,App,Direct,beauty,Perfume,103.7,2,5,Card,2,0,4.7,207.4
52765,1323,2024-02-04,Irkutsk Oblast,Irkutsk,App,Direct,home,Coffee Machine,169.13,2,18,Card,4,1,3.6,338.26
52766,1709,2024-02-05,Primorsky Krai,Vladivostok,App,Email,electronics,Smartphone Samsung,386.38,1,5,Card,3,0,4.7,386.38
52767,1543,2024-02-06,Chelyabinsk Oblast,Chelyabinsk,Web,Direct,electronics,Wireless Headphones,72.75,1,10,Credit,4,0,4.3,72.75
52768,1748,2024-02-07,Perm Krai,Perm,Web,Organic Search,clothes,Winter Hoodie,56.75,1,5,Card,4,0,4.5,56.75
52769,1136,2024-02-08,Udmurtia,Izhevsk,App,Email,home,Bed Linen Set,42.95,1,7,SBP,2,0,4.5,42.95
52770,1441,2024-02-09,Moscow,Moscow,Web,Direct,home,Vacuum Cleaner,245.05,1,12,Credit,1,0,4.7,245.05
52771,1069,2024-02-10,Primorsky Krai,Vladivostok,App,Marketplace,home,Coffee Machine,138.86,1,0,Cash,4,0,4.7,138.86
52772,1367,2024-02-11,Perm Krai,Perm,Mobile,Email,home,Bed Linen Set,58.67,1,15,Cash,3,0,4.8,58.67
52773,1031,2024-02-12,Krasnoyarsk Krai,Krasnoyarsk,App,Marketplace,sports,Dumbbells Set,87.1,1,15,Card,5,0,4.0,87.1
52774,1283,2024-02-13,Tatarstan,Kazan,Web,Social,home,Bed Linen Set,59.82,2,3,Card,3,0,4.5,119.64
52775,1395,2024-02-14,Khabarovsk Krai,Khabarovsk,Web,Paid Search,auto,Motor Oil,39.74,1,18,Card,2,0,4.4,39.74
52776,1053,2024-02-15,Udmurtia,Izhevsk,Web,Social,auto,Phone Holder,16.41,3,7,Card,4,1,3.6,49.23
52777,1702,2024-02-16,Nizhny Novgorod Oblast,Nizhny Novgorod,Mobile,Social,books,Notebook Set,17.47,3,0,Credit,4,0,4.1,52.41
52778,1782,2024-02-17,Volgograd Oblast,Volgograd,Web,Organic Search,beauty,Face Serum,42.66,1,5,Card,2,0,4.7,42.66
52779,1164,2024-02-18,Krasnodar Krai,Krasnodar,App,Paid Search,electronics,Wireless Headphones,114.5,3,0,Card,3,0,4.8,343.5
52780,1690,2024-02-19,Primorsky Krai,Vladivostok,App,Organic Search,auto,Car Vacuum,65.12,2,10,Card,5,0,4.3,130.24
52781,1233,2024-02-20,Krasnoyarsk Krai,Krasnoyarsk,Web,Social,books,Python Book,32.94,2,10,Card,3,0,4.8,65.88
52782,1770,2024-02-21,Kaliningrad Oblast,Kaliningrad,App,Organic Search,kids,Kids Backpack,34.55,1,7,SBP,2,0,4.7,34.55
52783,1126,2024-02-22,Samara Oblast,Samara,App,Social,beauty,Face Serum,50.56,1,7,Card,2,0,4.7,50.56
52784,1768,2024-02-23,Yaroslavl Oblast,Yaroslavl,App,Paid Search,sports,Bicycle Helmet,50.6,1,0,SBP,2,0,4.4,50.6
52785,1658,2024-02-24,Krasnodar Krai,Sochi,Web,Social,beauty,Perfume,140.37,1,15,Credit,4,1,4.1,140.37
52786,1684,2024-02-25,Kaliningrad Oblast,Kaliningrad,App,Social,home,Bed Linen Set,76.02,3,10,Cash,4,0,4.2,228.06
52787,1710,2024-02-26,Volgograd Oblast,Volgograd,Mobile,Marketplace,beauty,Face Serum,33.4,2,0,Credit,2,0,4.4,66.8
52788,1162,2024-02-27,Omsk Oblast,Omsk,App,Organic Search,electronics,Wireless Headphones,70.18,1,20,SBP,3,0,4.5,70.18
52789,1001,2024-02-28,Tyumen Oblast,Tyumen,App,Direct,auto,Car Vacuum,52.23,2,15,Credit,2,0,4.7,104.46
52790,1780,2024-02-29,Krasnodar Krai,Krasnodar,Web,Marketplace,auto,Motor Oil,46.28,1,3,SBP,3,0,4.6,46.28
52791,1139,2024-03-01,Rostov Oblast,Rostov-on-Don,App,Marketplace,auto,Motor Oil,59.74,1,10,Cash,2,0,4.7,59.74
52792,1432,2024-03-02,Kemerovo Oblast,Kemerovo,App,Social,auto,Car Vacuum,46.55,1,25,SBP,4,0,4.6,46.55
52793,1022,2024-03-03,Altai Krai,Barnaul,App,Social,beauty,Hair Dryer,62.17,3,0,Credit,3,0,4.4,186.51
52794,1483,2024-03-04,Kaliningrad Oblast,Kaliningrad,Web,Marketplace,auto,Dash Camera,97.42,1,20,Cash,4,0,4.6,97.42
52795,1333,2024-03-05,Tatarstan,Kazan,Web,Marketplace,books,Business Book,24.94,1,7,Cash,2,0,4.8,24.94
52796,1513,2024-03-06,Yaroslavl Oblast,Yaroslavl,App,Marketplace,clothes,Adidas Sneakers,97.29,4,5,Credit,2,0,4.9,389.16
52797,1826,2024-03-07,Stavropol Krai,Stavropol,App,Direct,electronics,Laptop Lenovo IdeaPad,609.87,1,5,Credit,3,0,4.8,609.87
52798,1375,2024-03-08,Kemerovo Oblast,Kemerovo,App,Social,beauty,Makeup Palette,46.84,1,0,Credit,1,0,4.9,46.84
52799,1690,2024-03-09,Moscow,Moscow,Web,Social,sports,Yoga Mat,33.51,1,15,Credit,1,0,4.8,33.51
52800,1065,2024-03-10,Saratov Oblast,Saratov,Web,Paid Search,home,Desk Lamp,33.76,1,0,SBP,3,0,4.7,33.76
52801,1177,2024-03-11,Tatarstan,Kazan,Web,Social,beauty,Makeup Palette,39.09,1,10,Credit,2,0,4.6,39.09
52802,1782,2024-03-12,Orenburg Oblast,Orenburg,Web,Social,home,Desk Lamp,51.26,4,7,Card,4,0,4.6,205.04
52803,1810,2024-03-13,Tyumen Oblast,Tyumen,App,Email,home,Bed Linen Set,73.94,1,5,SBP,3,0,4.7,73.94
52804,1075,2024-03-14,Altai Krai,Barnaul,App,Marketplace,books,Notebook Set,16.38,1,5,SBP,3,0,4.5,16.38
52805,1412,2024-03-15,Saint Petersburg,Saint Petersburg,App,Social,kids,Board Game,35.89,2,12,Card,2,0,4.5,71.78
52806,1521,2024-03-16,Chelyabinsk Oblast,Chelyabinsk,App,Direct,kids,Kids Backpack,52.76,2,10,Card,5,0,4.4,105.52
52807,1728,2024-03-17,Primorsky Krai,Vladivostok,App,Social,electronics,Laptop Lenovo IdeaPad,1505.73,1,15,Cash,4,0,4.1,1505.73
52808,1583,2024-03-18,Perm Krai,Perm,Web,Paid Search,auto,Motor Oil,41.16,3,15,SBP,4,0,4.5,123.48
52809,1518,2024-03-19,Voronezh Oblast,Voronezh,Mobile,Direct,electronics,Smartphone Samsung,354.92,1,7,Card,2,0,4.7,354.92
52810,1270,2024-03-20,Krasnodar Krai,Sochi,Web,Email,clothes,Adidas Sneakers,125.73,1,15,SBP,2,0,4.4,125.73
52811,1363,2024-03-21,Krasnoyarsk Krai,Krasnoyarsk,App,Paid Search,electronics,Smartphone Samsung,371.85,1,15,Credit,4,0,4.3,371.85
52812,1354,2024-03-22,Kaliningrad Oblast,Kaliningrad,Web,Organic Search,auto,Car Vacuum,56.48,3,10,Card,4,0,4.7,169.44
52813,1195,2024-03-23,Nizhny Novgorod Oblast,Nizhny Novgorod,App,Direct,home,Bed Linen Set,55.54,1,0,Cash,2,0,4.1,55.54
52814,1424,2024-03-24,Udmurtia,Izhevsk,App,Email,electronics,Smartphone Samsung,478.78,1,10,Card,3,0,4.7,478.78
52815,1591,2024-03-25,Altai Krai,Barnaul,Web,Social,home,Desk Lamp,37.91,1,10,Cash,4,0,4.5,37.91
52816,1559,2024-03-26,Nizhny Novgorod Oblast,Nizhny Novgorod,App,Social,auto,Car Vacuum,49.83,1,0,Card,2,0,4.4,49.83
52817,1705,2024-03-27,Khabarovsk Krai,Khabarovsk,Web,Social,home,Bed Linen Set,57.98,1,20,Cash,4,0,4.6,57.98
52818,1353,2024-03-28,Krasnodar Krai,Sochi,App,Email,home,Vacuum Cleaner,230.75,1,10,SBP,2,0,4.5,230.75
52819,1019,2024-03-29,Saratov Oblast,Saratov,App,Email,auto,Car Vacuum,103.12,1,12,Cash,3,0,4.7,103.12
52820,1075,2024-03-30,Yaroslavl Oblast,Yaroslavl,App,Email,sports,Running Shoes,128.5,1,25,Card,3,0,4.5,128.5
52821,1435,2024-03-31,Yaroslavl Oblast,Yaroslavl,Web,Direct,home,Vacuum Cleaner,232.88,2,7,Credit,1,1,4.0,465.76
52822,1236,2024-04-01,Saratov Oblast,Saratov,App,Marketplace,beauty,Hair Dryer,71.19,2,0,SBP,3,1,3.8,142.38
52823,1765,2024-04-02,Novosibirsk Oblast,Novosibirsk,App,Direct,kids,Kids Backpack,39.23,2,15,SBP,3,0,4.3,78.46
52824,1259,2024-04-03,Krasnodar Krai,Sochi,Web,Paid Search,electronics,Smartphone Samsung,406.1,1,15,SBP,2,0,4.7,406.1
52825,1443,2024-04-04,Omsk Oblast,Omsk,App,Direct,clothes,Basic T-Shirt,25.66,2,3,Card,5,0,4.7,51.32
52826,1017,2024-04-05,Novosibirsk Oblast,Novosibirsk,Web,Paid Search,clothes,Zara Jacket,151.76,1,10,SBP,2,0,4.6,151.76
52827,1251,2024-04-06,Omsk Oblast,Omsk,App,Paid Search,sports,Yoga Mat,35.27,2,0,Cash,2,0,4.9,70.54
52828,1486,2024-04-07,Irkutsk Oblast,Irkutsk,Web,Direct,sports,Yoga Mat,28.82,1,7,SBP,5,0,4.1,28.82
52829,1081,2024-04-08,Voronezh Oblast,Voronezh,Web,Paid Search,kids,Toy Car,24.53,4,10,Cash,3,0,4.5,98.12
52830,1236,2024-04-09,Kemerovo Oblast,Kemerovo,Web,Social,clothes,Adidas Sneakers,129.26,2,0,SBP,4,0,4.3,258.52
52831,1362,2024-04-10,Saratov Oblast,Saratov,App,Organic Search,electronics,Wireless Headphones,88.59,1,3,SBP,4,0,4.4,88.59
52832,1736,2024-04-11,Udmurtia,Izhevsk,Web,Paid Search,auto,Motor Oil,31.59,1,0,Card,4,1,3.7,31.59
52833,1601,2024-04-12,Moscow,Moscow,Web,Email,kids,Lego Set,107.16,1,0,SBP,2,0,4.7,107.16
52834,1272,2024-04-13,Krasnodar Krai,Krasnodar,Web,Organic Search,home,Coffee Machine,156.09,2,25,SBP,4,1,3.8,312.18
52835,1434,2024-04-14,Irkutsk Oblast,Irkutsk,App,Marketplace,clothes,Zara Jacket,111.48,3,5,SBP,5,0,4.3,334.44
52836,1185,2024-04-15,Kaliningrad Oblast,Kaliningrad,Web,Email,clothes,Adidas Sneakers,147.4,1,7,Cash,3,0,4.6,147.4
52837,1740,2024-04-16,Kemerovo Oblast,Kemerovo,Web,Email,auto,Phone Holder,18.75,1,12,Cash,3,0,4.4,18.75
52838,1002,2024-04-17,Tyumen Oblast,Tyumen,Web,Organic Search,kids,Board Game,31.1,1,5,Credit,2,1,3.7,31.1
52839,1404,2024-04-18,Stavropol Krai,Stavropol,Mobile,Direct,beauty,Perfume,117.98,3,25,Credit,2,0,4.5,353.94
52840,1175,2024-04-19,Altai Krai,Barnaul,Web,Organic Search,clothes,Winter Hoodie,65.88,1,15,SBP,4,1,3.7,65.88
52841,1587,2024-04-20,Udmurtia,Izhevsk,App,Marketplace,home,Bed Linen Set,60.56,2,3,SBP,3,0,4.8,121.12
52842,1765,2024-04-21,Kaliningrad Oblast,Kaliningrad,App,Organic Search,electronics,Wireless Headphones,113.35,1,5,Card,6,0,4.3,113.35
52843,1697,2024-04-22,Volgograd Oblast,Volgograd,Web,Social,beauty,Perfume,112.14,1,12,Credit,3,1,3.3,112.14
52844,1306,2024-04-23,Tatarstan,Kazan,Web,Marketplace,home,Vacuum Cleaner,259.49,1,3,SBP,3,0,4.6,259.49
52845,1206,2024-04-24,Novosibirsk Oblast,Novosibirsk,Web,Direct,clothes,Basic T-Shirt,28.19,1,25,Credit,3,0,4.7,28.19
52846,1730,2024-04-25,Krasnodar Krai,Sochi,Web,Direct,clothes,Basic T-Shirt,27.26,1,7,Card,2,0,4.7,27.26
52847,1687,2024-04-26,Kemerovo Oblast,Kemerovo,App,Marketplace,home,Coffee Machine,151.01,3,3,Cash,5,0,4.2,453.03
52848,1063,2024-04-27,Krasnoyarsk Krai,Krasnoyarsk,App,Marketplace,sports,Yoga Mat,39.73,1,10,SBP,3,0,4.6,39.73
52849,1188,2024-04-28,Bashkortostan,Ufa,App,Email,home,Coffee Machine,163.63,1,15,Credit,4,0,4.4,163.63
52850,1431,2024-04-29,Moscow,Moscow,Web,Email,electronics,Smartphone Samsung,581.42,1,0,Card,1,0,4.6,581.42
52851,1177,2024-04-30,Rostov Oblast,Rostov-on-Don,Web,Paid Search,electronics,Smart Watch,144.48,1,12,SBP,3,0,4.0,144.48
52852,1371,2024-05-01,Tatarstan,Kazan,Web,Direct,kids,Board Game,32.21,3,5,Cash,2,0,4.6,96.63
52853,1229,2024-05-02,Kaliningrad Oblast,Kaliningrad,Web,Organic Search,beauty,Makeup Palette,43.02,1,0,Cash,4,0,4.2,43.02
52854,1161,2024-05-03,Bashkortostan,Ufa,Web,Organic Search,auto,Motor Oil,33.64,1,15,Credit,2,0,4.5,33.64
52855,1126,2024-05-04,Irkutsk Oblast,Irkutsk,App,Social,clothes,Winter Hoodie,67.82,1,0,SBP,4,1,3.8,67.82
52856,1114,2024-05-05,Yaroslavl Oblast,Yaroslavl,Mobile,Organic Search,clothes,Basic T-Shirt,23.53,2,20,Card,3,0,4.3,47.06
52857,1082,2024-05-06,Perm Krai,Perm,App,Marketplace,beauty,Face Serum,37.63,1,10,Cash,4,0,4.4,37.63
52858,1284,2024-05-07,Omsk Oblast,Omsk,App,Organic Search,beauty,Makeup Palette,46.58,2,3,Credit,4,0,4.7,93.16
52859,1354,2024-05-08,Novosibirsk Oblast,Novosibirsk,Web,Email,home,Bed Linen Set,51.37,2,20,Card,3,0,4.7,102.74
52860,1649,2024-05-09,Rostov Oblast,Rostov-on-Don,App,Marketplace,home,Desk Lamp,41.51,1,5,Card,4,1,4.0,41.51
52861,1242,2024-05-10,Samara Oblast,Samara,App,Organic Search,beauty,Makeup Palette,52.17,1,10,Credit,2,0,5.0,52.17
52862,1452,2024-05-11,Tyumen Oblast,Tyumen,Web,Paid Search,electronics,Wireless Headphones,105.12,1,25,SBP,3,0,4.9,105.12
52863,1549,2024-05-12,Irkutsk Oblast,Irkutsk,App,Paid Search,beauty,Hair Dryer,76.51,2,5,SBP,4,0,4.6,153.02
52864,1656,2024-05-13,Samara Oblast,Samara,App,Organic Search,home,Bed Linen Set,52.41,1,7,Cash,2,0,4.7,52.41
52865,1532,2024-05-14,Tatarstan,Kazan,App,Organic Search,electronics,Wireless Headphones,94.48,1,18,Credit,1,0,4.3,94.48
52866,1449,2024-05-15,Perm Krai,Perm,App,Email,sports,Yoga Mat,62.33,3,5,Cash,4,0,4.5,186.99
52867,1758,2024-05-16,Tyumen Oblast,Tyumen,App,Social,sports,Running Shoes,139.55,1,5,Credit,3,0,4.9,139.55
52868,1200,2024-05-17,Krasnodar Krai,Krasnodar,Web,Email,auto,Phone Holder,26.7,2,15,SBP,2,0,4.8,53.4
52869,1001,2024-05-18,Krasnoyarsk Krai,Krasnoyarsk,Mobile,Paid Search,auto,Dash Camera,150.54,2,10,Credit,4,0,4.4,301.08
52870,1254,2024-05-19,Primorsky Krai,Vladivostok,Web,Paid Search,beauty,Hair Dryer,81.9,2,15,Card,6,0,4.2,163.8
52871,1511,2024-05-20,Khabarovsk Krai,Khabarovsk,App,Marketplace,auto,Motor Oil,48.57,2,15,SBP,3,0,4.8,97.14
52872,1625,2024-05-21,Stavropol Krai,Stavropol,Web,Direct,sports,Bicycle Helmet,53.01,4,12,Card,3,0,4.7,212.04
52873,1017,2024-05-22,Volgograd Oblast,Volgograd,Web,Marketplace,electronics,Smart Watch,131.95,1,0,SBP,2,0,4.6,131.95
52874,1808,2024-05-23,Krasnoyarsk Krai,Krasnoyarsk,Web,Organic Search,home,Coffee Machine,156.45,1,3,Credit,2,0,4.5,156.45
52875,1008,2024-05-24,Rostov Oblast,Rostov-on-Don,Web,Marketplace,home,Desk Lamp,47.95,2,7,Credit,4,0,4.6,95.9
52876,1380,2024-05-25,Perm Krai,Perm,Web,Direct,clothes,Zara Jacket,118.92,1,10,Card,4,0,4.7,118.92
52877,1561,2024-05-26,Udmurtia,Izhevsk,App,Email,beauty,Face Serum,40.28,1,3,Cash,4,0,4.3,40.28
52878,1115,2024-05-27,Primorsky Krai,Vladivostok,Web,Email,sports,Bicycle Helmet,55.33,3,3,SBP,3,0,4.5,165.99
52879,1381,2024-05-28,Yaroslavl Oblast,Yaroslavl,App,Organic Search,clothes,Adidas Sneakers,96.79,2,7,Cash,3,0,4.7,193.58
52880,1549,2024-05-29,Saint Petersburg,Saint Petersburg,Web,Paid Search,sports,Running Shoes,117.57,2,15,Credit,3,0,4.6,235.14
52881,1810,2024-05-30,Voronezh Oblast,Voronezh,App,Organic Search,sports,Dumbbells Set,80.58,3,10,SBP,2,0,4.7,241.74
52882,1184,2024-05-31,Nizhny Novgorod Oblast,Nizhny Novgorod,App,Marketplace,electronics,Laptop Lenovo IdeaPad,794.8,1,20,SBP,4,0,5.0,794.8
52883,1804,2024-06-01,Kaliningrad Oblast,Kaliningrad,App,Paid Search,books,Python Book,49.73,1,0,Credit,3,0,4.9,49.73
52884,1251,2024-06-02,Saratov Oblast,Saratov,App,Direct,electronics,Laptop Lenovo IdeaPad,541.78,1,15,Card,3,0,4.1,541.78
52885,1018,2024-06-03,Tyumen Oblast,Tyumen,App,Marketplace,sports,Bicycle Helmet,63.63,1,10,SBP,3,0,4.6,63.63
52886,1490,2024-06-04,Omsk Oblast,Omsk,App,Direct,clothes,Adidas Sneakers,125.96,1,0,Card,3,0,4.4,125.96
52887,1666,2024-06-05,Tyumen Oblast,Tyumen,Mobile,Organic Search,books,Python Book,38.91,1,5,Card,2,0,4.4,38.91
52888,1497,2024-06-06,Stavropol Krai,Stavropol,App,Email,clothes,Winter Hoodie,58.26,2,5,Card,3,0,4.9,116.52
52889,1417,2024-06-07,Irkutsk Oblast,Irkutsk,App,Social,kids,Kids Backpack,40.98,1,10,Credit,5,0,4.2,40.98
52890,1742,2024-06-08,Kaliningrad Oblast,Kaliningrad,Web,Marketplace,home,Coffee Machine,137.13,1,20,Credit,3,0,4.6,137.13
52891,1510,2024-06-09,Chelyabinsk Oblast,Chelyabinsk,App,Direct,clothes,Adidas Sneakers,120.36,2,0,Card,1,0,4.4,240.72
52892,1618,2024-06-10,Khabarovsk Krai,Khabarovsk,Mobile,Organic Search,beauty,Face Serum,47.4,1,18,Card,5,0,4.7,47.4
52893,1358,2024-06-11,Volgograd Oblast,Volgograd,App,Direct,home,Coffee Machine,139.75,3,5,Cash,4,1,4.0,419.25
52894,1811,2024-06-12,Voronezh Oblast,Voronezh,App,Paid Search,electronics,Smart Watch,150.29,2,15,SBP,4,0,4.4,300.58
52895,1345,2024-06-13,Chelyabinsk Oblast,Chelyabinsk,Web,Marketplace,home,Coffee Machine,150.72,2,0,Credit,4,1,3.6,301.44
52896,1341,2024-06-14,Krasnodar Krai,Krasnodar,Mobile,Email,auto,Car Vacuum,53.94,1,15,Card,3,0,4.4,53.94
52897,1757,2024-06-15,Kemerovo Oblast,Kemerovo,App,Organic Search,home,Coffee Machine,128.25,2,10,SBP,3,0,4.4,256.5
52898,1610,2024-06-16,Yaroslavl Oblast,Yaroslavl,App,Marketplace,auto,Dash Camera,105.82,1,3,Credit,2,1,3.7,105.82
52899,1487,2024-06-17,Tomsk Oblast,Tomsk,Web,Paid Search,sports,Bicycle Helmet,56.67,1,20,Credit,4,0,4.3,56.67
52900,1195,2024-06-18,Moscow,Moscow,App,Marketplace,clothes,Winter Hoodie,65.77,2,18,SBP,2,0,4.7,131.54
52901,1126,2024-06-19,Sverdlovsk Oblast,Yekaterinburg,App,Organic Search,home,Desk Lamp,37.04,2,7,SBP,3,0,4.7,74.08
52902,1412,2024-06-20,Bashkortostan,Ufa,Web,Social,electronics,Laptop Lenovo IdeaPad,639.36,1,5,Card,4,1,4.0,639.36
52903,1217,2024-06-21,Irkutsk Oblast,Irkutsk,Web,Organic Search,auto,Phone Holder,18.71,1,3,Credit,5,0,4.5,18.71
52904,1299,2024-06-22,Irkutsk Oblast,Irkutsk,App,Organic Search,auto,Phone Holder,18.72,1,7,Credit,2,0,4.8,18.72
52905,1589,2024-06-23,Altai Krai,Barnaul,Web,Social,clothes,Basic T-Shirt,26.09,1,12,SBP,4,1,3.5,26.09
52906,1419,2024-06-24,Samara Oblast,Samara,Web,Email,clothes,Zara Jacket,126.79,3,0,SBP,4,0,4.3,380.37
52907,1407,2024-06-25,Kaliningrad Oblast,Kaliningrad,Mobile,Social,books,Python Book,37.89,3,10,Card,4,0,4.7,113.67
52908,1670,2024-06-26,Altai Krai,Barnaul,Mobile,Organic Search,clothes,Zara Jacket,159.75,1,3,SBP,3,0,4.5,159.75
52909,1612,2024-06-27,Orenburg Oblast,Orenburg,App,Direct,auto,Car Vacuum,49.41,2,0,Cash,2,0,4.8,98.82
52910,1497,2024-06-28,Irkutsk Oblast,Irkutsk,Mobile,Direct,beauty,Hair Dryer,59.88,3,18,Cash,3,1,3.8,179.64
52911,1062,2024-06-29,Samara Oblast,Samara,Web,Direct,books,Cookbook,19.5,1,10,SBP,3,0,4.5,19.5
52912,1345,2024-06-30,Tyumen Oblast,Tyumen,App,Marketplace,electronics,Smartphone Samsung,403.34,2,10,Card,2,0,4.6,806.68
52913,1543,2024-07-01,Saratov Oblast,Saratov,Mobile,Organic Search,kids,Kids Backpack,40.09,2,3,SBP,4,1,3.8,80.18
52914,1627,2024-07-02,Saint Petersburg,Saint Petersburg,Web,Paid Search,electronics,Smart Watch,181.02,1,12,Credit,2,0,4.6,181.02
52915,1168,2024-07-03,Saratov Oblast,Saratov,Web,Organic Search,sports,Dumbbells Set,144.66,1,0,Card,1,0,5.0,144.66
52916,1011,2024-07-04,Nizhny Novgorod Oblast,Nizhny Novgorod,App,Email,electronics,Smartphone Samsung,351.47,1,20,Cash,3,0,4.4,351.47
52917,1505,2024-07-05,Moscow,Moscow,Web,Marketplace,auto,Dash Camera,123.23,2,7,SBP,1,0,4.2,246.46
52918,1179,2024-07-06,Irkutsk Oblast,Irkutsk,Web,Marketplace,books,Notebook Set,18.05,1,3,Cash,3,0,4.7,18.05
52919,1693,2024-07-07,Krasnoyarsk Krai,Krasnoyarsk,App,Paid Search,kids,Kids Backpack,35.65,3,5,Cash,5,0,4.4,106.95
52920,1054,2024-07-08,Primorsky Krai,Vladivostok,App,Social,clothes,Adidas Sneakers,115.66,1,7,Card,4,0,4.8,115.66
52921,1654,2024-07-09,Chelyabinsk Oblast,Chelyabinsk,Web,Social,books,Business Book,30.32,1,10,SBP,2,0,4.6,30.32
52922,1119,2024-07-10,Saratov Oblast,Saratov,Web,Paid Search,electronics,Wireless Headphones,153.68,1,7,Credit,4,0,4.6,153.68
52923,1431,2024-07-11,Orenburg Oblast,Orenburg,Web,Social,electronics,Laptop Lenovo IdeaPad,810.08,1,3,Credit,4,0,4.9,810.08
52924,1446,2024-07-12,Samara Oblast,Samara,App,Organic Search,electronics,Laptop Lenovo IdeaPad,587.78,2,25,Cash,3,1,3.8,1175.56
52925,1120,2024-07-13,Rostov Oblast,Rostov-on-Don,App,Paid Search,books,Notebook Set,15.67,2,0,Credit,2,0,4.9,31.34
52926,1257,2024-07-14,Krasnodar Krai,Krasnodar,App,Direct,home,Vacuum Cleaner,177.83,1,10,Card,2,0,4.6,177.83
52927,1829,2024-07-15,Perm Krai,Perm,App,Direct,kids,Board Game,31.21,1,15,Cash,4,0,4.3,31.21
52928,1029,2024-07-16,Saratov Oblast,Saratov,Mobile,Social,sports,Dumbbells Set,82.86,2,3,Cash,3,0,4.7,165.72
52929,1457,2024-07-17,Kaliningrad Oblast,Kaliningrad,App,Direct,home,Bed Linen Set,51.82,2,0,Credit,3,0,4.8,103.64
52930,1506,2024-07-18,Omsk Oblast,Omsk,Web,Social,home,Desk Lamp,38.47,1,0,SBP,2,0,4.7,38.47
52931,1836,2024-07-19,Rostov Oblast,Rostov-on-Don,App,Organic Search,sports,Bicycle Helmet,60.72,2,15,Cash,1,0,4.6,121.44
52932,1374,2024-07-20,Krasnodar Krai,Krasnodar,App,Direct,beauty,Face Serum,32.65,2,0,SBP,2,0,5.0,65.3
52933,1001,2024-07-21,Voronezh Oblast,Voronezh,Mobile,Email,sports,Bicycle Helmet,48.67,1,15,Credit,3,0,4.6,48.67
52934,1815,2024-07-22,Tyumen Oblast,Tyumen,Mobile,Social,clothes,Adidas Sneakers,135.66,1,15,Card,3,1,3.9,135.66
52935,1093,2024-07-23,Stavropol Krai,Stavropol,App,Organic Search,beauty,Face Serum,30.2,1,0,Card,3,0,4.8,30.2
52936,1666,2024-07-24,Omsk Oblast,Omsk,Mobile,Organic Search,electronics,Smartphone Samsung,412.77,2,3,SBP,5,0,4.4,825.54
52937,1211,2024-07-25,Nizhny Novgorod Oblast,Nizhny Novgorod,Web,Marketplace,books,Notebook Set,20.88,2,0,SBP,2,0,4.8,41.76
52938,1447,2024-07-26,Udmurtia,Izhevsk,Mobile,Marketplace,clothes,Adidas Sneakers,131.1,1,18,Cash,1,0,4.7,131.1
52939,1268,2024-07-27,Samara Oblast,Samara,App,Direct,auto,Phone Holder,23.51,3,0,Credit,3,0,4.7,70.53
52940,1508,2024-07-28,Saint Petersburg,Saint Petersburg,App,Marketplace,home,Desk Lamp,44.44,1,12,SBP,1,0,4.7,44.44
52941,1662,2024-01-01,Voronezh Oblast,Voronezh,Web,Email,home,Vacuum Cleaner,168.23,2,10,SBP,2,0,4.9,336.46
52942,1776,2024-01-02,Krasnodar Krai,Krasnodar,App,Marketplace,electronics,Smartphone Samsung,371.42,2,10,Card,3,0,4.3,742.84
52943,1540,2024-01-03,Chelyabinsk Oblast,Chelyabinsk,Web,Paid Search,beauty,Face Serum,34.96,2,7,Cash,3,0,4.7,69.92
52944,1850,2024-01-04,Moscow,Moscow,Web,Social,home,Desk Lamp,53.93,2,3,Credit,2,0,4.8,107.86
52945,1720,2024-01-05,Novosibirsk Oblast,Novosibirsk,App,Marketplace,sports,Dumbbells Set,84.93,1,20,Credit,3,0,4.6,84.93
52946,1587,2024-01-06,Orenburg Oblast,Orenburg,App,Direct,books,Python Book,40.95,1,20,Credit,4,0,4.7,40.95
52947,1070,2024-01-07,Samara Oblast,Samara,App,Direct,clothes,Adidas Sneakers,110.73,3,0,SBP,2,0,5.0,332.19
52948,1651,2024-01-08,Omsk Oblast,Omsk,App,Direct,kids,Toy Car,21.31,2,10,Card,4,0,4.4,42.62
52949,1627,2024-01-09,Tatarstan,Kazan,App,Marketplace,clothes,Adidas Sneakers,135.15,1,20,Card,1,0,4.9,135.15
52950,1568,2024-01-10,Irkutsk Oblast,Irkutsk,App,Email,auto,Car Vacuum,45.27,3,15,Cash,3,0,4.7,135.81
52951,1353,2024-01-11,Udmurtia,Izhevsk,App,Direct,books,Business Book,23.43,1,5,Credit,4,0,4.2,23.43
52952,1504,2024-01-12,Krasnodar Krai,Krasnodar,Web,Social,sports,Dumbbells Set,72.98,1,12,Cash,2,0,4.7,72.98
52953,1493,2024-01-13,Kaliningrad Oblast,Kaliningrad,App,Direct,beauty,Hair Dryer,84.26,1,10,SBP,4,0,4.7,84.26
52954,1813,2024-01-14,Krasnodar Krai,Krasnodar,App,Marketplace,sports,Dumbbells Set,91.71,1,18,SBP,2,0,4.9,91.71
52955,1230,2024-01-15,Novosibirsk Oblast,Novosibirsk,Mobile,Paid Search,auto,Car Vacuum,53.51,2,10,Credit,1,0,4.7,107.02
52956,1074,2024-01-16,Nizhny Novgorod Oblast,Nizhny Novgorod,App,Organic Search,clothes,Zara Jacket,134.38,1,12,Cash,4,0,4.8,134.38
52957,1784,2024-01-17,Khabarovsk Krai,Khabarovsk,App,Direct,electronics,Smartphone Samsung,481.18,1,3,Card,5,0,4.5,481.18
52958,1747,2024-01-18,Rostov Oblast,Rostov-on-Don,Mobile,Social,books,Notebook Set,21.1,2,12,Cash,3,0,4.6,42.2
52959,1776,2024-01-19,Rostov Oblast,Rostov-on-Don,Mobile,Paid Search,home,Vacuum Cleaner,206.3,2,18,SBP,4,0,4.3,412.6
52960,1231,2024-01-20,Sverdlovsk Oblast,Yekaterinburg,App,Direct,clothes,Basic T-Shirt,33.03,1,7,Card,2,0,4.6,33.03
52961,1460,2024-01-21,Voronezh Oblast,Voronezh,App,Marketplace,books,Business Book,40.85,1,7,SBP,2,1,4.1,40.85
52962,1813,2024-01-22,Samara Oblast,Samara,Web,Email,clothes,Zara Jacket,128.24,2,18,Cash,3,1,3.6,256.48
52963,1329,2024-01-23,Omsk Oblast,Omsk,Web,Organic Search,electronics,Wireless Headphones,76.18,1,0,Cash,5,1,3.3,76.18
52964,1764,2024-01-24,Stavropol Krai,Stavropol,Web,Social,sports,Yoga Mat,32.9,1,10,Cash,2,0,4.3,32.9
52965,1498,2024-01-25,Irkutsk Oblast,Irkutsk,Web,Email,auto,Car Vacuum,59.47,1,10,SBP,3,0,4.6,59.47
52966,1421,2024-01-26,Novosibirsk Oblast,Novosibirsk,App,Social,beauty,Hair Dryer,62.07,2,3,Credit,3,1,3.7,124.14
52967,1714,2024-01-27,Volgograd Oblast,Volgograd,Web,Marketplace,auto,Car Vacuum,56.33,3,0,Card,1,0,4.4,168.99
52968,1505,2024-01-28,Krasnodar Krai,Krasnodar,App,Email,auto,Dash Camera,78.92,1,0,Card,3,0,5.0,78.92
52969,1380,2024-01-29,Omsk Oblast,Omsk,App,Marketplace,electronics,Smartphone Samsung,551.88,1,0,Cash,4,0,4.5,551.88
52970,1809,2024-01-30,Saint Petersburg,Saint Petersburg,App,Social,beauty,Face Serum,42.15,1,7,SBP,2,0,4.9,42.15
52971,1025,2024-01-31,Saint Petersburg,Saint Petersburg,Web,Paid Search,kids,Board Game,61.53,1,15,Credit,3,1,3.8,61.53
52972,1551,2024-02-01,Rostov Oblast,Rostov-on-Don,Web,Organic Search,auto,Car Vacuum,55.46,1,15,Card,2,0,5.0,55.46
52973,1799,2024-02-02,Khabarovsk Krai,Khabarovsk,Web,Marketplace,clothes,Winter Hoodie,60.74,1,12,Card,6,0,4.3,60.74
52974,1379,2024-02-03,Tomsk Oblast,Tomsk,App,Email,kids,Board Game,24.31,1,20,SBP,3,0,4.7,24.31
52975,1025,2024-02-04,Voronezh Oblast,Voronezh,App,Email,beauty,Hair Dryer,56.27,2,15,Card,2,0,4.5,112.54
52976,1805,2024-02-05,Novosibirsk Oblast,Novosibirsk,App,Direct,auto,Car Vacuum,53.16,1,10,SBP,3,0,4.7,53.16
52977,1474,2024-02-06,Voronezh Oblast,Voronezh,App,Direct,sports,Running Shoes,90.61,1,5,Credit,1,0,4.9,90.61
52978,1289,2024-02-07,Irkutsk Oblast,Irkutsk,Web,Paid Search,kids,Board Game,34.52,1,0,Credit,5,0,4.4,34.52
52979,1175,2024-02-08,Voronezh Oblast,Voronezh,App,Direct,electronics,Smart Watch,182.4,2,10,Card,3,0,4.6,364.8
52980,1023,2024-02-09,Orenburg Oblast,Orenburg,App,Marketplace,books,Cookbook,21.33,1,10,Credit,3,1,3.8,21.33
52981,1397,2024-02-10,Kemerovo Oblast,Kemerovo,Web,Social,books,Python Book,29.5,1,20,Cash,2,0,4.7,29.5
52982,1167,2024-02-11,Tomsk Oblast,Tomsk,Web,Marketplace,kids,Lego Set,101.27,2,12,SBP,4,0,4.7,202.54
52983,1778,2024-02-12,Nizhny Novgorod Oblast,Nizhny Novgorod,App,Social,auto,Car Vacuum,64.38,1,5,Cash,3,0,4.3,64.38
52984,1648,2024-02-13,Samara Oblast,Samara,Mobile,Paid Search,clothes,Basic T-Shirt,23.33,2,18,Cash,4,0,4.2,46.66
52985,1273,2024-02-14,Samara Oblast,Samara,Web,Marketplace,auto,Dash Camera,99.63,2,7,SBP,2,1,3.3,199.26
52986,1815,2024-02-15,Irkutsk Oblast,Irkutsk,App,Direct,auto,Dash Camera,96.79,1,15,Cash,2,0,4.5,96.79
52987,1586,2024-02-16,Saratov Oblast,Saratov,Web,Marketplace,kids,Toy Car,26.69,1,12,Credit,3,0,4.4,26.69
52988,1586,2024-02-17,Stavropol Krai,Stavropol,App,Social,home,Coffee Machine,168.23,1,18,Credit,2,0,4.7,168.23
52989,1390,2024-02-18,Nizhny Novgorod Oblast,Nizhny Novgorod,App,Marketplace,sports,Dumbbells Set,100.52,2,0,SBP,3,0,4.7,201.04
52990,1327,2024-02-19,Krasnodar Krai,Sochi,App,Organic Search,sports,Yoga Mat,43.45,3,0,Card,3,0,4.4,130.35
52991,1285,2024-02-20,Moscow,Moscow,Web,Email,clothes,Winter Hoodie,87.19,2,15,Credit,1,0,4.7,174.38
52992,1019,2024-02-21,Chelyabinsk Oblast,Chelyabinsk,App,Social,auto,Car Vacuum,58.6,1,20,Card,4,0,4.7,58.6
52993,1380,2024-02-22,Bashkortostan,Ufa,App,Social,sports,Running Shoes,93.61,1,10,Credit,2,0,4.6,93.61
52994,1771,2024-02-23,Saratov Oblast,Saratov,Mobile,Social,home,Desk Lamp,46.33,1,15,Credit,3,0,4.3,46.33
52995,1703,2024-02-24,Sverdlovsk Oblast,Yekaterinburg,Web,Email,home,Desk Lamp,35.53,1,25,Credit,4,0,4.2,35.53
52996,1735,2024-02-25,Rostov Oblast,Rostov-on-Don,App,Marketplace,beauty,Makeup Palette,48.25,1,10,SBP,2,0,4.2,48.25
52997,1652,2024-02-26,Tomsk Oblast,Tomsk,Web,Marketplace,auto,Phone Holder,25.49,1,7,Cash,3,1,4.0,25.49
52998,1494,2024-02-27,Udmurtia,Izhevsk,App,Email,beauty,Hair Dryer,70.59,3,15,Credit,3,1,4.2,211.77
52999,1067,2024-02-28,Orenburg Oblast,Orenburg,App,Organic Search,electronics,Wireless Headphones,102.5,1,0,Card,2,0,4.7,102.5
53000,1076,2024-02-29,Tyumen Oblast,Tyumen,Web,Direct,home,Bed Linen Set,71.8,2,5,SBP,3,0,4.7,143.6
53001,1755,2024-03-01,Voronezh Oblast,Voronezh,App,Paid Search,clothes,Basic T-Shirt,34.42,1,0,Card,3,0,5.0,34.42
53002,1004,2024-03-02,Krasnodar Krai,Sochi,App,Email,home,Bed Linen Set,73.23,2,3,Card,3,1,3.6,146.46
53003,1110,2024-03-03,Kaliningrad Oblast,Kaliningrad,Mobile,Paid Search,sports,Running Shoes,108.76,1,15,Cash,3,0,4.7,108.76
53004,1768,2024-03-04,Primorsky Krai,Vladivostok,App,Social,beauty,Face Serum,42.2,1,0,Card,5,0,4.0,42.2
53005,1213,2024-03-05,Bashkortostan,Ufa,Mobile,Marketplace,clothes,Winter Hoodie,60.91,1,10,Credit,5,0,4.2,60.91
53006,1055,2024-03-06,Bashkortostan,Ufa,Mobile,Paid Search,auto,Dash Camera,92.99,1,7,Cash,3,0,4.9,92.99
53007,1048,2024-03-07,Moscow,Moscow,Mobile,Organic Search,books,Business Book,39.42,1,7,SBP,2,0,4.7,39.42
53008,1148,2024-03-08,Bashkortostan,Ufa,App,Paid Search,home,Bed Linen Set,48.55,2,5,Credit,3,0,4.4,97.1
53009,1540,2024-03-09,Primorsky Krai,Vladivostok,Web,Email,clothes,Winter Hoodie,75.09,1,15,Credit,5,1,3.6,75.09
53010,1804,2024-03-10,Omsk Oblast,Omsk,App,Organic Search,electronics,Smart Watch,165.77,1,0,Cash,4,0,4.5,165.77
53011,1271,2024-03-11,Krasnoyarsk Krai,Krasnoyarsk,App,Marketplace,sports,Dumbbells Set,78.16,1,0,Card,3,0,4.6,78.16
53012,1185,2024-03-12,Kaliningrad Oblast,Kaliningrad,Web,Paid Search,auto,Motor Oil,36.9,2,3,Credit,3,0,4.4,73.8
53013,1032,2024-03-13,Bashkortostan,Ufa,App,Organic Search,sports,Bicycle Helmet,45.11,1,10,Card,2,0,5.0,45.11
53014,1068,2024-03-14,Yaroslavl Oblast,Yaroslavl,App,Organic Search,sports,Running Shoes,131.63,1,3,Credit,3,0,4.7,131.63
53015,1718,2024-03-15,Samara Oblast,Samara,Mobile,Organic Search,beauty,Face Serum,36.16,2,25,Credit,5,0,4.4,72.32
53016,1580,2024-03-16,Sverdlovsk Oblast,Yekaterinburg,Web,Organic Search,beauty,Perfume,125.53,1,18,Cash,4,0,4.5,125.53
53017,1277,2024-03-17,Voronezh Oblast,Voronezh,Mobile,Email,electronics,Smartphone Samsung,487.36,1,25,Credit,2,0,4.7,487.36
53018,1086,2024-03-18,Stavropol Krai,Stavropol,Mobile,Social,sports,Yoga Mat,36.88,1,5,Card,3,0,4.2,36.88
53019,1336,2024-03-19,Tomsk Oblast,Tomsk,Mobile,Direct,beauty,Face Serum,43.65,1,5,Credit,4,1,3.9,43.65
53020,1622,2024-03-20,Saint Petersburg,Saint Petersburg,App,Paid Search,books,Business Book,36.61,2,5,Credit,3,0,4.5,73.22
53021,1411,2024-03-21,Voronezh Oblast,Voronezh,App,Paid Search,electronics,Wireless Headphones,103.72,1,7,SBP,3,0,4.7,103.72
53022,1531,2024-03-22,Udmurtia,Izhevsk,Web,Marketplace,electronics,Wireless Headphones,88.07,2,15,Cash,3,1,4.0,176.14
53023,1512,2024-03-23,Chelyabinsk Oblast,Chelyabinsk,Web,Social,kids,Lego Set,85.49,1,0,SBP,3,1,3.9,85.49
53024,1307,2024-03-24,Bashkortostan,Ufa,Web,Organic Search,auto,Car Vacuum,53.64,2,5,SBP,4,0,4.6,107.28
53025,1839,2024-03-25,Yaroslavl Oblast,Yaroslavl,Web,Marketplace,electronics,Wireless Headphones,89.33,1,10,Card,2,1,3.5,89.33
53026,1744,2024-03-26,Novosibirsk Oblast,Novosibirsk,Mobile,Email,sports,Dumbbells Set,84.36,1,25,Card,4,1,3.8,84.36
53027,1369,2024-03-27,Nizhny Novgorod Oblast,Nizhny Novgorod,App,Organic Search,electronics,Laptop Lenovo IdeaPad,766.13,2,0,Credit,1,0,4.5,1532.26
53028,1086,2024-03-28,Krasnodar Krai,Sochi,Web,Marketplace,clothes,Zara Jacket,161.52,2,12,SBP,3,0,4.8,323.04
53029,1460,2024-03-29,Saint Petersburg,Saint Petersburg,App,Direct,electronics,Smart Watch,195.16,1,20,Credit,2,1,3.6,195.16
53030,1135,2024-03-30,Primorsky Krai,Vladivostok,Mobile,Social,home,Desk Lamp,44.19,1,20,Card,4,0,4.5,44.19
53031,1163,2024-03-31,Krasnoyarsk Krai,Krasnoyarsk,Web,Email,kids,Kids Backpack,33.37,1,0,Credit,3,0,4.4,33.37
53032,1105,2024-04-01,Rostov Oblast,Rostov-on-Don,Web,Email,kids,Toy Car,22.98,3,5,Cash,2,0,4.2,68.94
53033,1553,2024-04-02,Volgograd Oblast,Volgograd,Web,Social,kids,Board Game,33.07,1,15,Card,2,0,4.4,33.07
53034,1367,2024-04-03,Tatarstan,Kazan,App,Organic Search,home,Vacuum Cleaner,247.4,1,0,Credit,4,1,3.8,247.4
53035,1361,2024-04-04,Tomsk Oblast,Tomsk,Web,Marketplace,clothes,Basic T-Shirt,35.04,2,7,Card,4,0,4.7,70.08
53036,1765,2024-04-05,Perm Krai,Perm,Mobile,Direct,electronics,Smart Watch,150.84,4,7,Cash,4,0,4.3,603.36
53037,1335,2024-04-06,Tyumen Oblast,Tyumen,App,Social,books,Python Book,37.77,1,3,SBP,3,0,4.7,37.77
53038,1573,2024-04-07,Bashkortostan,Ufa,App,Social,electronics,Laptop Lenovo IdeaPad,566.15,2,7,Credit,4,0,5.0,1132.3
53039,1295,2024-04-08,Stavropol Krai,Stavropol,Web,Social,electronics,Smartphone Samsung,472.61,1,10,Cash,2,0,4.7,472.61
53040,1624,2024-04-09,Kemerovo Oblast,Kemerovo,Mobile,Direct,clothes,Zara Jacket,108.32,2,5,Credit,3,0,4.5,216.64
53041,1323,2024-04-10,Altai Krai,Barnaul,Web,Marketplace,electronics,Wireless Headphones,77.15,2,5,Cash,2,1,4.0,154.3
53042,1049,2024-04-11,Saint Petersburg,Saint Petersburg,App,Marketplace,home,Coffee Machine,305.16,1,5,SBP,2,0,4.6,305.16
53043,1521,2024-04-12,Stavropol Krai,Stavropol,Mobile,Direct,clothes,Basic T-Shirt,28.61,3,20,Card,3,0,4.9,85.83
53044,1380,2024-04-13,Primorsky Krai,Vladivostok,App,Organic Search,home,Bed Linen Set,53.51,1,0,Cash,5,0,4.6,53.51
53045,1780,2024-04-14,Primorsky Krai,Vladivostok,Web,Direct,sports,Running Shoes,106.66,1,0,SBP,5,0,4.1,106.66
53046,1297,2024-04-15,Moscow,Moscow,App,Paid Search,clothes,Basic T-Shirt,34.77,1,5,Card,1,1,3.9,34.77
53047,1218,2024-04-16,Krasnodar Krai,Sochi,App,Marketplace,electronics,Laptop Lenovo IdeaPad,939.74,2,5,Cash,3,0,4.9,1879.48
53048,1627,2024-04-17,Orenburg Oblast,Orenburg,App,Paid Search,kids,Toy Car,19.24,1,18,Cash,3,0,4.5,19.24
53049,1083,2024-04-18,Saint Petersburg,Saint Petersburg,Web,Email,beauty,Perfume,135.98,1,0,Cash,1,1,4.0,135.98
53050,1441,2024-04-19,Nizhny Novgorod Oblast,Nizhny Novgorod,App,Email,books,Python Book,40.71,1,10,Credit,1,0,4.6,40.71
53051,1611,2024-04-20,Khabarovsk Krai,Khabarovsk,App,Email,home,Vacuum Cleaner,262.72,2,0,SBP,4,0,4.9,525.44
53052,1547,2024-04-21,Bashkortostan,Ufa,App,Paid Search,auto,Car Vacuum,55.65,3,5,Credit,3,0,5.0,166.95
53053,1833,2024-04-22,Krasnoyarsk Krai,Krasnoyarsk,Mobile,Email,beauty,Makeup Palette,40.6,1,3,Cash,3,0,5.0,40.6
53054,1006,2024-04-23,Kaliningrad Oblast,Kaliningrad,App,Paid Search,beauty,Perfume,109.34,1,10,Card,3,1,3.8,109.34
53055,1489,2024-04-24,Udmurtia,Izhevsk,Mobile,Organic Search,home,Bed Linen Set,54.1,2,12,Credit,2,0,4.9,108.2
53056,1472,2024-04-25,Voronezh Oblast,Voronezh,App,Organic Search,home,Coffee Machine,202.04,1,20,Card,3,1,4.3,202.04
53057,1520,2024-04-26,Tatarstan,Kazan,App,Organic Search,clothes,Zara Jacket,111.54,1,10,Credit,3,1,3.8,111.54
53058,1794,2024-04-27,Tomsk Oblast,Tomsk,Web,Marketplace,home,Bed Linen Set,48.69,1,7,Credit,4,1,3.7,48.69
53059,1024,2024-04-28,Kemerovo Oblast,Kemerovo,Mobile,Email,kids,Lego Set,132.35,1,3,Credit,3,0,4.5,132.35
53060,1043,2024-04-29,Primorsky Krai,Vladivostok,Web,Email,kids,Toy Car,27.09,1,15,Card,5,0,4.4,27.09
53061,1279,2024-04-30,Irkutsk Oblast,Irkutsk,Web,Social,home,Coffee Machine,177.33,3,25,Cash,4,0,4.5,531.99
53062,1705,2024-05-01,Sverdlovsk Oblast,Yekaterinburg,Web,Marketplace,home,Desk Lamp,43.79,1,0,Card,3,0,4.7,43.79
53063,1743,2024-05-02,Voronezh Oblast,Voronezh,App,Social,clothes,Winter Hoodie,71.85,1,10,Card,2,0,4.9,71.85
53064,1541,2024-05-03,Tomsk Oblast,Tomsk,Web,Marketplace,clothes,Winter Hoodie,68.94,2,7,Credit,5,0,4.6,137.88
53065,1172,2024-05-04,Moscow,Moscow,App,Social,home,Coffee Machine,187.36,1,10,Card,1,0,4.8,187.36
53066,1558,2024-05-05,Tomsk Oblast,Tomsk,App,Email,beauty,Hair Dryer,63.18,1,12,Cash,4,0,4.9,63.18
53067,1733,2024-05-06,Omsk Oblast,Omsk,App,Paid Search,home,Coffee Machine,142.37,1,5,Credit,5,0,4.4,142.37
53068,1438,2024-05-07,Samara Oblast,Samara,App,Organic Search,auto,Car Vacuum,50.86,1,10,SBP,2,0,4.4,50.86
53069,1475,2024-05-08,Saratov Oblast,Saratov,Web,Social,electronics,Wireless Headphones,76.32,2,7,Cash,3,0,4.8,152.64
53070,1735,2024-05-09,Krasnodar Krai,Sochi,App,Social,auto,Motor Oil,37.12,1,25,Cash,3,0,4.8,37.12
53071,1259,2024-05-10,Primorsky Krai,Vladivostok,Mobile,Paid Search,sports,Yoga Mat,31.0,1,15,Credit,4,0,4.5,31.0
53072,1573,2024-05-11,Saratov Oblast,Saratov,App,Organic Search,beauty,Makeup Palette,48.95,1,5,SBP,3,0,4.8,48.95
53073,1153,2024-05-12,Sverdlovsk Oblast,Yekaterinburg,Web,Paid Search,beauty,Face Serum,34.74,1,5,Credit,2,0,4.6,34.74
53074,1612,2024-05-13,Voronezh Oblast,Voronezh,Web,Direct,books,Notebook Set,17.84,1,15,Card,1,1,3.7,17.84
53075,1671,2024-05-14,Voronezh Oblast,Voronezh,App,Social,sports,Running Shoes,133.1,1,7,Credit,2,0,4.6,133.1
53076,1469,2024-05-15,Yaroslavl Oblast,Yaroslavl,Web,Direct,home,Vacuum Cleaner,239.95,2,0,Cash,2,0,4.4,479.9
53077,1643,2024-05-16,Saint Petersburg,Saint Petersburg,App,Organic Search,beauty,Perfume,142.82,2,7,Credit,2,0,4.6,285.64
53078,1152,2024-05-17,Udmurtia,Izhevsk,Web,Direct,auto,Car Vacuum,45.03,1,0,Credit,3,0,4.7,45.03
53079,1328,2024-05-18,Voronezh Oblast,Voronezh,App,Paid Search,auto,Dash Camera,96.43,1,0,Cash,1,0,4.8,96.43
53080,1563,2024-05-19,Nizhny Novgorod Oblast,Nizhny Novgorod,Web,Social,beauty,Makeup Palette,37.25,1,10,Credit,2,0,4.2,37.25
53081,1543,2024-05-20,Perm Krai,Perm,Mobile,Paid Search,sports,Dumbbells Set,96.79,1,0,Cash,3,0,4.8,96.79
53082,1302,2024-05-21,Udmurtia,Izhevsk,App,Social,home,Coffee Machine,253.26,1,25,SBP,2,0,4.5,253.26
53083,1725,2024-05-22,Novosibirsk Oblast,Novosibirsk,Web,Social,home,Vacuum Cleaner,202.63,1,20,Card,2,0,4.7,202.63
53084,1757,2024-05-23,Nizhny Novgorod Oblast,Nizhny Novgorod,Mobile,Email,auto,Motor Oil,36.98,1,5,Cash,2,0,4.6,36.98
53085,1299,2024-05-24,Volgograd Oblast,Volgograd,Web,Direct,kids,Lego Set,80.33,2,18,SBP,4,0,4.6,160.66
53086,1619,2024-05-25,Rostov Oblast,Rostov-on-Don,Web,Email,clothes,Zara Jacket,105.8,1,0,Credit,4,0,4.7,105.8
53087,1542,2024-05-26,Udmurtia,Izhevsk,App,Paid Search,electronics,Smartphone Samsung,328.95,1,10,SBP,3,0,4.6,328.95
53088,1479,2024-05-27,Novosibirsk Oblast,Novosibirsk,Mobile,Social,home,Desk Lamp,51.4,4,3,Card,3,1,4.1,205.6
53089,1768,2024-05-28,Irkutsk Oblast,Irkutsk,Web,Email,kids,Toy Car,19.58,1,10,SBP,4,0,4.7,19.58
53090,1403,2024-05-29,Kemerovo Oblast,Kemerovo,Web,Email,sports,Bicycle Helmet,57.33,1,10,SBP,4,1,3.8,57.33
53091,1060,2024-05-30,Saratov Oblast,Saratov,App,Social,electronics,Laptop Lenovo IdeaPad,748.65,1,3,SBP,1,1,4.0,748.65
53092,1262,2024-05-31,Kemerovo Oblast,Kemerovo,Web,Marketplace,electronics,Laptop Lenovo IdeaPad,719.65,1,5,Cash,4,0,4.8,719.65
53093,1452,2024-06-01,Krasnodar Krai,Sochi,App,Organic Search,sports,Dumbbells Set,163.4,1,10,Credit,5,0,4.4,163.4
53094,1308,2024-06-02,Chelyabinsk Oblast,Chelyabinsk,Web,Marketplace,clothes,Zara Jacket,107.66,1,15,SBP,2,0,4.9,107.66
53095,1104,2024-06-03,Samara Oblast,Samara,Mobile,Social,home,Vacuum Cleaner,207.86,1,10,Credit,2,0,4.7,207.86
53096,1102,2024-06-04,Orenburg Oblast,Orenburg,App,Marketplace,auto,Car Vacuum,53.18,3,7,SBP,4,0,4.1,159.54
53097,1837,2024-06-05,Saratov Oblast,Saratov,App,Email,sports,Yoga Mat,26.29,1,15,Credit,4,0,4.7,26.29
53098,1805,2024-06-06,Perm Krai,Perm,Web,Organic Search,auto,Car Vacuum,58.67,1,10,Card,4,0,4.8,58.67
53099,1787,2024-06-07,Rostov Oblast,Rostov-on-Don,App,Paid Search,beauty,Makeup Palette,49.42,2,10,Card,5,0,4.2,98.84
53100,1221,2024-06-08,Bashkortostan,Ufa,Mobile,Email,electronics,Smartphone Samsung,422.94,2,15,Credit,3,1,4.2,845.88
